,TRACT,hurs,time,ppt,tmax,tmean,tmin,twbs
0,77565,71.8528698906402,2026-01-05,0.0,21.907826775214208,16.463100531582086,11.018167038724567,13.238278691428132
1,77565,77.25229983189884,2026-01-12,0.284556320955155,23.08987711949154,19.119752804701108,15.149371595496968,16.53799259583631
2,77565,51.591630029988316,2026-01-19,0.0,16.17610028778817,11.4342014277231,6.692463079018267,6.546894655411099
3,77565,89.05542040197977,2026-01-26,10.31197908502658,14.711123307374244,11.581232690329724,8.451297293919907,10.490713776354076
4,77565,66.3276541333444,2026-02-02,0.0,10.486504760360935,6.181351666784614,1.876406561352705,3.131715628536893
5,77565,72.07589640025992,2026-02-09,3.001593918927335,20.129979653756013,14.896607025089775,9.663299256000318,11.75658550643852
6,77565,85.609404848813,2026-02-16,3.247150331953503,22.818661413558644,18.91632221575885,15.013950709070924,17.17075834034663
7,77565,72.91498182590038,2026-02-23,0.0,23.642680133485914,19.511782967192968,15.380889885532572,16.31074416947417
8,77565,72.05570537886828,2026-03-02,0.0,23.076197328107767,18.627665264022355,14.179016565123655,15.341390548608047
9,77565,86.74325485594063,2026-03-09,12.111501179154628,25.21248229894147,22.87480116518665,20.53744751473616,21.169200678932075
10,77565,74.21869172333432,2026-03-16,1.373248961684647,24.87382073706393,19.964601355355896,15.05520486014489,16.85927648315139
11,77565,63.18732817244264,2026-03-23,0.0,21.902959906298808,17.14991967263535,12.396731395925496,13.117846355003586
12,77565,74.78254426082945,2026-03-30,0.0,26.04704030057803,22.034107023133092,18.021202660044963,18.820556236445444
13,77565,78.44355813741718,2026-04-06,1.711327351441396,26.058180729521734,23.431042697599374,20.803897506825695,20.643045032463032
14,77565,71.8613731239048,2026-04-13,0.23791892727514,25.07595089685908,22.288666007620776,19.50117959645038,18.716132522476148
15,77565,76.3870400392353,2026-04-20,9.635597349358111,26.842709195915,23.266671415001245,19.690509057031775,20.22275735511832
16,77565,82.89060814318448,2026-04-27,3.795577032074598,26.076274798120824,23.721775341226312,21.367055917506484,21.495262808735834
17,77565,73.93319658002868,2026-05-04,13.366290063479449,26.824598779646465,23.357388927257077,19.89011761439866,19.95914973582597
18,77565,86.040945868529,2026-05-11,0.759743905480582,27.1998961462218,23.89139734932942,20.583038561956233,22.061521809297282
19,77565,75.28903093387206,2026-05-18,0.10087616486866,28.908399568903484,25.549104308060187,22.18978082739117,22.19510487801731
20,77565,85.62219014133042,2026-05-25,21.11520171511711,27.95330457184081,24.859563388957277,21.765758119167778,22.95884092829014
21,77565,79.13768175961106,2026-06-01,5.697954446941956,30.054540851100523,26.24892878460772,22.443279322886937,23.379673002322946
22,77565,83.35498613978766,2026-06-08,22.766402840524346,30.03503631743991,27.385606201634626,24.735777969776706,25.090224111577786
23,77565,78.47881283474922,2026-06-15,0.598512207084398,31.717703081568324,29.33758313716125,26.95771057970711,26.265914524590034
24,77565,87.54637183125499,2026-06-22,39.48120752267024,30.28909955567485,27.707792149875903,25.127039640537262,25.986833402483995
25,77565,75.43099408813265,2026-06-29,0.0,32.67131272397707,29.621198561788468,26.571339159625268,26.075254809907353
34,77573,69.6761217671345,2026-01-05,0.0,23.336756526942587,16.09438857151994,8.851924360929523,12.630912445883652
35,77573,76.30820037360591,2026-01-12,0.555134049077256,23.811903039038103,18.714486309161945,13.617037052051309,16.04489020012761
36,77573,50.953939293187574,2026-01-19,0.0,17.2739141087165,10.702728060622933,4.131546005202507,5.867035829832923
37,77573,85.31518211958145,2026-01-26,9.72370098981014,15.866269813848833,11.674286315497453,7.482404520707252,10.193309880738752
38,77573,63.40929038192072,2026-02-02,0.0,12.140069982694806,6.001538330378605,-0.13695585125,2.733578381678684
39,77573,70.79980443510244,2026-02-09,4.217273384993626,21.592073627305595,14.68956751582108,7.787082968786169,11.415828626656348
40,77573,83.03619898067791,2026-02-16,3.291428792664424,24.322544864098795,19.07003046680286,13.817490326226329,17.010968093018768
41,77573,71.92029259428007,2026-02-23,0.0,24.45126317536162,19.286221257099943,14.121149609457808,15.987855907122425
42,77573,70.9087275982061,2026-03-02,0.0,24.218750293813095,18.307065855794388,12.395543790660309,14.908702260770946
43,77573,83.91664341637075,2026-03-09,6.779599220114777,26.05528043503687,23.03468479475873,20.01405514057293,20.947582958974596
44,77573,72.72279095540486,2026-03-16,1.071376167793375,25.479488251625863,19.78033487692172,14.081337606570681,16.499419026760215
45,77573,61.99878641539941,2026-03-23,0.0,22.767935981336063,16.855974911986024,10.943960805668624,12.716769616258157
46,77573,73.26846773309376,2026-03-30,0.0,27.181714552799452,21.87626590986199,16.570806727042225,18.475142016564636
47,77573,77.3550933445238,2026-04-06,2.768104012681291,26.805950683858182,23.265900609321033,19.72587247081469,20.33661931616165
48,77573,71.81966386377331,2026-04-13,1.779366903729664,25.806430248905045,21.996133371492892,18.185813677949223,18.443389762152606
49,77573,76.63730705380324,2026-04-20,9.836347842492493,27.53092764504628,22.94741004527456,18.36396330590316,19.95518972961261
50,77573,83.07865555559133,2026-04-27,4.546871112431918,26.679114812252784,23.46401442445977,20.24888012614722,21.25706473471189
51,77573,73.54850039657583,2026-05-04,11.592932646035576,27.605667880070406,23.148001530664224,18.690324755037953,19.703713452258278
52,77573,82.86353734734831,2026-05-11,0.382082937403563,28.166193479076078,24.169534852470065,20.1728442852142,21.89728354691855
53,77573,73.90191384431498,2026-05-18,0.129880312101383,29.94252391393208,25.50402454574752,21.065416523470155,21.95416243039796
54,77573,83.28946441746992,2026-05-25,20.775245512780273,28.88772683952372,24.975372784909627,21.06299824129145,22.752572336850417
55,77573,77.25130807318703,2026-06-01,5.223277424840422,31.128225024923395,26.295903806882983,21.463680829645774,23.15038078624948
56,77573,81.35263175842263,2026-06-08,14.01747368623551,30.858339606024987,27.533873579912132,24.209429494018266,24.949031449545696
57,77573,77.78435828957926,2026-06-15,0.340852470255478,32.518507837076946,29.22022070423771,25.921896678196088,26.049387620818294
58,77573,86.62408786731021,2026-06-22,35.4646944471634,30.791019488717698,27.64576453322045,24.500545437838632,25.79557025378477
59,77573,75.5526803740336,2026-06-29,0.0,33.353173310399356,29.33266433752836,25.312254213268663,25.820015661009265
68,77362,69.578709697663,2026-01-05,0.0,22.59845226806134,14.530962796589426,6.463591466450284,11.170443258483502
69,77362,76.38330940578818,2026-01-12,1.358972717617841,23.599997572277665,17.793873912296352,11.987652226698636,15.131870249446203
70,77362,51.795107649947305,2026-01-19,0.436637631796632,16.534902602457947,9.690968406205064,2.847057886803964,5.052694360304342
71,77362,84.24273704614993,2026-01-26,6.762824085055009,14.84772850446963,10.317690609297486,5.787490606978349,8.762163976223693
72,77362,62.3222102469631,2026-02-02,0.0,11.49960080250533,4.2708601262333,-2.957705493580807,1.038960699677375
73,77362,69.31242208439687,2026-02-09,3.073170381110669,22.473831586767492,13.614724605607554,4.75566198555468,10.2365320413227
74,77362,79.13546950961938,2026-02-16,3.698915874862515,24.66188745026973,18.43904929764265,12.216151022190568,15.906509491424188
75,77362,71.07924582289826,2026-02-23,0.0,24.38048624404675,17.796702446420866,11.213048273787107,14.53605189847288
76,77362,65.46638708968705,2026-03-02,0.0,25.656144831916656,17.61217989346793,9.567950552189695,13.587864588038366
77,77362,75.39648454862655,2026-03-09,4.96566125400744,27.82808497116626,23.51723238014692,19.206351145097607,20.219472770921353
78,77362,69.67480333665056,2026-03-16,4.117349610140786,26.6227512496771,19.028044948668352,11.43329860335386,15.404434599291076
79,77362,58.599326678086996,2026-03-23,0.0,24.02037838908622,16.181604309279166,8.343020358194488,11.70471048382269
80,77362,67.51554826672431,2026-03-30,0.0,28.334864526197762,21.74141659465578,15.148162378414964,17.593410751418926
81,77362,73.5066438482207,2026-04-06,2.628183906642872,27.091475684988975,22.579778655822874,18.068172713649563,19.158023456153625
82,77362,71.75676877528714,2026-04-13,7.067453681185138,25.89076642264884,20.584178085077237,15.27765428190448,17.126538764395608
83,77362,73.1230480119848,2026-04-20,1.829528027399373,28.10259534523116,22.770410615768007,17.438237766603127,19.302231993744883
84,77362,79.27850777307276,2026-04-27,5.405739748045029,26.96386483204267,23.218919294474265,19.473990715003236,20.476321617563524
85,77362,76.47152470168021,2026-05-04,13.459183018331277,27.008669079326094,21.869590446610783,16.730377029786546,18.797803175522972
86,77362,80.63838424543711,2026-05-11,2.914997448036007,28.74754377318556,23.383547074926224,18.0194693186895,20.855724499392583
87,77362,70.88843869144715,2026-05-18,0.07425084321773,30.64494843843864,25.272285262166204,19.899936112440862,21.313095831801377
88,77362,79.84488148194586,2026-05-25,6.477239692085101,29.880623430495337,24.8159525758161,19.75116928197847,22.114501166566317
89,77362,77.34652516802328,2026-06-01,3.376656038407413,31.159300865859457,25.62863032525821,20.097843913898057,22.50750452261048
90,77362,80.73024840879928,2026-06-08,8.357693400746147,31.209046055939446,27.030101541732936,22.850951491121144,24.364817137017603
91,77362,75.99843408235738,2026-06-15,2.028292091257089,33.680076320194985,29.0165093177922,24.352703160960182,25.587023375063133
92,77362,84.95727450066289,2026-06-22,18.524529126739083,31.207251452489267,27.37779814346333,23.548130481854464,25.296572181627468
93,77362,71.42508125961307,2026-06-29,0.0,34.5578434476475,29.570479615490722,24.583148849209397,25.41444044765158
102,77010,63.75482948440474,2026-01-05,0.0,23.333782574632657,16.875997696101752,10.418148225172546,12.706246253658673
103,77010,74.13028013880572,2026-01-12,0.987511979151357,23.820121558368594,18.9155724828356,14.010621431127014,15.968241061886069
104,77010,46.232325230273595,2026-01-19,0.062596446296936,17.085480592990145,11.51904014992289,5.95264520094219,6.090295820173822
105,77010,80.58000237651912,2026-01-26,7.985969636139935,15.89626167375955,12.113008249048217,8.32964018412649,10.106980737038077
106,77010,58.89916082128256,2026-02-02,0.0,12.410004515970556,6.302927504098764,0.196051238003363,2.63519795916394
107,77010,63.710538988028986,2026-02-09,3.103565590770365,22.452890323468715,15.752722625901526,9.052383417840014,11.581825251325519
108,77010,77.27286155145093,2026-02-16,4.139917386266842,25.031653738087453,19.86011603278287,14.688333401884378,17.054949957601593
109,77010,66.71035063152354,2026-02-23,0.0,24.910048006745853,19.847430187185935,14.784587449050068,15.87734633423525
110,77010,62.90480446604739,2026-03-02,0.0,25.219062559851903,19.421267564792004,13.623538655433485,14.937774057269202
111,77010,77.99431256054477,2026-03-09,16.323354397383298,27.14143806366,23.732260114136416,20.32273145807066,20.82142688165175
112,77010,66.57312017106184,2026-03-16,2.517723164392761,26.324131144871963,20.395043444396443,14.466030903943409,16.286941731874137
113,77010,55.22433797691538,2026-03-23,0.0,23.69926490714344,17.804345065037634,11.90905806140077,12.747999749727558
114,77010,65.72043127445457,2026-03-30,0.0,28.00811400806555,22.928882577464016,17.84968138179014,18.447531609633174
115,77010,72.93680104012617,2026-04-06,4.731613249940992,26.785940848269554,23.295307595264774,19.804656717031772,19.769446182843716
116,77010,68.56725142475877,2026-04-13,1.760937329763361,25.615274749234636,21.789589915305527,17.96412172733673,17.822525021841784
117,77010,72.57461119535122,2026-04-20,7.563812623120061,27.734135527087517,23.024239977023328,18.314243912714694,19.47927788122497
118,77010,78.82872029812064,2026-04-27,3.968302875249325,26.86382924594635,23.588524749709745,20.312859235880868,20.79197764508103
119,77010,70.53289372602279,2026-05-04,13.326017711678348,27.750356996027808,23.170986201457456,18.591496288351564,19.286572146441543
120,77010,78.75151077084136,2026-05-11,1.78419804527827,28.84199078886536,24.453155106998963,20.064492324957826,21.604375740251324
121,77010,68.15132478653747,2026-05-18,0.042040339443623,30.621197423206773,26.336057749476485,22.05098242266894,21.893983257646425
122,77010,80.02283143974975,2026-05-25,13.853995038163422,29.413307332742853,25.19925136377466,20.985102607114268,22.51470142849442
123,77010,73.25211907122797,2026-06-01,3.475690414743283,31.50205934465003,26.822241054760312,22.14267823967964,23.052931655633206
124,77010,80.2973044320203,2026-06-08,15.013403811112529,30.842745575195558,27.528520360860465,24.21449550039776,24.77593171782039
125,77010,75.20154539304347,2026-06-15,1.428065044109605,32.93081838061249,29.570033548580945,26.209210228210708,25.990458990866138
126,77010,84.57414685810593,2026-06-22,12.366687938366226,31.191770954997622,27.923255393658415,24.65446150370343,25.764012023208586
127,77010,70.07123350010208,2026-06-29,0.0,34.185171636233534,30.245204764915854,26.30521378334382,25.835094529232464
136,77546,70.014217947827,2026-01-05,0.0,23.1583115555182,15.974945254823083,8.791621375265986,12.56410755195544
137,77546,76.89117181293429,2026-01-12,0.277838425546559,23.627643312314984,18.60522746627126,13.582680264476835,16.01755116731439
138,77546,50.498967100155795,2026-01-19,0.029832286883934,17.150168409166692,10.754045681066325,4.357911132081585,5.865510525482394
139,77546,86.7386638345867,2026-01-26,8.620865046329829,15.60103310245691,11.499017815359277,7.397042989421326,10.166532634326689
140,77546,63.13111129052091,2026-02-02,0.0,12.177887594147238,5.920262608107876,-0.337370845115835,2.637423638746374
141,77546,68.87382496879435,2026-02-09,4.242454174259857,21.651758346253366,14.781052439050088,7.910211887233181,11.289937093503928
142,77546,82.29697602646353,2026-02-16,3.483795905059287,24.376245141930315,19.03350658100682,13.690721757149152,16.88541576290456
143,77546,70.5475367695559,2026-02-23,0.0,24.58190119550611,19.35567802997581,14.129351937407431,15.882383863163016
144,77546,69.79602902317203,2026-03-02,0.0,24.427572524875398,18.217740008672447,12.007801329851896,14.693237839552687
145,77546,83.05506057612348,2026-03-09,7.977553371208796,26.28392501017607,23.1235856834036,19.963234740258816,20.918805756824085
146,77546,71.69246059767508,2026-03-16,0.966284059769669,25.612630123312194,19.760332960347217,13.908068440043994,16.353162873631817
147,77546,60.65213057814046,2026-03-23,0.0,23.01142354455037,16.857528156437596,10.70363774365093,12.559014938921445
148,77546,72.45358024192645,2026-03-30,0.0,27.319096609227497,21.81103686491457,16.30295666798584,18.306132221426036
149,77546,76.74139848406026,2026-04-06,4.427013228218359,26.913928595030733,23.212535396942243,19.51111253446727,20.205211705660194
150,77546,71.99084152847621,2026-04-13,2.523373899383218,25.62830549906538,21.779254858438254,17.930143990037923,18.26515747943218
151,77546,76.3758146784097,2026-04-20,12.103390529959178,27.64397158706087,22.85791311211257,18.071736543071797,19.837787533541682
152,77546,83.28104773501454,2026-04-27,4.431985665083386,26.65081478106364,23.365101731949032,20.079289448294922,21.18150781403013
153,77546,73.51052489125931,2026-05-04,11.983908751625982,27.688739555243163,23.048882933926947,18.408993821861017,19.605503060643006
154,77546,82.50636318950784,2026-05-11,0.42463013965917,28.243478538500938,24.11294354337958,19.982319952808858,21.792624252951477
155,77546,73.00942405262732,2026-05-18,0.079264348148137,30.092306173850165,25.489401512997844,20.88647415499322,21.814330267593988
156,77546,83.16852390661626,2026-05-25,16.84433660040137,28.917618834303614,24.89473991616083,20.871777796015962,22.6573679903994
157,77546,76.98137155124813,2026-06-01,3.516179419142946,31.1337701600786,26.21660881808147,21.299454118626933,23.038030728050604
158,77546,81.61569907350116,2026-06-08,11.780426494690337,30.77778713876863,27.407398802176104,24.036989158265122,24.86623867726964
159,77546,77.87468541292414,2026-06-15,0.370558056979015,32.44708085449833,29.096517224262502,25.74595620375839,25.94500130650494
160,77546,86.58449009887731,2026-06-22,36.23598882628474,30.702434309398846,27.611311796777642,24.520174141415794,25.756461535375625
161,77546,75.10477083763786,2026-06-29,0.0,33.34977217616777,29.281887292588635,25.213885338406467,25.70364422894364
170,77503,67.97348786989413,2026-01-05,0.0,22.917715821632292,16.475814118213663,10.033889636141982,12.805921299509025
171,77503,76.16123245329112,2026-01-12,0.442916063006024,23.602534818297574,18.802063515766495,14.001561785525793,16.096670772557715
172,77503,48.337614925482946,2026-01-19,0.0,17.021417560016054,11.529753167729393,6.038110546262097,6.314980446602836
173,77503,84.20804898441517,2026-01-26,7.360292008389837,15.525020868364773,11.703781502099979,7.882560838070789,10.089152126441462
174,77503,61.76214002953256,2026-02-02,0.0,11.959326670510794,6.204990223780071,0.450694852444258,2.784881949751206
175,77503,66.71559713320345,2026-02-09,4.036146926906443,21.663354748567848,15.420813011647482,9.178269985518153,11.622379305283449
176,77503,80.84587847613682,2026-02-16,4.407555970669455,24.210446202391854,19.35230934559958,14.494130943515554,17.012285335110573
177,77503,70.18045120136294,2026-02-23,0.0,24.249292651312135,19.492711111293296,14.736100268979623,15.972477564936193
178,77503,67.04154992331821,2026-03-02,0.0,24.35141219016919,18.900650023425452,13.449852221904546,14.97454766257061
179,77503,82.79339557743845,2026-03-09,8.461792101261718,26.168338932467044,23.213876708537434,20.259331323048922,20.973449701507203
180,77503,70.68648300853665,2026-03-16,1.643672284564767,25.715681338143362,20.122387392865445,14.529022322148442,16.561719553408267
181,77503,59.18831866537563,2026-03-23,0.0,22.949262467018126,17.391561549600794,11.833851362663184,12.858560410009957
182,77503,71.21695675048707,2026-03-30,0.0,27.04252060903014,22.204180841887442,17.365817041946936,18.507203364006635
183,77503,76.92102195690767,2026-04-06,2.363203979997968,26.399518272126574,23.179281136794025,19.959016532761886,20.197296862449885
184,77503,71.28081113535995,2026-04-13,1.639228629302467,25.109925426753474,21.775539162111023,18.441140879466246,18.168416088332293
185,77503,76.09537243947034,2026-04-20,9.67196372247926,27.172609800298005,22.84860738499102,18.524606571654115,19.78407289712202
186,77503,82.5280259696243,2026-04-27,3.719467714215964,26.201987824717424,23.347396211820307,20.492646600171007,21.077071639197875
187,77503,73.60792459212372,2026-05-04,11.510854344927587,27.31017626588326,23.050358594544427,18.790494441482895,19.60862052882272
188,77503,82.21230101074208,2026-05-11,0.948535541259219,28.18957764099103,24.122099848884737,20.054621130110895,21.764142816069636
189,77503,71.4109796071663,2026-05-18,0.257501137316741,29.940758121442908,25.9415813663659,21.942301478112302,22.0031905526475
190,77503,83.21091812951062,2026-05-25,10.661511741768397,28.776968097503843,24.898110395440447,21.01920635828275,22.665880771324783
191,77503,76.82983393600064,2026-06-01,4.177601322142186,30.78868928686974,26.421447825418255,22.054088382065476,23.206986203548865
192,77503,82.60756902988173,2026-06-08,18.440341969632886,30.338448443099345,27.268835658278185,24.199164300535088,24.868873894803922
193,77503,77.52825697303601,2026-06-15,0.295302642643254,32.16475586127954,29.3311210289646,26.49749702249204,26.117043669849846
194,77503,86.81579930456674,2026-06-22,20.618886574425016,30.721725793149126,27.635973699826458,24.550238385026635,25.810214146337067
195,77503,73.28816905982283,2026-06-29,0.0,33.50685779102571,29.836984046771256,26.167112895206767,25.951127446823467
204,77535,71.43352062432156,2026-01-05,0.0,22.434951816773523,14.961529316597078,7.488066721285723,11.772730170194906
205,77535,78.94372465119442,2026-01-12,1.96368265846391,23.06119334138594,17.868198966987777,12.675143800612352,15.52337150989952
206,77535,52.248922696207906,2026-01-19,0.24505398062146,16.335471411222603,9.805605243958437,3.275776582750832,5.203541421123824
207,77535,86.50174676754587,2026-01-26,7.323857597505557,14.809664122641456,10.46898244675895,6.128358033604828,9.144341197595013
208,77535,65.54062563125812,2026-02-02,0.003673205008503,11.158085910679972,4.402689952432583,-2.35267909702434,1.424421797404773
209,77535,70.48432397639966,2026-02-09,4.479044158120512,21.498553070361766,14.019208451737931,6.539868821628763,10.721405730953698
210,77535,82.56617875111522,2026-02-16,3.963549657581753,24.00504261799198,18.44099304409284,12.876833004405368,16.33791256860439
211,77535,72.67186115880682,2026-02-23,0.0,23.834633470657643,18.472428983829886,13.110172728045228,15.345130704139672
212,77535,68.51970103201707,2026-03-02,0.0,24.289555090950778,17.626744266236283,10.963879138264529,13.977905674174247
213,77535,83.02845402083605,2026-03-09,9.625803243047294,26.12419005382894,22.799443162709537,19.474637125089934,20.598499208629367
214,77535,72.91485982673865,2026-03-16,3.455527773045703,25.374447502923402,19.322240871515504,13.270092967895573,16.087658553057654
215,77535,61.71033604180654,2026-03-23,0.0,22.902404397832967,16.28290935151735,9.663258525156841,12.155500752844912
216,77535,71.98919902369423,2026-03-30,0.0,27.236465761472363,21.412211173288224,15.587894069345799,17.876746278060004
217,77535,78.111764190254,2026-04-06,5.930620451118013,26.322096164625403,22.49098879022717,18.65984889495778,19.691212764710375
218,77535,71.57873683087969,2026-04-13,9.204871509152966,25.800260208937484,21.063787861510036,16.327306290158717,17.545895576371997
219,77535,76.97211340126151,2026-04-20,4.808484416865731,27.169824402530303,22.294616312161544,17.419357629599517,19.36773949964529
220,77535,82.18325250498073,2026-04-27,4.119294447989225,26.471626097758715,22.961982468080198,19.452328399466197,20.65365675468174
221,77535,75.74647596874848,2026-05-04,12.311200104523975,27.02728283974772,22.314012664823956,17.60077646732259,19.176275809587374
222,77535,84.54669740157591,2026-05-11,3.536639774660157,27.807010991350072,23.29047249858325,18.77400303729007,21.274473266200953
223,77535,74.84817398055436,2026-05-18,0.975635250623716,29.37454652096147,24.91394898419589,20.453369528844586,21.524973207799558
224,77535,84.61666317095236,2026-05-25,14.658550560673664,28.43191565543601,24.364744386673316,20.297586158911663,22.33783860239545
225,77535,78.91336810736054,2026-06-01,3.379985106793783,30.506140134232425,25.759749987080017,21.013259741853624,22.869690793888033
226,77535,83.5400472404044,2026-06-08,12.355527963377417,30.1953904054052,26.728512704319293,23.26155435794999,24.477623580377596
227,77535,80.3945426411109,2026-06-15,5.434347652787133,32.03122760092476,28.39523031597434,24.75927170230719,25.64292604498056
228,77535,88.01819432295036,2026-06-22,20.153149865620378,30.271257899204222,27.110452432952485,23.94970015914051,25.475340595908367
229,77535,74.49948068538099,2026-06-29,0.0,33.375735142526565,29.259550182055396,25.143351749463218,25.58865951027647
238,77336,71.34526285773666,2026-01-05,0.0,22.41523586897018,14.728826557902018,7.042377856867448,11.54145555249727
239,77336,78.63453186451848,2026-01-12,3.810382362599161,23.176293449069625,17.77538488451949,12.374442552856369,15.393360603315614
240,77336,52.82981180970968,2026-01-19,0.337758532724683,16.325409001112483,9.51155076204684,2.697678618934358,4.99798812435295
241,77336,86.41503287970816,2026-01-26,6.929156943080564,14.714602973626311,10.2709704066562,5.827324421682637,8.946091443925518
242,77336,64.66671201103424,2026-02-02,0.0,11.407369379925363,4.351836022686303,-2.703660739554815,1.309267384717883
243,77336,69.74980602170028,2026-02-09,4.622511683009163,22.010559148298384,14.02752039928711,6.044469835152134,10.649796363715392
244,77336,81.44636259242219,2026-02-16,4.193776529798489,24.472400013869112,18.510737389823305,12.549016756664592,16.26684124264593
245,77336,71.35491324747389,2026-02-23,0.0,24.332084410364388,18.54595068829758,12.759781572260682,15.250892658533576
246,77336,67.19723471346077,2026-03-02,0.0,24.856714156847197,17.750788919239476,10.644862844516473,13.93023426804627
247,77336,80.98627506473332,2026-03-09,9.811307647544549,26.66891834096878,22.98169009395344,19.29445433076167,20.4999818029777
248,77336,71.68118619991533,2026-03-16,3.154418134656114,25.979000191546298,19.34848636893567,12.71792753755367,15.955458758971572
249,77336,60.92583188098422,2026-03-23,0.0,23.554876001246456,16.221858660435892,8.8887635008685,12.006209087157332
250,77336,70.45059838008308,2026-03-30,0.0,27.971038279157334,21.536269952948707,15.101438667407013,17.792219984206334
251,77336,77.70966495986143,2026-04-06,6.439412177895031,26.483494194549408,22.33799999516357,18.192492160433055,19.491300892207775
252,77336,71.57340859581328,2026-04-13,10.593048934814938,26.063231056708975,20.914246513361597,15.765235845490958,17.406964097477346
253,77336,76.66686259624514,2026-04-20,3.251235886076167,27.527858913382772,22.22872186868406,16.92954266966056,19.26764993824382
254,77336,81.65442417489292,2026-04-27,4.908534116363214,26.85939406679371,22.95105408200979,19.042651199547137,20.560986015244744
255,77336,75.45325665750636,2026-05-04,13.119388707027753,27.39239171676762,22.25891147165066,17.125404128215685,19.070395428038026
256,77336,82.94489910994037,2026-05-11,3.775824532273097,28.447313981276288,23.437629326877108,18.42792858070566,21.20560199834425
257,77336,73.44933484788675,2026-05-18,0.351843458188783,30.107325969978394,25.089245399304488,20.071121205410172,21.4950422274946
258,77336,82.90960860479407,2026-05-25,12.147059202347375,29.149669639707618,24.577421466166243,20.00509588915299,22.310736767823798
259,77336,77.59097046765993,2026-06-01,3.244059836020713,31.164474627689714,25.93973937545499,20.714984147563293,22.848899018523987
260,77336,82.44335462949229,2026-06-08,12.294860850582609,30.72279398178893,26.851411320440633,22.97999317999993,24.438657139857142
261,77336,79.04745550422524,2026-06-15,6.458061926907932,32.85758983238537,28.574135884234373,24.290657337954965,25.61671379190981
262,77336,87.10766553218305,2026-06-22,20.68316312785196,30.69774604572993,27.189300397132158,23.68081850102221,25.418313256124044
263,77336,72.78112147019947,2026-06-29,0.0,34.25086085100428,29.542092409881846,24.83330313281768,25.593356289904804
272,77355,69.88686947459018,2026-01-05,0.0,22.655469253485407,14.428626232344552,6.201906766233985,11.106032568465414
273,77355,76.54143146296425,2026-01-12,1.351346937615266,23.654543446130667,17.7006197751588,11.74661115665303,15.060178993231
274,77355,52.11154706757748,2026-01-19,0.435034842654464,16.653955817627573,9.56726425393792,2.480474401933439,4.97699272336227
275,77355,83.94925977692692,2026-01-26,6.658215103177007,14.87451100545869,10.343451110736261,5.812555202107522,8.748510131278579
276,77355,62.30387529678452,2026-02-02,0.0,11.717257873643245,4.326430589017109,-3.064515656674019,1.087997729499126
277,77355,67.72163468848515,2026-02-09,2.568228693486564,23.0293681446138,13.938723340932146,4.847804583719109,10.369450147086487
278,77355,77.87037569583215,2026-02-16,2.666724884099959,25.037982748644087,18.705097247661993,12.372152519933534,16.00926707664506
279,77355,69.8148887962168,2026-02-23,0.0,24.995808549744794,18.12835161822258,11.260682539569954,14.689826851661339
280,77355,63.93680570671475,2026-03-02,0.0,26.233609644011242,18.033364189320814,9.833310098506674,13.784185364009458
281,77355,73.5060786910737,2026-03-09,4.950051661914544,28.154290372306086,23.864304161740275,19.574030041048033,20.290107697750344
282,77355,68.23678552437595,2026-03-16,4.23330691612592,27.033581466957305,19.321942822825356,11.610424310301795,15.498019634281263
283,77355,57.50749142082062,2026-03-23,0.0,24.425911198776028,16.420274374385198,8.414423363151657,11.78885101012538
284,77355,66.31639427024267,2026-03-30,0.0,28.672727459235862,21.98523906164726,15.29769615967082,17.65667020946083
285,77355,72.3872903373899,2026-04-06,2.920805540560474,27.431774532790673,22.851908655775752,18.27184557764396,19.262076093788718
286,77355,70.7459578269148,2026-04-13,6.977096525545441,26.232257599251273,20.808564833398087,15.38470257265465,17.20690916598695
287,77355,71.62359556779325,2026-04-20,2.020961298309767,28.510075683473325,23.13077555520358,17.751340557253677,19.439929421837498
288,77355,77.7628318773854,2026-04-27,5.639814981268459,27.363012182585557,23.55879456750879,19.75465594857354,20.599131793654188
289,77355,75.20737591704707,2026-05-04,13.833609588893422,27.297818701138485,22.161212775905323,17.024554818018256,18.907907257654248
290,77355,79.48438491299802,2026-05-11,3.561818313679882,29.011973704914315,23.645515617571252,18.278921781690208,20.953740432801684
291,77355,70.02975205232123,2026-05-18,0.07834633931297,30.97392459897658,25.520421010293948,20.06690049362421,21.42317422244484
292,77355,78.61468682842117,2026-05-25,5.987123066174684,30.224452525070294,25.108498502858087,19.992516057125357,22.225433172387508
293,77355,76.19220708169026,2026-06-01,3.484915061269173,31.471189816339685,25.904124857454143,20.337114345457405,22.608674734159802
294,77355,79.31708130733986,2026-06-08,7.919551719786195,31.525118172360337,27.36127484274415,23.197491147601173,24.479847952452577
295,77355,74.84488976381108,2026-06-15,2.243704764883794,34.0191951965282,29.311963206542906,24.604711695934892,25.692735690092395
296,77355,83.7698728042581,2026-06-22,17.036580967741234,31.41171888122592,27.641761439715822,23.871648002837617,25.382970232088596
297,77355,70.63396855850107,2026-06-29,0.0,34.799172255149294,29.824958411484445,24.85063221404433,25.529934451981095
306,77007,64.17630531670936,2026-01-05,0.0,23.26979353379707,16.73000426291636,10.190098080071465,12.62237631942267
307,77007,74.15442274774759,2026-01-12,1.116304317393171,23.799705529115954,18.86678596476375,13.93386694035641,15.925215063358976
308,77007,45.989393550029305,2026-01-19,0.17374122816172,16.91075596913207,11.447795469701976,5.98485873537815,6.007071868672475
309,77007,81.0427397447252,2026-01-26,7.074967663435606,15.77867510969639,11.997252993470514,8.215776965218051,10.049782031295777
310,77007,58.70641345991284,2026-02-02,0.0,12.433514356297227,6.316730365296992,0.199998149278577,2.629558756220461
311,77007,62.62035435798734,2026-02-09,2.260116519119526,22.958044374452,15.971316042135165,8.984605500258105,11.65140506852898
312,77007,76.26708219893655,2026-02-16,4.174712656639421,25.40197476184597,20.089118026817324,14.776235927387507,17.145640663396343
313,77007,65.73462793203545,2026-02-23,0.0,25.30928754987511,20.131167914625614,14.952980751385208,16.015952932341087
314,77007,62.025963233021685,2026-03-02,0.0,25.650769412131886,19.64015378963461,13.629532588561158,15.026044910170974
315,77007,76.8561626317532,2026-03-09,11.261141797695435,27.50547813464079,24.002628647319533,20.49969869179201,20.920975543153297
316,77007,66.02914998424876,2026-03-16,2.794598226980069,26.666870479811884,20.592180337400773,14.517483755034004,16.398610958563342
317,77007,54.2644600239797,2026-03-23,0.0,24.11977751208523,18.027566487582295,11.935357367014792,12.823590644643026
318,77007,64.59345020695412,2026-03-30,0.0,28.428255813590287,23.173245671860677,17.918178138791006,18.517819525352365
319,77007,71.78765832662017,2026-04-06,3.55207633144235,27.10906790464988,23.609801773957916,20.11042886179932,19.908852771281964
320,77007,68.09669085544569,2026-04-13,3.014525556469084,25.894100494661316,21.962981795825083,18.03184509030599,17.917649798841886
321,77007,71.76488687923688,2026-04-20,5.94907498845474,27.96995890566731,23.31654185546277,18.66309275828685,19.64285785726625
322,77007,77.7998232832978,2026-04-27,4.457532422325926,27.1418536919246,23.88755650568846,20.633227764438054,20.93504710587041
323,77007,70.1823448099403,2026-05-04,12.051108029827724,27.923439377580316,23.31038214577074,18.697178577154133,19.361650544939998
324,77007,77.9859428971604,2026-05-11,3.038387716075313,29.05844247113859,24.63538632430143,20.212286986218736,21.673894354239106
325,77007,67.53804924561985,2026-05-18,0.021360292218077,30.840749043806625,26.470160034352414,22.09961818551195,21.927951113473604
326,77007,79.37345613097769,2026-05-25,15.860009066864365,29.647981501013273,25.35771471755212,21.06742556023093,22.57586130350898
327,77007,72.58098206472268,2026-06-01,4.060163189554054,31.73937897396253,26.97592628812623,22.212424218755274,23.095659716149854
328,77007,79.5962931601158,2026-06-08,13.75348098350546,31.11719158681785,27.715782269549308,24.314301067963328,24.850949622778035
329,77007,74.6003933774682,2026-06-15,4.059305093252309,33.1809914325175,29.71620551132905,26.25142127194944,26.03719044254825
330,77007,83.9507960976452,2026-06-22,16.113017362207295,31.428660692197973,28.069968284033543,24.711228804249874,25.81585448694095
331,77007,69.26989530838956,2026-06-29,0.0,34.447417332747236,30.4424155746973,26.437321626827288,25.892235746731362
340,77506,67.26666429553686,2026-01-05,0.0,22.779101008647796,16.468360796610593,10.157542748980807,12.720000205641428
341,77506,75.29226241872384,2026-01-12,0.440107266100205,23.582686738707615,18.891939123119613,14.20114377293481,16.077346660021462
342,77506,47.75382071726009,2026-01-19,0.0,16.987035423893722,11.609190945720593,6.231337819509309,6.323784042695933
343,77506,82.70794484255782,2026-01-26,6.444065410035905,15.611693860481756,11.872822764402507,8.1340079045734,10.096924300048325
344,77506,60.699002916592754,2026-02-02,0.0,12.107505032675652,6.286278539278607,0.465028359565696,2.770810763058018
345,77506,65.45727538370576,2026-02-09,3.435954696125114,21.95679126238821,15.580763586136044,9.204691032932276,11.625671852993214
346,77506,79.23988055856039,2026-02-16,4.223001909854704,24.445800640053495,19.568099820737263,14.690330697340812,17.0212620061725
347,77506,68.95537680623906,2026-02-23,0.0,24.350740620566004,19.621796522087614,14.892816032500345,15.935809437491194
348,77506,65.74172084082932,2026-03-02,0.0,24.517698996285205,19.03919681130057,13.56068346983973,14.939455396867833
349,77506,81.6850852857529,2026-03-09,7.95801752861715,26.388400292381274,23.362449448713576,20.33648769311127,20.968874065757433
350,77506,69.89689680614732,2026-03-16,1.446808819807828,25.67608880557989,20.099206026118278,14.522284843185389,16.43809385082602
351,77506,58.499549051332565,2026-03-23,0.0,22.99675917386973,17.40992511374741,11.823067186108545,12.790407661113171
352,77506,70.18915604394704,2026-03-30,0.0,27.161799692966568,22.29875316813824,17.435654587011,18.4611714758742
353,77506,76.36774111209606,2026-04-06,2.983012345875532,26.308901598201164,23.14177606992887,19.97459503324763,20.087144664880874
354,77506,70.95366898252125,2026-04-13,1.482094898345921,24.99982289679378,21.70494077081555,18.409916303461433,18.061201068109124
355,77506,75.60355964914083,2026-04-20,9.763338562853937,27.124427554697654,22.838699937593248,18.55292630278593,19.711033477820916
356,77506,81.81819778365782,2026-04-27,4.616362715077429,26.217245626991925,23.383734129445816,20.550248859763023,21.015305495636873
357,77506,73.27035480316303,2026-05-04,9.654804242118995,27.24693190159704,23.019895006258675,18.792838372196876,19.53167629200105
358,77506,81.33766518074194,2026-05-11,0.998075560244233,28.295008151147613,24.17468716617009,20.054398138470663,21.693310894020467
359,77506,70.61698202044236,2026-05-18,0.303476203411188,30.006162223091945,26.023558504506692,22.040898844673347,21.9662046235183
360,77506,82.4321962645032,2026-05-25,10.077385950219325,28.779815617562477,24.941967547115468,21.10400364221029,22.600538705048784
361,77506,75.86520995829308,2026-06-01,4.126552149115811,30.83861313328273,26.506949067631034,22.175238374182207,23.147674724515145
362,77506,82.01256439225372,2026-06-08,14.595428403665048,30.25875216316863,27.289426245870622,24.320073410238894,24.801472663734707
363,77506,76.89712043720749,2026-06-15,0.321898278065631,32.215645243404566,29.34144395751832,26.46725808292847,26.031998090975847
364,77506,85.99008473290071,2026-06-22,16.9020490819025,30.755680615575045,27.70512480480911,24.654495012918975,25.759793511904544
365,77506,72.54990673088972,2026-06-29,0.0,33.461167590544136,29.88010254577333,26.298993721233195,25.878455485578638
374,77006,63.07672061765132,2026-01-05,0.0,23.454852422601945,16.91807474834826,10.38131452979021,12.673425593743747
375,77006,73.92860169515566,2026-01-12,1.107392819845106,23.88739122805546,18.88688413404704,13.886257229849418,15.92279484296193
376,77006,44.86527472439129,2026-01-19,0.021094293361507,17.249926635477234,11.52760257549399,5.805101124330546,5.96089767105517
377,77006,80.0321262348862,2026-01-26,8.163577864087156,16.006505759104982,12.200964036283521,8.395391627517846,10.14114371440717
378,77006,57.93449804176563,2026-02-02,0.0,12.51202225383248,6.367708883210958,0.22335542059228,2.617791429917636
379,77006,62.87943924905515,2026-02-09,1.724192839754894,22.590746571819786,15.770974454211672,8.951135011364398,11.515942616315138
380,77006,77.16761581943966,2026-02-16,4.243362409097252,25.21697878967389,19.90535538677021,14.593662107495621,17.084263507207872
381,77006,66.47455296083753,2026-02-23,0.0,25.034833704106944,19.85655447800781,14.678143305881983,15.860132173175904
382,77006,62.12953489126267,2026-03-02,0.0,25.315967442752118,19.45864199206853,13.60135530200863,14.878398672305025
383,77006,76.56589994385112,2026-03-09,13.509460850511694,27.33438845779212,23.86239621267991,20.39025321914675,20.750449343923673
384,77006,65.50341791982056,2026-03-16,2.399957124484517,26.45729658023322,20.475853604666955,14.494199522713096,16.224890255082475
385,77006,54.16761609432581,2026-03-23,0.0,23.861316959843144,17.902979375687124,11.944621185053693,12.702117740677322
386,77006,64.42910847489355,2026-03-30,0.0,28.15807175483771,23.04397163818747,17.929990278446997,18.376815972499838
387,77006,71.6641656242795,2026-04-06,3.018375802682658,27.0365329368472,23.489811943270393,19.943032409765244,19.778790529283324
388,77006,67.73170911097986,2026-04-13,1.69621898146117,25.852707662649657,21.94435284345148,18.03597173650635,17.852336926054132
389,77006,71.57035807460608,2026-04-20,5.743668329305084,27.993933322945562,23.214279158029143,18.4346214484573,19.523576929946632
390,77006,77.98218713516354,2026-04-27,3.867028564719574,27.075229765401797,23.727925128488344,20.380536614344976,20.807077620764574
391,77006,69.75680633676764,2026-05-04,14.54041947430434,27.870847386499783,23.270318074218086,18.66966105009983,19.266296135189965
392,77006,78.54914963973386,2026-05-11,1.632723641384553,28.92346445071355,24.517333757414946,20.111083328753452,21.635506204148797
393,77006,67.75779636670799,2026-05-18,0.048863562617783,30.69784746748478,26.34241685839944,21.987024646279373,21.841463838306723
394,77006,79.81737669655658,2026-05-25,15.451149596966713,29.514749734011716,25.244709758601328,20.97463862019917,22.53059626793696
395,77006,72.99316781331933,2026-06-01,4.168112842172325,31.556735131383,26.813625689116364,22.070469211685168,23.00216053092839
396,77006,80.20479788842977,2026-06-08,11.732813056493672,30.960880920045213,27.57885917486038,24.196785208693107,24.809766624126052
397,77006,75.22599131575993,2026-06-15,2.139447938483328,32.97999237129742,29.546596304451572,26.113167665560606,25.971886876861667
398,77006,84.67546222398177,2026-06-22,12.014381729146061,31.256282403263164,27.950967661314973,24.645659439625785,25.804117894699072
399,77006,69.92974983576018,2026-06-29,0.0,34.26427361498752,30.24298670174489,26.221802449277106,25.81071368567875
408,77009,65.02130178533933,2026-01-05,0.0,23.116192771788242,16.627860458501445,10.139545680339237,12.620386826493283
409,77009,74.69186832054889,2026-01-12,0.886893680936893,23.663011463434145,18.792353882208374,13.92170204418984,15.912852292417064
410,77009,47.46199402844811,2026-01-19,0.136566100231196,16.72715348451786,11.295228714264415,5.863175505870259,6.026848382985124
411,77009,82.01132293115687,2026-01-26,7.583447960824405,15.579544719667132,11.799723069027438,8.019873189203196,9.953426174127388
412,77009,60.35663530178896,2026-02-02,0.0,12.077172427660715,6.024601157807921,-0.028004168689087,2.496718480829358
413,77009,64.27772767239306,2026-02-09,4.535654702424073,22.5051984023523,15.654509222289184,8.803732872498419,11.551638144238499
414,77009,78.11854891668523,2026-02-16,4.307113779373767,24.819865097236473,19.718818661123436,14.617665202389244,17.02194582731345
415,77009,67.55118238362283,2026-02-23,0.0,24.755500662493013,19.76887662547721,14.782189062175926,15.912619714652886
416,77009,63.46153329877481,2026-03-02,0.0,25.19242734156358,19.345292928253503,13.498007862741353,14.942586943991836
417,77009,78.77370730253612,2026-03-09,15.243760070201175,27.183414913282533,23.752731784008805,20.322063646644448,20.94313711186285
418,77009,67.41942923824698,2026-03-16,3.043784407108233,26.421110061031232,20.395002751391026,14.368846028187114,16.394397814754974
419,77009,55.30599153419877,2026-03-23,0.0,23.829652167764326,17.857703108218455,11.885691909715732,12.80475124879958
420,77009,65.8863372247828,2026-03-30,0.0,28.180669547246463,22.995330965522832,17.809929408634147,18.531499943223885
421,77009,73.51407482238206,2026-04-06,4.91382929620899,26.777158861827235,23.36215520373952,19.947071253233908,19.910011501900023
422,77009,69.61311171025407,2026-04-13,2.11485182221837,25.53265614684327,21.713744198836107,17.89483407350822,17.892540699949
423,77009,73.40084065655832,2026-04-20,6.892220821356074,27.612093057602277,23.091528573315113,18.57100385517979,19.651831740369843
424,77009,79.53685092419812,2026-04-27,4.220381755806794,26.812946604446925,23.65170203223788,20.490331467441944,20.946493166078657
425,77009,71.90873551906046,2026-05-04,12.772186985347268,27.626426708672543,23.071446438266886,18.516453838614293,19.374479786385916
426,77009,78.96106727580288,2026-05-11,2.963563371782092,28.811591728894314,24.413617436398734,20.0156202288027,21.597874974877367
427,77009,68.36406986893434,2026-05-18,0.049559103902904,30.58077075902281,26.314435301062215,22.047930410378928,21.905086661913707
428,77009,80.20901725209389,2026-05-25,15.116474120630262,29.430056968371368,25.184264557904825,20.93833755113229,22.524963915874118
429,77009,73.37079223051524,2026-06-01,3.316548952916548,31.565279410311348,26.846126219234456,22.126974192830357,23.091329770743403
430,77009,80.42269578877166,2026-06-08,19.3568105694552,30.86803850864935,27.510235555319618,24.152315256747347,24.772369439700757
431,77009,74.99817155294785,2026-06-15,3.43672986071432,32.9623521521334,29.623810311924817,26.28524586812112,26.010892207387087
432,77009,84.38737428660151,2026-06-22,14.64515701537751,31.294092541717923,27.938980321100836,24.583859232128052,25.75281888014558
433,77009,69.56284863185978,2026-06-29,0.0,34.206713262862664,30.365657474975944,26.524532366546545,25.867068802180057
442,77023,65.24002833572766,2026-01-05,0.0,23.009582976955976,16.602960653370506,10.19627233495652,12.615206682871593
443,77023,73.99754827889156,2026-01-12,0.849398883774264,23.731140927801224,18.92481114903135,14.118487142922787,15.957305474295078
444,77023,46.782590159178476,2026-01-19,0.044090066293606,16.923219090023526,11.550878571099116,6.178443040884839,6.173980866944545
445,77023,80.9214793540978,2026-01-26,7.361669592278522,15.770577882852356,11.99990521979668,8.229096096683897,10.041090287457704
446,77023,59.2266974650052,2026-02-02,0.0,12.296313214420238,6.329037039337498,0.361797539535471,2.685136000291566
447,77023,63.92611494605096,2026-02-09,2.5491840394095,22.265895219472974,15.692731407132765,9.119535512381201,11.551960078298025
448,77023,77.4046905161449,2026-02-16,4.063659907322607,24.856121401766952,19.76921520898175,14.682297979220547,16.985311269252016
449,77023,66.09582801284127,2026-02-23,0.0,24.768928443319368,19.825982991233044,14.883105911134288,15.76943104428315
450,77023,63.534098254637875,2026-03-02,0.0,25.068566849146517,19.305415859131138,13.542201570168931,14.908143693691601
451,77023,78.0380872284915,2026-03-09,14.329667080288312,27.059770361876733,23.772062040557678,20.484277699629157,20.869433812523106
452,77023,67.26968653595391,2026-03-16,1.934846319289135,26.114954446688,20.255904857951073,14.396867932974505,16.245543742947458
453,77023,56.62557076793452,2026-03-23,0.0,23.43877202063029,17.56352063209951,11.688233133864816,12.705727752523755
454,77023,67.38303137913262,2026-03-30,0.0,27.737880819655416,22.65092481328937,17.56390450176652,18.41724407262109
455,77023,74.40794557421184,2026-04-06,5.461429030554291,26.54935512927702,23.14303721538071,19.736792758077804,19.824859984972335
456,77023,69.6609441735474,2026-04-13,1.687014594523363,25.26275219428429,21.703259669438207,18.143653302099267,17.887425754346484
457,77023,73.7037381900444,2026-04-20,10.197526342332896,27.489834154045443,22.882102848069476,18.27433103438612,19.500802797028363
458,77023,79.88960024254943,2026-04-27,4.264249016963446,26.620313437183686,23.457354303724323,20.29438102704116,20.81699013810003
459,77023,71.82060561279337,2026-05-04,12.657179689162026,27.512185088711192,23.03879418776432,18.56531449913868,19.344844641899392
460,77023,79.51680473025996,2026-05-11,1.641325314829693,28.641936224829713,24.322370819291745,20.00282429528396,21.585557331132705
461,77023,69.09664336073898,2026-05-18,0.002875346591843,30.40195478923161,26.1916783807581,21.981434736807497,21.902215752344596
462,77023,80.5133423443348,2026-05-25,12.398408280932642,29.185778976396055,25.116668846119108,21.04745046981898,22.50383455969754
463,77023,74.18213879196985,2026-06-01,3.185215615226854,31.23418102674821,26.666108809633275,22.098052341341912,23.05031112110133
464,77023,80.97900271540203,2026-06-08,14.08420290431151,30.57103654726188,27.420992811552313,24.270884742642227,24.77662713097942
465,77023,76.12020962350373,2026-06-15,0.862904893372733,32.64093890762528,29.41368843571478,26.18648107266373,25.982508349249656
466,77023,85.00796807856361,2026-06-22,11.617190954667702,31.037258379154846,27.844085987678103,24.650853978665005,25.753314346844206
467,77023,71.38835649961733,2026-06-29,0.0,33.9047648197849,30.01585120493899,26.12686019874778,25.826410637497272
476,77028,66.35489529099092,2026-01-05,0.0,22.91393463430167,16.387701697537725,9.86155929551364,12.539357611436504
477,77028,74.74727448148585,2026-01-12,1.294091093223237,23.5960365928821,18.809640412924303,14.023210941989792,15.926026180142859
478,77028,48.82164737594767,2026-01-19,0.120625751362675,16.67540059726292,11.135844684327308,5.596275077964679,6.020852916417931
479,77028,82.17421025196519,2026-01-26,8.264596765982587,15.422634585651863,11.660085546829826,7.897455130518504,9.836425673306868
480,77028,61.236889801941224,2026-02-02,0.0,11.86480081372089,5.863089979075252,-0.138597221513318,2.425287169390731
481,77028,66.27942890553622,2026-02-09,4.998141590025099,21.970615538185353,15.265240050870899,8.559921863234608,11.425202081181524
482,77028,79.48799620123121,2026-02-16,4.123318458441918,24.43081566420007,19.423254076013322,14.415665101576696,16.909337185345546
483,77028,69.06502984510057,2026-02-23,0.0,24.368080522008643,19.519481089312723,14.670834449193775,15.864402946262599
484,77028,65.29954028369272,2026-03-02,0.0,24.81811290358618,18.920460195567003,13.022809070994331,14.783242181006683
485,77028,80.9412933855463,2026-03-09,18.3937423794845,26.647723560151494,23.370504387632074,20.093251970810716,20.872398800015123
486,77028,69.43091153182267,2026-03-16,3.075972621958339,25.948301546131805,20.03625045346527,14.124193976878537,16.321330667764556
487,77028,57.05469612347161,2026-03-23,0.0,23.36440550411875,17.430643403257953,11.496749399498425,12.64049164998238
488,77028,68.14581438162107,2026-03-30,0.0,27.585972475990033,22.48154892400366,17.377102023926458,18.362870845496193
489,77028,75.60570660558528,2026-04-06,5.480601421435102,26.285346955561792,22.99317496181295,19.70100226027932,19.843379444628034
490,77028,70.67050619409531,2026-04-13,2.737643563213326,25.13942563456306,21.452002568067808,17.764600099273242,17.789196468538055
491,77028,75.069011072263,2026-04-20,7.66244595811204,27.158007685384796,22.741160489618736,18.324306739815675,19.545670122132606
492,77028,81.2781607289918,2026-04-27,5.465695449076547,26.222015668052094,23.25041814531385,20.27875298224409,20.806040608634486
493,77028,73.3170118070678,2026-05-04,12.284516235109825,27.175231902152095,22.767412126425327,18.359563326184908,19.28906853587929
494,77028,80.24038796559046,2026-05-11,4.965082533426109,28.364763262901963,24.05458530976908,19.74442901149489,21.43035513424647
495,77028,69.65935193415662,2026-05-18,0.046425201976072,30.10313111379473,25.978788358828332,21.85449550631763,21.78334022381293
496,77028,81.28877360623402,2026-05-25,16.563106369620083,28.959542493124108,24.886743515060267,20.813917939342648,22.387843842663177
497,77028,74.88471509120008,2026-06-01,3.455754904105773,30.966501077915165,26.45890787511592,21.951210804401335,22.952917806755117
498,77028,81.71543550083582,2026-06-08,22.61746547105666,30.36180144946,27.156779233973378,23.95173403982369,24.62447744164777
499,77028,76.3049779049598,2026-06-15,1.830173916549185,32.39812601072841,29.272167109740895,26.14615830341374,25.876678315101373
500,77028,85.09055328692831,2026-06-22,14.388660291115754,30.883733023051,27.701087342291235,24.518409455354245,25.627220710111793
501,77028,70.82775491766814,2026-06-29,0.0,33.80999509660847,30.019570400125982,26.22911084894582,25.742457283105033
510,77547,65.10734139765127,2026-01-05,0.0,22.908782496958686,16.71142459766972,10.514015442782124,12.699083659897642
511,77547,74.01648003330249,2026-01-12,0.4355017313514,23.60418252219168,18.947210648169282,14.29023697662644,15.973302269791093
512,77547,47.08351934306309,2026-01-19,0.031216032984229,16.964293186415016,11.66307549590473,6.361852915034654,6.296713106926457
513,77547,81.05615457372708,2026-01-26,6.424429152336518,15.574778875979094,11.950792885872167,8.326774323829792,9.993661648828276
514,77547,60.26347434688505,2026-02-02,0.0,12.051949848973297,6.211137871775976,0.370262877751894,2.664588047428287
515,77547,64.83765575568063,2026-02-09,3.534274527775542,21.913914852727647,15.57714822870174,9.24038767254261,11.551787368004673
516,77547,78.63059534017992,2026-02-16,3.91637391432693,24.438319064601686,19.563434427904387,14.688473929423532,16.940567170818245
517,77547,67.86300295323032,2026-02-23,0.0,24.374360475526288,19.679146776389878,14.983837172282637,15.854958407533381
518,77547,64.79720533026035,2026-03-02,0.0,24.619568816192782,19.16542438262206,13.711200841647704,14.939116347792694
519,77547,81.1852868850356,2026-03-09,8.756805512478929,26.501746132791116,23.417215241107996,20.332590694666717,20.953352271575902
520,77547,69.36383183734632,2026-03-16,1.528439274970735,25.748037727205336,20.140879247538866,14.533722810164218,16.40808913345698
521,77547,57.87174915705999,2026-03-23,0.0,23.106599428834794,17.481640962200178,11.856676096316518,12.780944786393905
522,77547,69.26008654562474,2026-03-30,0.0,27.271634957602867,22.453400332202015,17.635065849082846,18.48329318306055
523,77547,75.35516433671211,2026-04-06,3.928529427885079,26.325449543950583,23.177347597869517,20.029182395887165,19.984599259986535
524,77547,70.2141291270095,2026-04-13,1.255639320794852,25.125535463711643,21.74676450289098,18.367958832238866,18.001711718016864
525,77547,74.52815211519574,2026-04-20,10.566745708536235,27.24302976937447,22.920904147724993,18.59876067680303,19.64453965032175
526,77547,80.67052530088662,2026-04-27,5.385378205777159,26.323736902528665,23.44640367222356,20.569013973522527,20.91949229787841
527,77547,72.59720086865065,2026-05-04,10.44747537275906,27.26443636859055,23.01310912626872,18.761741009451768,19.425394076626894
528,77547,80.22096144776712,2026-05-11,1.158581867807968,28.35042394073726,24.195112715942713,20.039775193978823,21.559042833819895
529,77547,69.86187675811041,2026-05-18,0.262297329378904,30.082405229389614,26.107742822817446,22.133161346238417,21.932391192961948
530,77547,81.16962392309009,2026-05-25,10.597874825663133,28.824564420593997,24.971991893106043,21.11949607874534,22.4554872898416
531,77547,74.60644271158378,2026-06-01,3.783276639434064,30.94716863946973,26.645502617279806,22.343707644696774,23.093340091439796
532,77547,81.50255588494542,2026-06-08,13.673376201079977,30.281951892093065,27.307474588884887,24.332892175447498,24.74383753057281
533,77547,76.28439699483391,2026-06-15,0.481487287921693,32.270172742781746,29.40851629909325,26.5467517365514,26.003280881347884
534,77547,85.45686931081357,2026-06-22,14.42076813104908,30.810611933773973,27.736907486934168,24.66309983982889,25.715332581326503
535,77547,71.57327120482896,2026-06-29,0.0,33.57820730413503,30.034715644426516,26.491257573631977,25.872290530051725
544,77020,64.63507776563317,2026-01-05,0.0,23.087839637825674,16.728703411071066,10.369561680529692,12.665580746396664
545,77020,73.82935641943124,2026-01-12,0.859219182800521,23.714305894335244,18.937989165263815,14.161806210925391,15.94449656721008
546,77020,47.220600625300975,2026-01-19,0.073159775531907,16.86163917119574,11.49264471106558,6.123634356456016,6.165997386324107
547,77020,80.79897788174667,2026-01-26,7.97534196295306,15.680156865452956,11.975990546395566,8.271857937749738,9.994482600462726
548,77020,60.349367439306086,2026-02-02,0.0,12.100856921151967,6.065792247677138,0.030706187464944,2.536644904176371
549,77020,65.33908887523894,2026-02-09,4.561724475599102,22.10381590929657,15.435953984728682,8.76802235456799,11.474394422887938
550,77020,79.0273723354845,2026-02-16,4.113704621786117,24.63312690978782,19.49138926387189,14.34966446670447,16.91854752226377
551,77020,68.0371127030231,2026-02-23,0.0,24.56646919359644,19.58483193557765,14.603161622872378,15.801155206557732
552,77020,64.52596739091712,2026-03-02,0.0,24.96076283722639,19.148241711698716,13.335736175334926,14.894610114512268
553,77020,79.96045221729989,2026-03-09,17.920768924025776,26.88225710225764,23.517987339166744,20.153650787504436,20.88314761378356
554,77020,68.34327221753058,2026-03-16,2.544879682781283,26.04813885446461,20.174524650453293,14.300982687535944,16.310123295633076
555,77020,56.56507135424982,2026-03-23,0.0,23.41512976410291,17.579633820837717,11.744052827469618,12.715572582277023
556,77020,67.34239376324123,2026-03-30,0.0,27.793590650024136,22.689558689079757,17.585447001671834,18.446979759425357
557,77020,75.04903520357861,2026-04-06,5.59560524558283,26.423055525963367,22.999375715360994,19.575696543731357,19.772928553018453
558,77020,70.15338883410516,2026-04-13,1.766061773690009,25.25586639036297,21.553900293127114,17.851887211070707,17.814269464667994
559,77020,74.54928663935466,2026-04-20,9.493304015465352,27.338114437510637,22.72730180663661,18.116446356226728,19.46353906316283
560,77020,80.64266189639842,2026-04-27,4.920428518704358,26.492889241738755,23.295938332588253,20.099071650831906,20.75882077545389
561,77020,72.54898831542789,2026-05-04,12.535832722051854,27.39888988621122,22.86181079307357,18.32477583682889,19.270586499060624
562,77020,79.7168654053097,2026-05-11,2.401569581839717,28.536409338397895,24.18244009769118,19.828501211888376,21.47907574842448
563,77020,69.22571028069885,2026-05-18,0.009252192337703,30.32067227622648,26.100781781460164,21.88081032501039,21.831872317269475
564,77020,80.77700088232893,2026-05-25,13.780733433050955,29.175324942261394,24.977112455786312,20.77889284512726,22.404813072480554
565,77020,74.03265948549762,2026-06-01,3.203351094673307,31.312567702635448,26.65886503459921,22.005065090197167,23.016783927913263
566,77020,81.26733235762792,2026-06-08,18.639391464862594,30.56444438504056,27.29079314583932,24.017163103566737,24.687697683640522
567,77020,75.94462664949756,2026-06-15,1.27350226674209,32.65213322579868,29.392286909355033,26.132383984067005,25.935473939391958
568,77020,85.41453823031571,2026-06-22,12.522541279317519,30.977784798611097,27.691199306159284,24.404616966535684,25.662081581982108
569,77020,71.07445850258159,2026-06-29,0.0,33.829072511611216,30.01212846778245,26.195107725028908,25.773921969687787
578,77004,64.31886982285394,2026-01-05,0.0,23.173739891466685,16.736370479029844,10.29884607868518,12.641472003217194
579,77004,74.12646217096527,2026-01-12,1.001210615822191,23.759116483367077,18.90738598157545,14.055494377209373,15.963907615913662
580,77004,45.54801708648914,2026-01-19,0.032018977158911,17.104879428826433,11.586223391112563,6.067504411922204,6.080491747491277
581,77004,80.84051215996345,2026-01-26,8.031918459416378,15.836451911196713,12.077365685278256,8.31823125480085,10.11043689223305
582,77004,58.58937544686128,2026-02-02,0.0,12.334551840483043,6.351777345859071,0.369047677577119,2.655819428158447
583,77004,63.29697642733546,2026-02-09,1.892737772729172,22.362371934307355,15.787462550543983,9.21249863210097,11.569284665225522
584,77004,77.23565271266698,2026-02-16,4.303011864857189,24.925823061255606,19.871606462809456,14.81738952637634,17.062278514247023
585,77004,66.22278430898348,2026-02-23,0.0,24.83386628478004,19.879106258426823,14.924427154164885,15.840504793522797
586,77004,62.801605210303144,2026-03-02,0.0,25.096102860345624,19.39543154900754,13.69477264488599,14.899054011125953
587,77004,77.4104562607369,2026-03-09,15.34756340953866,27.138464818302776,23.763885313983053,20.389374633732395,20.77474109235713
588,77004,66.21441629793728,2026-03-16,2.165758092942593,26.26988712000034,20.368805706733706,14.467641864263664,16.21661583191267
589,77004,55.30192918316651,2026-03-23,0.0,23.62788676950184,17.733858697521697,11.839885966207824,12.692610711908795
590,77004,65.8194439307582,2026-03-30,0.0,27.91663963824026,22.8380669869017,17.759387830520993,18.377753059502897
591,77004,72.94735530544119,2026-04-06,4.421997766186017,26.82390502273244,23.32331380633869,19.822693856154782,19.797137159788377
592,77004,68.62566743061547,2026-04-13,1.823980554875744,25.58455124631019,21.81982996176967,18.05501702150137,17.85650547141955
593,77004,72.56639163193516,2026-04-20,8.126328476150224,27.796085274720273,23.045025102894733,18.293972879134913,19.500936452282836
594,77004,78.96735908226712,2026-04-27,3.734566395563264,26.8806270319864,23.583355186047086,20.285922063667034,20.806046572063703
595,77004,70.47386125723175,2026-05-04,13.855368855468763,27.755513573101318,23.209357362875327,18.663076756694945,19.318458851566717
596,77004,79.1062358963738,2026-05-11,1.526857932462633,28.760273254777843,24.428622072269544,20.09695890352637,21.629495787091088
597,77004,68.43513212688372,2026-05-18,0.036156678454993,30.524979418389044,26.280233899833462,22.035534176752385,21.885746570734018
598,77004,80.2340340256104,2026-05-25,14.390462913107438,29.31698475773027,25.204019712968524,21.091037142291675,22.54942758171915
599,77004,73.65220229563513,2026-06-01,3.727331406923437,31.340447004171182,26.746950651997444,22.153490305787358,23.040977255556204
600,77004,80.54271789510612,2026-06-08,11.658214369325233,30.746673057352226,27.51782152129642,24.288973677093377,24.803180891972378
601,77004,75.69953822179188,2026-06-15,1.223750155970571,32.77304940014769,29.47185010672114,26.17070313087955,25.973043723215163
602,77004,84.81631995399184,2026-06-22,11.447607119691888,31.102066388043013,27.906791052337987,24.71146707297494,25.783787991349577
603,77004,70.76400710271527,2026-06-29,0.0,34.05491284276782,30.09401083542645,26.133044546450233,25.802403256332042
612,77032,68.61129970069393,2026-01-05,0.0,22.824325162552142,15.57310726261844,8.321866465807446,12.024678833890711
613,77032,75.92766883944216,2026-01-12,3.608098171948746,23.568989656598607,18.439445962257693,13.309896674213727,15.712484616994024
614,77032,50.73146797277304,2026-01-19,0.323042592695581,16.497795735864987,10.508814968600777,4.519817049734884,5.666428312537121
615,77032,83.54594974881667,2026-01-26,7.114595485315917,15.169182887066214,11.069924611382646,6.970658250173617,9.431050142522501
616,77032,61.457319768424135,2026-02-02,0.0,11.732264777498496,5.374879811043976,-0.982456905817215,1.993118527773629
617,77032,66.45074484015167,2026-02-09,3.892748764399403,22.37164222334771,14.997020475456964,7.622337500551128,11.196480817778216
618,77032,78.37307214733374,2026-02-16,4.258732142669288,24.742109752242673,19.242476081200543,13.74278392302614,16.599197828232192
619,77032,68.57156806107689,2026-02-23,0.0,24.57863465633949,19.276760469385255,13.97482502100844,15.586877781088464
620,77032,64.83037252476484,2026-03-02,0.0,25.136475883487893,18.598938552555843,12.061353527567347,14.427375728855978
621,77032,78.32794535988516,2026-03-09,11.755224262316476,27.150311268754724,23.556735227191638,19.963158554088302,20.694069986928852
622,77032,68.73223563120918,2026-03-16,3.425221828789059,26.283235791958514,19.79993698075367,13.31659549821832,16.013812517792175
623,77032,56.63895300190112,2026-03-23,0.0,23.656343709307883,17.05358567030539,10.450781216055788,12.257186905765836
624,77032,67.24159352299397,2026-03-30,0.0,27.872714722631873,22.286444653084526,16.700147244111395,18.062297108427764
625,77032,73.65276750493209,2026-04-06,4.877892134573465,26.71750453514574,23.040178482982288,19.362770096471085,19.626102923594132
626,77032,70.34423380655589,2026-04-13,9.976860021765525,25.600845664446148,21.238957204548704,16.877099318910343,17.544484324478507
627,77032,73.88054780631998,2026-04-20,3.900696298666811,27.481376529171413,22.856452338334964,18.231508138401193,19.494498365357945
628,77032,79.16864986625139,2026-04-27,3.699487847283364,26.66612523836094,23.489769250637202,20.313394449121503,20.747496920174665
629,77032,73.22819842030411,2026-05-04,14.171241580881155,27.34682770314664,22.71158957736349,18.076309788646416,19.208798912757317
630,77032,79.73171351389925,2026-05-11,4.756768127520263,28.502800415415575,23.98736965443841,19.472003695514097,21.3028724485004
631,77032,68.92838934852084,2026-05-18,0.003935579999571,30.285921616256342,25.991230487095667,21.696538029372878,21.692611202699485
632,77032,80.09662109673565,2026-05-25,11.132062781181295,29.25658749467901,25.06739941831947,20.878170427898855,22.398105722175373
633,77032,75.0488720021219,2026-06-01,3.446938875016298,30.92633899988168,26.35164841190895,21.776936120102455,22.871172178533318
634,77032,80.94821340802721,2026-06-08,12.500619853859245,30.483989913782573,27.150656876859507,23.817245213214544,24.506065363583
635,77032,76.3815077774273,2026-06-15,3.349620487218092,32.6468769507622,29.074485639487,25.502036692580546,25.699001671935427
636,77032,84.10075578635629,2026-06-22,18.526089384694668,31.019765842262736,27.723556480351256,24.427333108064932,25.507537342018363
637,77032,69.41263537663342,2026-06-29,0.0,34.17461755894783,30.080236143840803,25.98583750904644,25.57752120153116
646,77587,67.43315638702329,2026-01-05,0.0,23.01893964140322,16.36429485446951,9.70970199715076,12.637011995726613
647,77587,75.40607021953788,2026-01-12,0.394291591848702,23.602237771643097,18.819399284047588,14.036523764890333,16.02741555242933
648,77587,48.11683835247491,2026-01-19,0.0,16.895559841814798,11.339687992575005,5.783801992448737,6.132502986097495
649,77587,83.78963671406942,2026-01-26,5.596825500092507,15.568358689734113,11.728713692197399,7.888993611260295,10.080107732851578
650,77587,60.17072447059111,2026-02-02,0.0,12.283418497746561,6.330073707100657,0.376750362493056,2.764521797751273
651,77587,65.47523697362807,2026-02-09,1.808006491598402,21.94291260413635,15.462514741742918,8.982202160827555,11.528381397760276
652,77587,78.89976891674122,2026-02-16,3.930136897578928,24.63061382485428,19.598153972306594,14.565756623107996,17.00810094917525
653,77587,67.93485883088711,2026-02-23,0.0,24.6177175432097,19.691015569799635,14.764178950679959,15.866641429959047
654,77587,66.07453218255736,2026-03-02,0.0,24.72578104658596,18.872058711021428,13.01820786213164,14.831159041125405
655,77587,80.746529999244,2026-03-09,7.073112904309149,26.638753023671732,23.532586969956284,20.42641543322024,21.00510887049581
656,77587,69.46692325379777,2026-03-16,1.435281064072892,25.79645519461332,20.08388928505449,14.37136574714648,16.3684714155594
657,77587,58.91396175694206,2026-03-23,0.0,23.125538296887488,17.23592467466222,11.346242169990873,12.690697218900338
658,77587,70.50538649282112,2026-03-30,0.0,27.36630384476547,22.210782274453127,17.055319906178397,18.422083741731793
659,77587,75.77444595879751,2026-04-06,4.748955139238088,26.59318627551547,23.259482232332207,19.925709911738245,20.11946814394519
660,77587,71.1281736797992,2026-04-13,2.12097120379962,25.043782047058148,21.719119092536904,18.394334120346247,18.10104246110459
661,77587,75.6202010607214,2026-04-20,8.659490378809677,27.29811695275356,22.84805080509661,18.397941490280317,19.727194749489424
662,77587,81.84236543882956,2026-04-27,4.148421131410228,26.426476653072598,23.457845914656478,20.489152958442272,21.08481017434295
663,77587,72.89325938240077,2026-05-04,10.096121730662906,27.46504505418296,23.114662496037194,18.764176004596205,19.574142356001815
664,77587,81.18945897332455,2026-05-11,0.540166111753624,28.417074154999195,24.267809422805694,20.11846201863985,21.760713632605857
665,77587,70.73274007786773,2026-05-18,0.077521031953916,30.217459742813794,25.9884051193182,21.75938143601895,21.952069777185667
666,77587,82.08747621593983,2026-05-25,11.89220265904705,29.091415244850246,25.049670882573633,21.00782444951795,22.657845634436665
667,77587,75.87533168305507,2026-06-01,3.596054660847201,31.048513016497374,26.47534570594386,21.902254152991055,23.119565440710414
668,77587,81.64028329131594,2026-06-08,9.22148524242339,30.403626688405517,27.376061832108917,24.348377684372576,24.836102868462753
669,77587,77.19700502405772,2026-06-15,0.447200823352309,32.290813089743864,29.265919031042586,26.241209774135182,26.00530985797629
670,77587,86.28039625358493,2026-06-22,17.029247287962328,30.762457284460428,27.676385657452773,24.590276999268355,25.77256649077243
671,77587,73.15077191650792,2026-06-29,0.0,33.468597295756126,29.729253570674636,25.98981700212779,25.829015688695925
680,77029,64.38046159797942,2026-01-05,0.0,22.94567612938057,16.779384292066183,10.613115345668936,12.679749984346314
681,77029,73.32210814380875,2026-01-12,0.527371036105869,23.605927080247454,18.98096550152199,14.355970906161359,15.918086216588353
682,77029,47.16643395060471,2026-01-19,0.051656608243308,16.865412331638147,11.586836924063606,6.308259919633141,6.237196842052839
683,77029,80.4364794640559,2026-01-26,7.296822289302053,15.525226824428021,11.936108457660993,8.346944772771328,9.911853252387145
684,77029,60.28539843664048,2026-02-02,0.0,12.014734514012567,6.117018843005444,0.219278148136809,2.579365744644723
685,77029,65.07573345576267,2026-02-09,4.442952314823201,21.901343912626704,15.50274366372479,9.104161246772248,11.508400206288247
686,77029,78.6716383125016,2026-02-16,4.003568216805822,24.403715670599006,19.51131775038898,14.618834203264104,16.894602144625186
687,77029,67.89330904840688,2026-02-23,0.0,24.359245854509116,19.64398195830131,14.928642943724872,15.829793230775174
688,77029,64.6328046070371,2026-03-02,0.0,24.700180775231026,19.147033127669026,13.593895920487126,14.903663752948264
689,77029,80.73789494341163,2026-03-09,13.838041946372634,26.572540794744732,23.40948559259351,20.246386665564653,20.885540388216366
690,77029,68.87999278974502,2026-03-16,2.047120343279732,25.820297126944144,20.150522212308097,14.480745436483943,16.35604383034552
691,77029,57.2180009200574,2026-03-23,0.0,23.170185701534827,17.509969504107566,11.849720351919688,12.729701504653665
692,77029,68.44944104918834,2026-03-30,0.0,27.394425463917656,22.514939219948673,17.6354509727382,18.432819438646597
693,77029,75.23044128949259,2026-04-06,4.972843439882122,26.254809071910167,23.048499224055703,19.84217959338989,19.843844276866605
694,77029,70.05589241494302,2026-04-13,1.520101234174387,25.107073831901275,21.627805527991363,18.14855495974166,17.870431640376882
695,77029,74.39120720481507,2026-04-20,11.524853302153787,27.197281322257616,22.802408939421415,18.407472116022458,19.51420311272149
696,77029,80.36732845901521,2026-04-27,6.071160318796836,26.30685960326055,23.346985714744783,20.387087235386268,20.77957391382389
697,77029,72.49153654188795,2026-05-04,11.5299874245362,27.246506522268408,22.899880058357212,18.553187612804518,19.30301077015428
698,77029,79.57938717908026,2026-05-11,1.89097587873388,28.39307748779831,24.170215853829077,19.947375318743934,21.44846532885934
699,77029,69.36914987093002,2026-05-18,0.205717262467229,30.12732468569949,26.104951891596247,22.0825555338974,21.856559365486365
700,77029,80.613867773615,2026-05-25,12.513970783862304,28.921553032276123,24.94456575576459,20.9675942370522,22.352078873715115
701,77029,74.033748541021,2026-06-01,3.554714874895317,31.03373170554771,26.638146425915576,22.242467041392445,23.00202336548047
702,77029,81.11157692604895,2026-06-08,17.859163410762648,30.34935850343537,27.262224885865493,24.175041586099116,24.64196615374305
703,77029,75.7895916392958,2026-06-15,0.772274975884585,32.35094577884938,29.38762090991758,26.424259692536737,25.90849262299356
704,77029,85.03813784586038,2026-06-22,13.322160637473722,30.863141788036668,27.68870544392095,24.514246404373328,25.60844094084242
705,77029,71.01153840998626,2026-06-29,0.0,33.654639128305845,30.044801964292024,26.43492218218327,25.79451777949484
714,77502,67.5881715660568,2026-01-05,0.0,22.932257780354405,16.418500533742005,9.904702810230422,12.707766567854364
715,77502,75.593998995843,2026-01-12,0.36284073218231,23.587397386628584,18.846552303201833,14.10566641617181,16.07290339706361
716,77502,48.05514919385176,2026-01-19,0.0,16.96009166362285,11.50191951192781,6.043735523363416,6.262636823572711
717,77502,83.67754966162215,2026-01-26,5.847934212054104,15.587199664289992,11.768347755433464,7.949444308372438,10.100786934040551
718,77502,60.661768863421486,2026-02-02,0.0,12.177310135324655,6.333311431375293,0.489307237178326,2.808077080573589
719,77502,65.7708483884479,2026-02-09,2.562116713467377,21.90799617969101,15.523172389731261,9.138361000956222,11.613753366659084
720,77502,79.63153233864527,2026-02-16,4.073691514256327,24.460817274666837,19.53830559739815,14.615736172545809,17.0410283589773
721,77502,68.93696342574067,2026-02-23,0.0,24.477695456572718,19.637235407399977,14.796680266856653,15.946389830101138
722,77502,66.22096940834804,2026-03-02,0.0,24.639241986291744,18.98356652599291,13.32785060312265,14.946396630283004
723,77502,81.49823599565457,2026-03-09,7.819849493471565,26.467428767859946,23.420572920664913,20.373693517761374,20.99958004420724
724,77502,69.98906903494908,2026-03-16,1.359257695056122,25.773234915341572,20.103362302497132,14.433409661340242,16.453246177933824
725,77502,59.01639544103366,2026-03-23,0.0,23.088750116194095,17.320415611625002,11.551976517740686,12.77472516828687
726,77502,70.7186537287379,2026-03-30,0.0,27.25878816439565,22.216925815292857,17.175076865076765,18.4550746953143
727,77502,76.08972759862054,2026-04-06,3.230314920129842,26.522553950324742,23.238254207246218,19.95390236987611,20.142135554459287
728,77502,70.85191109260217,2026-04-13,1.563518914556713,25.0807419645666,21.766540294068506,18.452393432582348,18.107312784907567
729,77502,75.48918607440213,2026-04-20,8.819889609791584,27.298244428133703,22.8796289259051,18.46089719456794,19.73648337068811
730,77502,81.67282144987962,2026-04-27,3.809792921081471,26.394184287953898,23.464865674658387,20.535478924778577,21.072778105166222
731,77502,73.01809816915642,2026-05-04,9.233512231364749,27.449907230475798,23.10981434077817,18.769642195982208,19.584878420846767
732,77502,81.59603326452427,2026-05-11,0.765065938560844,28.332958709142353,24.190932055037138,20.04880084154736,21.745161293537492
733,77502,71.00447394616087,2026-05-18,0.154011664203317,30.096735567416655,25.961712905100153,21.826529448911128,21.965901916805464
734,77502,82.56257998059874,2026-05-25,10.095393211449235,28.939593246228554,24.978552316719636,21.017490726663688,22.654485949584124
735,77502,76.26217712711134,2026-06-01,3.978784882109317,30.92071992301115,26.453797624594767,21.98675511703688,23.155783391388876
736,77502,82.0636122340245,2026-06-08,12.786719479185493,30.35122988550403,27.313105109777347,24.274877917945258,24.834597299631668
737,77502,77.28237705538005,2026-06-15,0.338398363435859,32.21353038666563,29.289119221019163,26.36463058872412,26.04020750781833
738,77502,86.42922239728497,2026-06-22,17.657472129576053,30.729818671810623,27.65356542335195,24.577215207687715,25.77164298240542
739,77502,73.18858449611893,2026-06-29,0.0,33.43678537250239,29.76427903746317,26.091784704897012,25.867832785064135
748,77504,68.01510526507876,2026-01-05,0.0,23.211544878253495,16.41835830568426,9.625146056365796,12.753463150035454
749,77504,75.95569017303457,2026-01-12,0.339208272235218,23.749019341242043,18.830701966818786,13.912388519512957,16.10389793126678
750,77504,48.573787498426036,2026-01-19,0.0,17.200093735519392,11.357450185824353,5.514847086660795,6.190669147768342
751,77504,84.94822190185148,2026-01-26,6.612568010189225,15.664654534847372,11.70492782259973,7.745169666772019,10.174967178355931
752,77504,61.068682815698985,2026-02-02,0.0,12.35920867394689,6.345523129850011,0.331760797249869,2.856545340783501
753,77504,66.67718887509034,2026-02-09,2.809086049808097,21.968695800564955,15.33499935072091,8.701365093049189,11.54682596893983
754,77504,80.12363745320316,2026-02-16,3.781523435100667,24.623807722590087,19.47673807452254,14.329697505893735,17.04362659348754
755,77504,69.1450503944404,2026-02-23,0.0,24.766952894138896,19.667692690387547,14.568388691938518,15.998699896658948
756,77504,67.25117173543933,2026-03-02,0.0,24.755616081479356,18.79756720833808,12.83953193572714,14.907146859010087
757,77504,81.88818148656787,2026-03-09,8.217316360173053,26.519812173185304,23.429036875582828,20.33831786389665,21.058647299952096
758,77504,70.40451142156185,2026-03-16,1.507656183554432,25.893663098383122,20.122747648807074,14.351801688217432,16.52589177436818
759,77504,59.376364492951325,2026-03-23,0.0,23.288833556169926,17.31538866892086,11.341904111095456,12.814291872436621
760,77504,71.27637537441119,2026-03-30,0.0,27.41558922347899,22.176116712427955,16.936626290328284,18.49034055994493
761,77504,76.42276964389109,2026-04-06,3.803362228508112,26.694487474985994,23.288219995398208,19.881878801640134,20.23422893626581
762,77504,71.34662239386448,2026-04-13,1.920340147364749,25.214131564717686,21.78159083115692,18.348990939453902,18.186401082489077
763,77504,75.93810350514167,2026-04-20,8.862237037785457,27.44671545880573,22.891984545676028,18.33730994163388,19.808511300277523
764,77504,82.27277578882729,2026-04-27,4.0515598617671,26.537180920538745,23.47875145836903,20.420294455438082,21.164897729001996
765,77504,73.08187390022756,2026-05-04,12.260271226489436,27.59901799247892,23.16742054688528,18.735832207671912,19.652782105765095
766,77504,81.57247797566899,2026-05-11,0.493796458242093,28.38309222998782,24.243417955531996,20.10364778839089,21.7941779564052
767,77504,71.26672081508785,2026-05-18,0.060155103429928,30.1732352625049,25.88915793271121,21.60501984068987,21.936945681838072
768,77504,82.62443741734958,2026-05-25,12.973605473681733,29.029722488300365,25.001843444212636,20.973992927282403,22.68612533543848
769,77504,76.33828746491474,2026-06-01,4.050731862716484,31.043433047962534,26.44007451062211,21.836762928320557,23.157861453590986
770,77504,82.10267637676203,2026-06-08,14.148657881040377,30.487396471237506,27.367766778758217,24.248111872434976,24.895255570613582
771,77504,77.60049846699785,2026-06-15,0.339542945829692,32.289304023087645,29.2801633886699,26.271048485214095,26.079477441557202
772,77504,86.58119201979027,2026-06-22,21.154791301389952,30.79191266252308,27.69121880269217,24.59053249358497,25.829975827850262
773,77504,73.90148942051451,2026-06-29,0.0,33.442391622772476,29.6596552814776,25.8768036989047,25.87819248706393
782,77047,67.7451016516665,2026-01-05,0.0,23.200791966944006,16.22876343898665,9.256754224182284,12.550216476767394
783,77047,75.99160383095487,2026-01-12,1.260628314117827,23.585305983839174,18.60443160412191,13.623503840932234,15.90697862370453
784,77047,48.71105941597442,2026-01-19,0.027016666196746,16.783591268459833,11.030347999860178,5.27705898511044,5.928669492265726
785,77047,83.1887343280202,2026-01-26,6.651299848403421,15.721585903490787,11.83222431180036,7.942830943186837,10.12100455878615
786,77047,60.59328852854432,2026-02-02,0.0,12.209104146300952,6.169240172578524,0.129356182353211,2.652288772916398
787,77047,66.22868805537435,2026-02-09,3.47814729348408,22.114130927310352,15.223401473937406,8.332587781142891,11.402280161218899
788,77047,80.04510797792733,2026-02-16,3.453796944033448,24.749118955198288,19.39651273154374,14.043864247445097,16.952521897171156
789,77047,69.10111109953466,2026-02-23,0.0,24.562429251179484,19.43315311394558,14.303845117837556,15.78198583338108
790,77047,67.29267151532616,2026-03-02,0.0,24.674860734827533,18.561643105969132,12.448456442976141,14.706649407714488
791,77047,79.82704515364722,2026-03-09,5.312845173596521,26.795820201546015,23.506930400554246,20.217974860276012,20.85416331245721
792,77047,68.94986882278705,2026-03-16,1.881524156834042,25.894665707911464,19.907294825122097,13.919900888616564,16.143668263476183
793,77047,58.10242387817504,2026-03-23,0.0,23.18296192570236,17.0362434118352,10.88946242413941,12.425792344646856
794,77047,68.9425914793301,2026-03-30,0.0,27.64163246558203,22.246794500138275,16.851934173720824,18.250358233269356
795,77047,75.92696046532066,2026-04-06,4.14361993170469,26.627655311172916,23.073480311076793,19.51930837045535,19.963804412271866
796,77047,72.10577000803151,2026-04-13,3.00508791407348,25.125991806849058,21.457199939110634,17.788434197174965,17.981612064662254
797,77047,76.055260484192,2026-04-20,5.925981872051768,27.342530609933604,22.688628520037575,18.03471862349503,19.632924079909124
798,77047,82.7822667463095,2026-04-27,4.242934429590802,26.332294053850717,23.22481418157521,20.117320271416506,20.9748311873703
799,77047,73.32824887792091,2026-05-04,11.17865809254341,27.371791148269157,22.89402250182599,18.41617832641771,19.428933279359025
800,77047,81.2927629404294,2026-05-11,0.363132938081071,28.233589768939563,24.106909296926545,19.980212571837892,21.618232050844735
801,77047,70.9797694984445,2026-05-18,0.0,30.017590073015324,25.735975314856123,21.45433717855454,21.75592961803799
802,77047,82.08452566460828,2026-05-25,16.30353829925063,28.95197816091234,24.912659898396974,20.8732972497415,22.52631614494118
803,77047,76.63581909274457,2026-06-01,4.446709656838499,30.676936386611267,26.102464407731418,21.527883046254626,22.867222663805705
804,77047,80.94183046693442,2026-06-08,8.439318134461,30.527710200145197,27.40237256235923,24.277000372945007,24.761306700217343
805,77047,78.07765076918784,2026-06-15,2.444798679082815,32.11535081373684,28.901140674539334,25.686915904408036,25.78778113911402
806,77047,85.66994642784914,2026-06-22,14.170722367347622,30.728088247655485,27.681333656116248,24.634528128804178,25.69009737860706
807,77047,73.5198426166173,2026-06-29,0.0,33.373463169856265,29.431836033507096,25.490174393068244,25.606420515862595
816,77048,67.50926694377183,2026-01-05,0.0,23.074170578469964,16.249021268974793,9.42387616563144,12.537903672845566
817,77048,75.48317047322207,2026-01-12,0.816194509196201,23.573924331021143,18.667020100826825,13.760065291749152,15.904300405052663
818,77048,48.28369647047248,2026-01-19,0.010378680990156,16.813712152458695,11.091189926462235,5.368561095091352,5.939543587884511
819,77048,83.16918357493245,2026-01-26,6.528767939326957,15.644481640498622,11.786726863819029,7.928923639381396,10.078380605716012
820,77048,59.625307160926134,2026-02-02,0.0,12.42606585318594,6.344195701087007,0.262336550034876,2.73311005373715
821,77048,65.57404837094201,2026-02-09,2.090556554138403,22.099659201842638,15.334531218379288,8.569298674365312,11.426678731118026
822,77048,78.93643224116826,2026-02-16,3.674801873152933,24.89147758075118,19.549442988746723,14.207420446367124,16.963473385246147
823,77048,67.7604496655209,2026-02-23,0.0,24.681570481679206,19.597902668524785,14.514210831232731,15.75735627222005
824,77048,66.37176765312223,2026-03-02,0.0,24.85629907576454,18.71601226107186,12.575725830174152,14.732037084228567
825,77048,79.34837603246827,2026-03-09,6.291274408087275,26.900669743996538,23.686100864576268,20.471455185133294,20.9646966141069
826,77048,69.1068622379537,2026-03-16,1.986426695947276,25.822458004037298,19.943239580995286,14.064033156471597,16.191367866612516
827,77048,58.98908334290977,2026-03-23,0.0,23.103844850958318,17.03793966103065,10.972013003180747,12.528365111222442
828,77048,70.10863624332977,2026-03-30,0.0,27.41507657216022,22.149884915342803,16.8846481809541,18.31460502014212
829,77048,75.69720568342207,2026-04-06,5.800810330490576,26.56140528914597,23.11987889867554,19.67829950228597,19.976027165449068
830,77048,71.27607001498228,2026-04-13,2.689016367492078,25.038598530332152,21.606793100679003,18.174988429410234,18.015797698563013
831,77048,75.6416288639307,2026-04-20,7.426947073336772,27.22071493065642,22.723007834405443,18.225304485613083,19.61373245091541
832,77048,81.84770852427498,2026-04-27,4.452815042449613,26.343876928526722,23.369233672132786,20.39455502053909,20.996286548809312
833,77048,72.94281902207567,2026-05-04,11.537302667592666,27.361751210345343,22.96966623911232,18.57758101982369,19.44792028300593
834,77048,81.02417847765834,2026-05-11,0.439782210089202,28.326455472627185,24.201939073718076,20.07733762857642,21.675697011464102
835,77048,70.77411171928173,2026-05-18,0.0,30.101070113586648,25.83548024155407,21.56992786351033,21.819330387959806
836,77048,81.90627721468593,2026-05-25,14.17673231839982,28.985817446651126,24.99136263084669,20.99690315440951,22.577048125413754
837,77048,76.1703306129907,2026-06-01,4.092703200885875,30.782931981372503,26.256275907788506,21.72964657594372,22.95025008178699
838,77048,81.06903634133127,2026-06-08,10.162245939664622,30.4692250308354,27.41187090946051,24.354441579071583,24.78894402712306
839,77048,77.50502032633999,2026-06-15,0.949331243740249,32.25041748216671,29.067361595116978,25.884210511780523,25.861599080845206
840,77048,85.8500976093729,2026-06-22,14.618483215926066,30.714701755489614,27.685567168326603,24.656338085718122,25.719457062429825
841,77048,73.27641643384848,2026-06-29,0.0,33.46182364050898,29.55856837644911,25.655297746149113,25.687918920631063
850,77002,63.72449428411388,2026-01-05,0.0,23.311849682112506,16.855249168499686,10.398549831380285,12.685399882738507
851,77002,74.10361776135036,2026-01-12,0.970872145096597,23.794416422762772,18.880847065579168,13.967251212983248,15.932337292656934
852,77002,46.12885489388844,2026-01-19,0.070116846757438,17.035730972535298,11.4710258980444,5.906228122571336,6.040062479829512
853,77002,80.67442254159874,2026-01-26,7.994886103211401,15.83251177505042,12.063206155592054,8.29391956142572,10.070139455776742
854,77002,58.91024056369461,2026-02-02,0.0,12.374829032340518,6.268551850252476,0.162312829766968,2.60320848873329
855,77002,63.40630426950157,2026-02-09,3.081866220224531,22.611447764557347,15.77959462341631,8.947759535838717,11.571803877734956
856,77002,77.12748659073614,2026-02-16,4.172094903054033,25.130318162197174,19.878005382547048,14.625700127306697,17.053352749122134
857,77002,66.43681841275057,2026-02-23,0.0,25.027115443457156,19.901966734210816,14.776722412222954,15.893197518283213
858,77002,62.80713372941607,2026-03-02,0.0,25.305311688357744,19.43205447742665,13.55891997101926,14.93776322499476
859,77002,77.84024360728776,2026-03-09,15.43403006547371,27.175603069176454,23.75524129286657,20.334805289329584,20.82172068364672
860,77002,66.45126347909763,2026-03-16,2.578490306836564,26.361792668073875,20.42176980269793,14.481708555641482,16.29606742265272
861,77002,54.94559009834172,2026-03-23,0.0,23.76105144371839,17.845082516066018,11.928952778431588,12.74931576224514
862,77002,65.40593677245045,2026-03-30,0.0,28.068320823117567,22.97065305332775,17.872919855579052,18.443125447467487
863,77002,72.93604540924794,2026-04-06,4.350475395649974,26.820305020050736,23.328414998592883,19.83638370542694,19.799967467615563
864,77002,68.63638577324248,2026-04-13,1.809577602459287,25.650107376257886,21.80951255497327,17.9688372802124,17.850011119501133
865,77002,72.64307685276339,2026-04-20,7.13191809175257,27.751875143372136,23.06325437054871,18.37461351197913,19.52528241670039
866,77002,78.82927165681116,2026-04-27,4.001889110660689,26.9019748736447,23.623253144579305,20.344492018018876,20.823669540122133
867,77002,70.67831814662678,2026-05-04,13.319864347852729,27.760666219350938,23.175641986525005,18.59049056079148,19.308141566400067
868,77002,78.68083700028488,2026-05-11,1.816949520284934,28.87170425524582,24.470937036920656,20.070133716570044,21.61185024120935
869,77002,68.10918281395395,2026-05-18,0.045313971873924,30.64634047045339,26.335582950739383,22.02479179896284,21.887280382053728
870,77002,79.9962569829972,2026-05-25,14.034855375556026,29.450352206144938,25.210171279941914,20.969901427286402,22.52146875042885
871,77002,73.15743840730025,2026-06-01,3.525883392065092,31.5641572283671,26.839570911439985,22.115058104645843,23.0549814796254
872,77002,80.28741481128493,2026-06-08,15.108119433845173,30.8835057448646,27.538362702781324,24.193197393037604,24.78307014349619
873,77002,75.11720885055107,2026-06-15,1.655681607207276,32.96813819734569,29.582765770959423,26.197331466383513,25.989946380864456
874,77002,84.56773983437736,2026-06-22,12.617787455273845,31.223778085780413,27.92255631399463,24.621310090405608,25.761760512808017
875,77002,69.94075612471808,2026-06-29,0.0,34.20904653936333,30.265081482573166,26.32117731990511,25.8330251615652
884,77078,67.41298329944117,2026-01-05,0.0,22.79700348410355,16.178882905130664,9.560699580386219,12.463225364029196
885,77078,75.26070009580714,2026-01-12,1.401109391178472,23.563550124900182,18.750428769096054,13.937340461474587,15.929569925199763
886,77078,49.81613095684942,2026-01-19,0.12099759028386,16.55717377228912,10.90037887479587,5.243517357401955,5.916581264877895
887,77078,83.07399583473196,2026-01-26,8.223685765020491,15.312259178188862,11.488082169709614,7.663802388321812,9.768855916655998
888,77078,61.70939579239914,2026-02-02,0.0,11.777039069405348,5.73880047220823,-0.299433517308034,2.351790040959141
889,77078,66.85140704387572,2026-02-09,4.028767019350353,21.97621271449661,15.098807534725086,8.22135607768548,11.331065487078947
890,77078,79.43890761743172,2026-02-16,4.175200998341218,24.4884305488012,19.331518025818724,14.174572355694444,16.816442810211505
891,77078,69.20452734929508,2026-02-23,0.0,24.3528584198555,19.44679195518735,14.540718954842896,15.810253901266938
892,77078,65.74313638785313,2026-03-02,0.0,24.840406846000494,18.76228632936605,12.68406704413992,14.692536458810379
893,77078,81.2011224249832,2026-03-09,15.864951002869825,26.541894772498498,23.302284142943776,20.062658892877643,20.84301304679936
894,77078,69.82907906570418,2026-03-16,3.131391063737136,25.933434873040525,19.989426663871996,14.045403305632812,16.32852132468356
895,77078,57.35251717592769,2026-03-23,0.0,23.451334091483705,17.367019988858633,11.282658148256981,12.61579658729232
896,77078,68.68509951748372,2026-03-30,0.0,27.491312752378242,22.35454732970637,17.21767690041648,18.316450545273987
897,77078,76.27220602732051,2026-04-06,4.014220597757923,26.165058716744614,22.871357450035763,19.577583203948983,19.817106989781617
898,77078,71.02832253952033,2026-04-13,4.207785811456013,25.094746418273065,21.371156661121663,17.6476156859246,17.7586447564044
899,77078,75.64613432732796,2026-04-20,7.215723152932029,26.999996637784793,22.63185150533604,18.263705051008742,19.519857629160143
900,77078,82.04336850247404,2026-04-27,5.194536160476696,26.01003845092626,23.09777213327774,20.18550627495375,20.764741632713708
901,77078,73.52767907578391,2026-05-04,11.948698228158696,27.135303540508385,22.74738918761691,18.35946604576852,19.304579612168304
902,77078,80.47119987294145,2026-05-11,4.735018328707008,28.343531626213203,24.03514312964956,19.726758014115564,21.444285919843296
903,77078,69.86220315684346,2026-05-18,0.059645024949258,30.0734550630058,25.949596566246182,21.825763686689502,21.787414814563853
904,77078,81.59441599002793,2026-05-25,16.333266996770167,28.85780057957114,24.869631934788696,20.881497920312164,22.41303445469816
905,77078,75.4578193238537,2026-06-01,3.572627669363003,30.823349660584718,26.37457147320039,21.92580206433541,22.957149928700424
906,77078,81.79265483470874,2026-06-08,22.293823056761212,30.27608082266901,27.12729184692004,23.978499335829248,24.61010663018297
907,77078,76.40868235494735,2026-06-15,1.372693907103256,32.327206047848804,29.247336522452336,26.167446234590276,25.868602956019235
908,77078,84.93846038468716,2026-06-22,16.075842020034013,30.857162116507627,27.726750515290327,24.596226060645293,25.632396875020422
909,77078,70.59495100231457,2026-06-29,0.0,33.93414417396006,30.071713425881853,26.20926355273359,25.7545934359683
918,77044,68.6905896242817,2026-01-05,0.0,22.84215398803503,15.894897826866108,8.947615416333413,12.33847399592365
919,77044,76.09010217974647,2026-01-12,1.538766450403586,23.548639566256796,18.622769026399446,13.696878378558694,15.905764336358235
920,77044,51.20840127722889,2026-01-19,0.169875773641794,16.63053336633901,10.561344687686638,4.492105580109063,5.754421026477458
921,77044,84.1410769546633,2026-01-26,7.950746108901956,15.314994315916312,11.272043079250762,7.229051048462663,9.668411044675802
922,77044,62.56167268379092,2026-02-02,0.005515458327493,11.758729334622156,5.524938682896801,-0.70885535993943,2.226305896652832
923,77044,67.73826896042215,2026-02-09,2.261949565593717,22.030492442555527,14.794037840639405,7.557560771761043,11.15200877780407
924,77044,80.01543008551562,2026-02-16,4.235321319763438,24.640959620920867,19.14653645928224,13.65210777116771,16.71010324871608
925,77044,70.16630051362857,2026-02-23,0.0,24.506909969250863,19.261000169977187,14.015053273461174,15.756793787816802
926,77044,66.4903532816401,2026-03-02,0.0,25.01007481381459,18.521384047937605,12.03266857998776,14.56615217530359
927,77044,81.99547531034489,2026-03-09,12.861409268409377,26.532929338075924,23.178752066045973,19.82454112515382,20.827763446998617
928,77044,70.65792438737773,2026-03-16,3.290827954620762,26.054843186715672,19.925288227876436,13.795703260317293,16.372260402031806
929,77044,58.607722912817124,2026-03-23,0.0,23.646758267978264,17.24061149352763,10.834464415175821,12.643091322334907
930,77044,69.89736046914817,2026-03-30,0.0,27.63270056421993,22.172658799147683,16.712575756904357,18.30799659846715
931,77044,77.03871384101366,2026-04-06,3.858581213676595,26.36699477513889,22.842774792106184,19.318502246860128,19.891591118935537
932,77044,71.11744798893494,2026-04-13,7.524569632431733,25.435874642777005,21.4291996163555,17.422486915722924,17.818192783431293
933,77044,76.26211314465723,2026-04-20,7.122589995107445,27.135274204065873,22.574006795563008,18.012727005322816,19.54470078630308
934,77044,82.14855268086521,2026-04-27,4.002680327869592,26.185693848632333,23.08559836748372,19.98548510328903,20.771238765146194
935,77044,74.03621919805693,2026-05-04,11.754810673859886,27.32543449934975,22.77031376888285,18.215177100973243,19.387897526070073
936,77044,81.58806145738089,2026-05-11,3.291975832444172,28.33782226622725,23.92746626481811,19.51708559558019,21.49269794797205
937,77044,71.45637127762689,2026-05-18,0.252761347023189,30.032910546724807,25.718362070312125,21.40373951072184,21.801367168848323
938,77044,83.11034075723263,2026-05-25,15.26877326210169,28.743313259953197,24.72337396770326,20.703375578646217,22.47958314931195
939,77044,76.89600138529627,2026-06-01,3.379677148124263,30.823645703102564,26.21250372176179,21.601348408792695,23.009534841425392
940,77044,82.61567217252947,2026-06-08,19.565692941513618,30.21255930763605,27.002742719849657,23.792889718813825,24.608622851380282
941,77044,77.61868182388764,2026-06-15,2.333652274770763,32.32151009823825,29.05416428078045,25.78680596788977,25.865176020951083
942,77044,86.29839107254816,2026-06-22,19.7716448117176,30.64552486023129,27.505586194632347,24.36561201307738,25.611962561067898
943,77044,71.68598869638706,2026-06-29,0.0,33.940944280297344,29.85936292203055,25.777776893393593,25.72424896082866
952,77046,64.08382798419288,2026-01-05,0.0,23.02257376413981,16.701419276544836,10.380793041530405,12.594572944859264
953,77046,74.45611680636091,2026-01-12,1.064151516120671,23.574037609536518,18.792018284346934,14.010097323426187,15.905404796762317
954,77046,44.75919242725539,2026-01-19,0.081704521346483,16.64903809534616,11.492000859264111,6.334820378859292,5.920025914959299
955,77046,80.47918859496104,2026-01-26,7.620867741099826,15.84867974561653,12.165659785194624,8.482904844605777,10.155709186800369
956,77046,58.22479047916743,2026-02-02,0.0,12.10292063324792,6.350431423675608,0.598203126591369,2.616074439805259
957,77046,62.73446365448666,2026-02-09,0.790558312370567,22.45747828258889,15.770741835377091,9.084149397099804,11.50021893877238
958,77046,77.37240951115932,2026-02-16,4.725300735347397,24.963715393726616,19.8638619809379,14.76415909189396,17.07051810834958
959,77046,66.53238215418014,2026-02-23,0.0,24.94098326742809,19.8895412112667,14.837825362818108,15.90151233777629
960,77046,62.09801266412166,2026-03-02,0.0,25.339974310225976,19.455388021362456,13.570381162200885,14.879144149889798
961,77046,75.95774259652194,2026-03-09,9.63366784733207,27.6671933563267,23.98234958956845,20.297271218183955,20.777066450832805
962,77046,65.36580948055983,2026-03-16,2.352103379100685,26.65926481416188,20.481829088160236,14.304523699263656,16.215829144683013
963,77046,53.8683548521949,2026-03-23,0.0,24.041361642629916,17.890451139133592,11.739838013464603,12.656489637836096
964,77046,64.19341376423006,2026-03-30,0.0,28.370048473872643,23.05171489029718,17.73375850233615,18.352683890971946
965,77046,71.3119456701504,2026-04-06,3.064778187213528,27.18876810669962,23.586275507375856,19.983396823127137,19.821638088987946
966,77046,67.82105916731167,2026-04-13,3.455518345678496,25.902883687369137,21.968499366009052,18.034224126585098,17.88252453416905
967,77046,71.55845708694763,2026-04-20,5.12580451766365,28.05919693924486,23.24369426651955,18.427933079201598,19.548281596499965
968,77046,78.00044205253032,2026-04-27,4.730425895027274,27.13002768755196,23.780936983670422,20.431317220404726,20.861647268069156
969,77046,69.83077118128644,2026-05-04,13.325671905717613,27.867414401551674,23.25628196104284,18.644869417510243,19.265222197152582
970,77046,78.67337005069255,2026-05-11,1.743456517374937,28.94457569588518,24.510772158617538,20.07682592173078,21.647563556070416
971,77046,67.70810217398929,2026-05-18,0.042207352693273,30.7512034691882,26.37027864789439,21.989058834995138,21.861192635734774
972,77046,80.05632766623263,2026-05-25,17.892078289728026,29.48983736367588,25.21403467120857,20.938228438884085,22.532917008618682
973,77046,73.2025375579593,2026-06-01,4.349120715230274,31.486239809670206,26.75330413439479,22.02000759105051,22.974454887214456
974,77046,80.016195279654,2026-06-08,9.594938640656327,31.011129797972547,27.609854325732154,24.20895324301527,24.810819061580546
975,77046,74.98518414077469,2026-06-15,5.623182214053906,33.03292987688556,29.54231038355612,26.051734023588622,25.93039726371883
976,77046,84.54788138281822,2026-06-22,15.486144925735623,31.28568947261168,27.941015855877176,24.596579673577047,25.777184581714586
977,77046,69.83885992628714,2026-06-29,0.0,34.306030778188756,30.204954292977828,26.103602170671994,25.76121041818612
986,77530,66.59162295391558,2026-01-05,0.0,22.566682861036327,16.592548991476562,10.61846487883578,12.761898676681435
987,77530,76.06418498107244,2026-01-12,0.53986587018801,23.203970489937895,18.704798740062426,14.205620968423716,15.993846155326587
988,77530,48.819242246814724,2026-01-19,0.006375167631949,16.619615697606353,11.152528906780264,5.685378429499204,6.036403942556086
989,77530,83.82842599316825,2026-01-26,8.887282703688292,15.112838890430206,11.604857346886272,8.09687734154767,9.944714931810685
990,77530,62.726035006471115,2026-02-02,0.150237386571282,11.27583674679241,5.677406326131558,0.078956010905422,2.38529271458305
991,77530,66.21710396346468,2026-02-09,3.516588317499515,21.09165609424799,15.151624733905594,9.211568441440209,11.311819020469315
992,77530,80.17334035222056,2026-02-16,4.707188205630047,23.659010604598297,19.12331734342322,14.587552192792012,16.707632040500506
993,77530,70.27387019366206,2026-02-23,0.0,23.561124134651454,19.180464536654494,14.799787981541373,15.70088359869531
994,77530,66.028014802294,2026-03-02,0.0,23.923272426518167,18.732486175275653,13.54158714508634,14.704304217115215
995,77530,83.37917959803909,2026-03-09,9.558201699227446,25.528633567010512,22.83266140901119,20.13664356895489,20.683976796665704
996,77530,70.48152157261765,2026-03-16,2.46628112863747,25.097092682526974,19.947646615007724,14.798091979693167,16.375079116414554
997,77530,58.73460632443918,2026-03-23,0.0,22.457973166544903,17.27782189803448,12.097660940949458,12.694353967316797
998,77530,70.4531067686701,2026-03-30,0.021207996797836,26.41028368195025,22.068414561149186,17.72653587911406,18.28015572208238
999,77530,76.9241166621947,2026-04-06,2.915225115667153,25.766617239997508,22.945702213936528,20.124710251344435,19.975652507121918
1000,77530,70.59665368313271,2026-04-13,1.315518719969943,24.806123992670724,21.516883295563655,18.227641903785727,17.84107856809561
1001,77530,75.0741323607993,2026-04-20,9.810258583590192,26.615766224002016,22.8039109882478,18.992047605241194,19.602462961095224
1002,77530,81.83597620210891,2026-04-27,4.435597700965417,25.588900113240218,23.143803813700327,20.69869627208906,20.79710467602209
1003,77530,73.11976727830084,2026-05-04,11.049247191175944,26.685734204181742,22.85620304405243,19.026621884389083,19.358965944893363
1004,77530,82.3972936823955,2026-05-11,3.528631326203935,27.707529010790896,23.789711438117333,19.871821078688644,21.465821246467595
1005,77530,71.30749730098344,2026-05-18,0.641433622622571,29.174820315496042,25.748072293196152,22.321329142017397,21.80355003910026
1006,77530,82.83446880899321,2026-05-25,15.589705523384715,28.15165434337608,24.74958005488171,21.347510726692988,22.47114978585304
1007,77530,76.34230572373178,2026-06-01,3.834363012790871,30.16123169684316,26.28441487645192,22.407521240195965,23.00238940729182
1008,77530,82.0060124920181,2026-06-08,15.817672747958326,29.896431543394055,27.0706812003955,24.24481011572665,24.589627450258973
1009,77530,76.79021270131025,2026-06-15,1.401237235916379,31.431935150455406,29.204126303618878,26.976283370346884,25.884905326530617
1010,77530,85.7681174172931,2026-06-22,24.78487672237171,30.41753091555945,27.56763106455002,24.717704103915665,25.600090275101522
1011,77530,71.54478781070601,2026-06-29,0.0,33.05662455061621,29.92405063014958,26.791444733311575,25.763649917966898
1020,77015,66.30451291428486,2026-01-05,0.0,22.720459678467833,16.64478283166706,10.569086275676392,12.778520121562392
1021,77015,75.34177207626388,2026-01-12,0.455945670368319,23.427508681848046,18.835566944902354,14.243607888499719,16.028558168864556
1022,77015,48.30393128161806,2026-01-19,0.022641124080944,16.75898646957801,11.380164292269415,6.001282693422652,6.182265611395948
1023,77015,83.03040518790588,2026-01-26,7.999463412200862,15.314769144834267,11.755514157861192,8.19623912090302,10.006808038106369
1024,77015,61.92344602305659,2026-02-02,0.006198714669992,11.635093124477654,5.929142914131931,0.223216854777898,2.546084409389874
1025,77015,66.24953983866943,2026-02-09,4.368010278841293,21.48261837056709,15.340399834896807,9.1981361836984,11.491429003674996
1026,77015,80.23463592883527,2026-02-16,4.162372952882031,24.006473006877833,19.29565509936548,14.58483588686144,16.881363876628395
1027,77015,69.79150966553223,2026-02-23,0.0,23.95477314592005,19.395612682597086,14.836423189883615,15.839947540708009
1028,77015,65.99901500616207,2026-03-02,0.0,24.20304247846294,18.896963291470698,13.590882388701914,14.848893507242316
1029,77015,83.02234189508869,2026-03-09,9.689644133496168,25.944355611523914,23.072026124678665,20.199640144307498,20.86616288263262
1030,77015,70.52506786613063,2026-03-16,2.09841504498962,25.387740316587404,20.027069842480298,14.666363472642436,16.453387896405868
1031,77015,58.5504307525272,2026-03-23,0.0,22.73949143522666,17.38062625051897,12.021681947000468,12.769073210169326
1032,77015,70.42588403137133,2026-03-30,0.000327763781168,26.756622708354463,22.213101167094788,17.669563458792283,18.412661937611137
1033,77015,77.06914122488497,2026-04-06,3.16262749345428,25.93520366298922,22.9836047547589,20.031985704289024,20.030089300839172
1034,77015,71.34970275786506,2026-04-13,1.823408942449014,24.85252040242969,21.538726584167748,18.224886205293437,17.95901280266729
1035,77015,75.80182966249517,2026-04-20,11.102801914339874,26.81072637102365,22.778664043268428,18.7464927587135,19.677435911089507
1036,77015,82.39755036941756,2026-04-27,5.628330099371262,25.83364425294922,23.201885083320207,20.57007705829597,20.920535637148603
1037,77015,73.68075388677117,2026-05-04,10.923099572456302,26.926882450104824,22.8903975773322,18.853836849738283,19.46163877537711
1038,77015,82.11661485889805,2026-05-11,1.859439306343958,27.976292505290964,23.956772319481658,19.937175538355252,21.58898334889544
1039,77015,71.10477220509621,2026-05-18,0.502688093533411,29.58447454783047,25.893077018875942,22.20168266596135,21.91009190390862
1040,77015,82.89508683823811,2026-05-25,13.04339896558267,28.463136627430377,24.818348525812066,21.173555258025278,22.54448897792465
1041,77015,76.28714048667997,2026-06-01,4.047659293715085,30.501036620113254,26.40437655450226,22.3077004486176,23.107027657367507
1042,77015,82.6394851614879,2026-06-08,17.85797008516822,30.044916252048054,27.12922652922085,24.213510195701883,24.735106034799504
1043,77015,77.14231525793562,2026-06-15,0.706024025078367,31.84016898309832,29.286737952788794,26.73325239908289,26.016730223585654
1044,77015,86.42145284644597,2026-06-22,18.998641932707756,30.572915421060358,27.605355245644507,24.6377159478934,25.727104508931955
1045,77015,72.21620704295945,2026-06-29,0.0,33.274163889595584,29.924023259356602,26.573861761658893,25.867933393794456
1054,77049,67.58885267725965,2026-01-05,0.0,22.671550360156896,16.252483711453543,9.833417991321056,12.554216473437862
1055,77049,75.81697659297691,2026-01-12,0.65873491921148,23.386575892205393,18.690550184044753,13.994475143990453,15.94444362119281
1056,77049,49.77196758794068,2026-01-19,0.052228151417563,16.603102082239882,10.862073617197256,5.120980414545146,5.876692600483186
1057,77049,83.61951161655739,2026-01-26,8.733124145301147,15.255520548210054,11.484546538834424,7.713532424724633,9.814550607664028
1058,77049,62.66198927978971,2026-02-02,0.099326709618405,11.502758717604042,5.599366061435164,-0.304049576627589,2.306743718033904
1059,77049,67.5125050645406,2026-02-09,3.159585908690853,21.486536445363605,14.935637916092443,8.384697646442865,11.260903751011464
1060,77049,80.70986462524388,2026-02-16,4.155132215553151,24.101514641272132,19.112124310651954,14.12273685510072,16.762765431995675
1061,77049,70.62692035599275,2026-02-23,0.0,23.96407029338895,19.197557257104,14.431009542072854,15.75761144033891
1062,77049,66.72902893917896,2026-03-02,0.0,24.38484505625268,18.584732247077177,12.784604364438486,14.657195220310701
1063,77049,83.13722163445841,2026-03-09,13.603530074620096,25.970676644092364,22.966637840035176,19.962550869935942,20.77911147607023
1064,77049,70.73097909160177,2026-03-16,2.658519809016649,25.521153797271488,19.93340882745438,14.345643349408753,16.39216197873026
1065,77049,58.70068075168568,2026-03-23,0.0,23.028621347092965,17.28729158992769,11.545946683610707,12.698611787793748
1066,77049,70.35566698058102,2026-03-30,0.000960922745044,26.965203943893595,22.129209455378074,17.293180381801754,18.326702596358693
1067,77049,77.09613271309522,2026-04-06,3.645417007282255,26.022515050013475,22.89549755939983,19.768423772747987,19.949243326131235
1068,77049,71.05130698817445,2026-04-13,3.08674741279845,25.048176073165152,21.47367005486376,17.899135885207443,17.858982614767392
1069,77049,75.7266772369614,2026-04-20,10.366040947727717,26.85013539060542,22.701945678138635,18.553693942715704,19.59505493780405
1070,77049,82.6540789017028,2026-04-27,4.918726332420286,25.73290019535473,23.02649209708271,20.320026542084733,20.78709650363083
1071,77049,73.65697561958918,2026-05-04,11.041963963578272,26.976984169370795,22.811684057005138,18.646389705412247,19.385588399245517
1072,77049,82.09699313563974,2026-05-11,4.672908110558896,27.99119757811669,23.87273225570162,19.754249203348714,21.508122879797803
1073,77049,71.4394765155073,2026-05-18,0.680269455637699,29.600751735892327,25.771474903264075,21.942178724971892,21.84598482499048
1074,77049,83.21162112318635,2026-05-25,15.710449605232348,28.40244563876762,24.73081505088812,21.05918990368255,22.50226309549793
1075,77049,76.88353598886462,2026-06-01,3.785244495909546,30.462521928516054,26.240671459949745,22.0187860003378,23.03767484946038
1076,77049,82.45403823063359,2026-06-08,18.67681876016195,30.036608056425536,27.050231681583554,24.063792887023713,24.633383039434474
1077,77049,77.28543553697864,2026-06-15,1.901003254397475,31.85528045141562,29.167272539834208,26.479179608480393,25.92392026306229
1078,77049,86.2324357064891,2026-06-22,22.198321387764796,30.48388396577502,27.52882128886828,24.573724500706327,25.627603195487836
1079,77049,71.90212511536771,2026-06-29,0.0,33.42502078532243,29.884845457001852,26.34465656682051,25.782225001967753
1088,77013,65.71475591295274,2026-01-05,0.0,22.889088793918436,16.585144215932306,10.28125918735352,12.652963032942091
1089,77013,74.41365143279518,2026-01-12,0.633619422040721,23.573338112629834,18.897422907718077,14.221481807349512,15.968937344821322
1090,77013,48.31701318662161,2026-01-19,0.066940585538615,16.74681726871289,11.30343785615657,5.860011394600392,6.114498494491041
1091,77013,82.10594063647214,2026-01-26,7.729066894703131,15.379422298748446,11.738520089670091,8.097643878334614,9.896804020312986
1092,77013,61.14742619194571,2026-02-02,0.0,11.855378068004985,5.940482698644646,0.025567028053351,2.490368760331373
1093,77013,65.96660157140353,2026-02-09,4.515330540126826,21.724248537455445,15.316274539005482,8.908309367615864,11.434954476775347
1094,77013,79.36279604650109,2026-02-16,3.985298237771735,24.24064488852761,19.394096229280812,14.547542595930787,16.866688124153278
1095,77013,68.78125414382791,2026-02-23,0.0,24.155573794937,19.52237067655257,14.889136072860257,15.828983660243336
1096,77013,65.26860519499388,2026-03-02,0.0,24.574136697019934,18.960323482752127,13.346557103209276,14.814987883528774
1097,77013,81.79479157287217,2026-03-09,15.645982590468961,26.32867646329578,23.237510434536944,20.146237132149885,20.860318444965827
1098,77013,69.68122225118772,2026-03-16,2.559896580093163,25.691908609144576,20.06359573673789,14.435282750470092,16.377921425756828
1099,77013,57.59871808857922,2026-03-23,0.0,23.094383146838698,17.421312285669075,11.748154624765029,12.69432520274535
1100,77013,69.04820101090719,2026-03-30,0.0,27.21355555754111,22.38277219986909,17.551902434027888,18.38990386087964
1101,77013,76.04861844284984,2026-04-06,4.371679486712599,26.082215641915134,22.97358985745377,19.864877762036553,19.883821370893678
1102,77013,70.74130446052546,2026-04-13,2.216366472172574,24.993016271892053,21.49636802757567,17.999678927928603,17.84030845715546
1103,77013,75.12583463031211,2026-04-20,10.957821222790573,27.01300820655686,22.742530969033112,18.472054102963135,19.555151958421053
1104,77013,81.40677501856653,2026-04-27,6.808008507877654,26.07342365820804,23.23384403214203,20.39420541485867,20.812647447713594
1105,77013,73.23685471552443,2026-05-04,11.338451478447432,27.099196715031717,22.819053132252716,18.538845414314274,19.327690515976393
1106,77013,80.50806779933933,2026-05-11,2.850698580142277,28.292795882975103,24.061251084273817,19.829610986688355,21.47237070209331
1107,77013,69.90192889771602,2026-05-18,0.290811008887319,29.96959748358638,26.002574825732783,22.035499577945487,21.837525276707336
1108,77013,81.59672613613421,2026-05-25,13.96091967612053,28.802723424427263,24.861546959321796,20.920339657843755,22.406762742770777
1109,77013,75.07881408754449,2026-06-01,3.863540789003248,30.861181409596938,26.47787692068508,22.094478031787972,23.000984321515134
1110,77013,81.91111719941824,2026-06-08,22.207979719232892,30.2775826176889,27.16117028984104,24.04475323315032,24.659376394003086
1111,77013,76.3303878815518,2026-06-15,0.832948487149577,32.196020956682695,29.330162927841872,26.46432833264623,25.935926249550565
1112,77013,85.53524524983713,2026-06-22,15.119807561669932,30.81189303942715,27.6626565415319,24.51338096032745,25.65544413246944
1113,77013,71.3228911543627,2026-06-29,0.0,33.611256535760795,30.001517618052286,26.39178276042526,25.802517464808936
1122,77051,66.61399560321094,2026-01-05,0.0,23.066760006728984,16.336784936721116,9.606774637409272,12.525727444404092
1123,77051,75.2355784639056,2026-01-12,1.152801974335754,23.558359841945435,18.708839828869273,13.859303556800493,15.913498011867498
1124,77051,47.44210564074414,2026-01-19,0.038317845061143,16.718806605189044,11.189218182961953,5.659632524814514,5.938246113081287
1125,77051,82.49207292714053,2026-01-26,7.223390516708052,15.672067287637446,11.866336908396253,8.060605461022924,10.084483895043268
1126,77051,59.66894265515546,2026-02-02,0.0,12.219577650757685,6.2730307244704,0.326415311004246,2.670082565659034
1127,77051,64.85561836088893,2026-02-09,1.217120531297537,22.263327400006037,15.471830377961401,8.680311662825273,11.469889799553037
1128,77051,78.57845476723854,2026-02-16,3.828754455561215,24.892836682001082,19.617649027662456,14.34243033438569,16.984253419927864
1129,77051,67.5176076332218,2026-02-23,0.0,24.67575299870738,19.609656093652116,14.54343759190755,15.744856457588366
1130,77051,65.43336936018353,2026-03-02,0.0,24.890506522272187,18.858265981124436,12.826036669087076,14.744388551346622
1131,77051,78.49485807206203,2026-03-09,9.907166782095915,26.959325669660505,23.697393451792106,20.43535862957476,20.85958304038153
1132,77051,67.79395231910831,2026-03-16,1.911370647058413,25.980282951595488,20.077501133895655,14.174618812934801,16.14922934983282
1133,77051,57.31150318406094,2026-03-23,0.0,23.285661150490963,17.303911382693034,11.322170715019354,12.561378320564321
1134,77051,68.07856308951507,2026-03-30,0.0,27.618357943447744,22.44968586773868,17.280971712140776,18.323707381574366
1135,77051,74.65521007702871,2026-04-06,4.702565801009657,26.637093478028607,23.199853619016974,19.76263647453653,19.912236275450482
1136,77051,70.54095546251504,2026-04-13,2.536956936726521,25.205855289291698,21.66380051152339,18.121667151256478,17.9660886645487
1137,77051,74.39460935596713,2026-04-20,7.863829726357581,27.48209843317706,22.876306716579414,18.270379453258805,19.59013364976797
1138,77051,80.832080689032,2026-04-27,4.16203065171314,26.577395256809265,23.453599700446137,20.329822679789622,20.93661884520088
1139,77051,72.06707770759694,2026-05-04,13.126894263951579,27.50257861922896,23.042860632911342,18.583160908498993,19.390255128303036
1140,77051,80.62914071780101,2026-05-11,1.015725117012911,28.4068614656581,24.204321308426714,20.00179666505772,21.622030409040267
1141,77051,70.09508295923223,2026-05-18,0.008627505375643,30.17569515121157,25.951496103862215,21.72726522468985,21.826382109284012
1142,77051,81.7065978843926,2026-05-25,15.059021408994745,29.015439346093874,24.974989021010558,20.934453532644024,22.53338329192969
1143,77051,75.70444177123368,2026-06-01,4.052406118997351,30.911984173638462,26.32961155762796,21.747123497856947,22.94743604891967
1144,77051,81.06533343474425,2026-06-08,10.122405424036325,30.51121105664028,27.399648881813643,24.28805363931029,24.771829914362456
1145,77051,77.41068964637417,2026-06-15,1.68595149148471,32.27406693232683,29.069517701349984,25.864847621534597,25.8490628015781
1146,77051,85.59433688222735,2026-06-22,12.70196588001196,30.821375933406966,27.72898296581637,24.636603136780543,25.723715400096925
1147,77051,72.70855753924653,2026-06-29,0.0,33.550383286195014,29.633660895847147,25.7169261892324,25.6721328575769
1156,77025,65.33844156937113,2026-01-05,0.0,23.004382484080033,16.49321676463174,9.981949993388607,12.535385046994149
1157,77025,74.66129753464536,2026-01-12,0.9018009726084,23.54643527505662,18.766957990551173,13.98747909549364,15.903822245266722
1158,77025,45.994154269605986,2026-01-19,0.055648032633736,16.681813002813644,11.335559164907577,5.989249899264202,5.917925608797282
1159,77025,81.30700860601429,2026-01-26,8.064478766248577,15.78128541665696,12.034841491632939,8.288437404026032,10.119804981175267
1160,77025,58.94778698114701,2026-02-02,0.0,12.117626198839474,6.295400722540674,0.473196617570978,2.627307139509569
1161,77025,64.28558903015501,2026-02-09,0.72573676485311,22.25006096937143,15.540333030947195,8.830494654397308,11.467676889147858
1162,77025,78.66057240415384,2026-02-16,3.802618830949134,24.803402833858726,19.65515132424566,14.506939394093969,17.03127109445804
1163,77025,67.86672283041821,2026-02-23,0.0,24.55906715020152,19.62522946601175,14.691270234924295,15.816993410725853
1164,77025,64.4175510826191,2026-03-02,0.0,24.96694984179806,19.034926640022746,13.102935817685625,14.78098155718161
1165,77025,77.24800632048121,2026-03-09,8.405608534097015,27.310236113297208,23.839124173646315,20.36802769099965,20.82013905896546
1166,77025,66.72788068144433,2026-03-16,1.859293421508798,26.308790350887737,20.241021517324675,14.17317107534014,16.169137183415472
1167,77025,55.72190287495883,2026-03-23,0.0,23.647347244096355,17.521921452933352,11.396430535567601,12.562586954175039
1168,77025,66.1609711229815,2026-03-30,0.0,27.979236258976595,22.70571887788304,17.43221018097853,18.303515247039964
1169,77025,72.94822350202716,2026-04-06,2.975348403936528,26.87848737484743,23.36031055402771,19.84209587888119,19.834952547372097
1170,77025,69.41244197958517,2026-04-13,3.281998742004549,25.526920230374174,21.74243149541382,17.957957514099153,17.886040926583362
1171,77025,73.03587858943352,2026-04-20,5.981306295910525,27.779429260414553,23.01916165788018,18.2587904684092,19.540045457790942
1172,77025,79.77552149161326,2026-04-27,5.039331254967326,26.789840672098915,23.526309839048295,20.262742349143128,20.857466211946786
1173,77025,71.07985557464613,2026-05-04,14.162303775614687,27.6483473190042,23.104256769489357,18.560102743747468,19.30653172826741
1174,77025,79.611111711734,2026-05-11,1.300602010473516,28.653192798877534,24.34319977651029,20.03314236980563,21.61439511730579
1175,77025,68.86953970868228,2026-05-18,0.069788829434785,30.412075889101768,26.136615503852475,21.86099437834909,21.81950219911544
1176,77025,80.75785554310582,2026-05-25,18.03887882689397,29.281092986876086,25.102472345261102,20.9236787276811,22.523341267934867
1177,77025,74.66544834904778,2026-06-01,3.869907974238043,31.123534013724157,26.471339578687687,21.819074327659116,22.92558260867581
1178,77025,80.33448380590934,2026-06-08,8.070110401868448,30.7820205559992,27.50703392865814,24.231974750795313,24.76369892771852
1179,77025,76.24583731674636,2026-06-15,3.991839823153947,32.666613482055624,29.279606769324268,25.892633048991964,25.872370918820764
1180,77025,84.82497379871776,2026-06-22,12.153655384383049,31.11378940681738,27.849563698040267,24.585167642062046,25.730303994241496
1181,77025,71.47384135473789,2026-06-29,0.0,33.87002865833128,29.836443059265864,25.80283902537088,25.67197165160026
1190,77030,64.71814604718125,2026-01-05,0.0,22.785717423996235,16.581137441559182,10.376646796267249,12.550378954340825
1191,77030,74.70959942559658,2026-01-12,0.971373063587204,23.43484914010122,18.746270415604094,14.057509452607123,15.894182262973468
1192,77030,44.99599745125998,2026-01-19,0.022962617521204,16.63420021083056,11.437221291255474,6.240108356196459,5.903394399019977
1193,77030,81.2784568121111,2026-01-26,7.990537771454093,15.692513808274485,12.036176165258066,8.379806840671,10.116762102513725
1194,77030,58.500349490005576,2026-02-02,0.0,12.045070450268364,6.313072006241153,0.581116862473284,2.607359003416711
1195,77030,63.308751149593,2026-02-09,0.907440426899702,22.17751877476312,15.69994062135579,9.222477370537348,11.501929142178897
1196,77030,77.81771827980928,2026-02-16,4.297591675163813,24.759909031459898,19.82032813916246,14.880720405028201,17.084688957807366
1197,77030,67.07016230161679,2026-02-23,0.0,24.53890359005915,19.700770362577853,14.862636706440348,15.792367977722293
1198,77030,62.92331988301853,2026-03-02,0.0,24.949526321767987,19.287860600312438,13.626188701153561,14.824032856661772
1199,77030,76.66550285562471,2026-03-09,11.392641529806873,27.29867840109529,23.8434108775238,20.388137620312204,20.746212653192163
1200,77030,65.88327392772935,2026-03-16,2.135734349961745,26.338069947589254,20.338927627396895,14.339829863003233,16.148305870556825
1201,77030,54.922773337126756,2026-03-23,0.0,23.681169144274037,17.69978246982751,11.718358148436554,12.618778373613631
1202,77030,65.32798412606823,2026-03-30,0.0,27.997701396482277,22.836479564796164,17.675264653268993,18.3103639349044
1203,77030,72.13588823378079,2026-04-06,3.295026172745844,26.95291799657571,23.418467592804426,19.8839329034443,19.77829558752425
1204,77030,68.36032632943036,2026-04-13,2.57139111386459,25.65987811923114,21.863597288633024,18.0672982423208,17.858743808828283
1205,77030,72.05262830892558,2026-04-20,6.199027616012702,27.916612069993583,23.1134615831933,18.310277839846282,19.496577265582086
1206,77030,78.70427676583927,2026-04-27,4.26465319156037,26.935160228447327,23.61822315892302,20.30111366229786,20.802892007582425
1207,77030,70.07376658292961,2026-05-04,14.176657843573036,27.75606614143041,23.20620238414172,18.656309578040535,19.259302649314392
1208,77030,79.35997045451349,2026-05-11,1.348427581710612,28.697734718289016,24.358536895905218,20.019255180064736,21.594540932166723
1209,77030,68.3163896817036,2026-05-18,0.057665246798394,30.45300528500326,26.213196044843272,21.97339858555112,21.80557934952979
1210,77030,80.35896287677556,2026-05-25,16.563748642047678,29.29806697984182,25.157831836815863,21.01752377620718,22.522527336666986
1211,77030,73.71166712458316,2026-06-01,4.054049105757616,31.276368435530717,26.652246930299164,22.028104493661434,22.956666718725653
1212,77030,80.59593307554312,2026-06-08,9.304183093517851,30.77438518721187,27.49815379171418,24.22189190287699,24.79087181535757
1213,77030,75.93628269318366,2026-06-15,2.621674033757046,32.73206452026208,29.381855348296064,26.031624708534064,25.922813214910548
1214,77030,85.0509079433375,2026-06-22,11.720374809457818,31.113260857231605,27.870313868793385,24.62732337164388,25.781593693236744
1215,77030,71.00784562152371,2026-06-29,0.0,33.96828863793861,29.971188397289325,25.974179152386796,25.7258554656632
1224,77054,65.5186178346172,2026-01-05,0.0,22.966444088190688,16.49630542777491,10.026105212532265,12.558685169810063
1225,77054,74.7992781345118,2026-01-12,0.970788886136428,23.529196107043425,18.779535123983614,14.029776748009533,15.930900525094547
1226,77054,46.19827437621388,2026-01-19,0.038018816508668,16.707456825635095,11.360445153701574,6.013353589460369,5.958993168283164
1227,77054,81.63598360590079,2026-01-26,7.786050996523212,15.727272496351686,12.002724916368312,8.278093736838333,10.124610769180354
1228,77054,58.96480190358949,2026-02-02,0.0,12.20228608373894,6.346356624275753,0.490450636693795,2.675726416297469
1229,77054,64.17774267561141,2026-02-09,0.789659679372542,22.27782132256167,15.596610587363662,8.915356742560787,11.50380161885867
1230,77054,78.33687561613876,2026-02-16,3.75231098739763,24.84136933815935,19.707243271232578,14.57313634687897,17.040671501822523
1231,77054,67.40592229546678,2026-02-23,0.0,24.631904649956333,19.67266452412658,14.713300946438917,15.79671437894253
1232,77054,64.38756925200381,2026-03-02,0.0,24.961236654678252,19.052319065463575,13.143291329766036,14.791883045887438
1233,77054,77.55754975227512,2026-03-09,10.349719614286524,27.16985572629366,23.78759343609707,20.405219045310734,20.815807321887984
1234,77054,66.7892174958839,2026-03-16,1.954920178747283,26.19952116181351,20.216104151087585,14.2326480201924,16.15126919809401
1235,77054,56.03769327572608,2026-03-23,0.0,23.52721742857743,17.501224956801032,11.475050781585981,12.581731544537702
1236,77054,66.62277481551176,2026-03-30,0.0,27.833155574523676,22.644741319579794,17.45632486575824,18.30931666358959
1237,77054,73.26985850956785,2026-04-06,3.629818631124589,26.81801062343905,23.330018296351643,19.842004203892234,19.849390834537953
1238,77054,69.4865094163399,2026-04-13,2.882937504894643,25.46202557715344,21.756374663477658,18.050654769282374,17.909603982549914
1239,77054,73.15450012904532,2026-04-20,7.352964443919875,27.736914072942078,23.01174276898713,18.286510069771555,19.549983952183517
1240,77054,79.78765327177575,2026-04-27,4.404171470561177,26.785102354374008,23.54188469084298,20.298662478939697,20.87741186404279
1241,77054,71.09323734320428,2026-05-04,13.961060643773177,27.64871116554361,23.12254067494026,18.596364473724684,19.32638528229067
1242,77054,79.9296090227449,2026-05-11,1.213475117995883,28.570505346478406,24.295050480066628,20.01965027173323,21.612017008436325
1243,77054,69.19447270416441,2026-05-18,0.061463271960252,30.326000650905122,26.091162940537078,21.856350066459015,21.824257992859177
1244,77054,80.98856617598194,2026-05-25,16.55503650056543,29.19782928880429,25.076640809042562,20.955445338457068,22.531516815835904
1245,77054,74.77820009015471,2026-06-01,3.879730293107539,31.107112413531695,26.48219721361851,21.857207892686674,22.95377710572066
1246,77054,80.78356217717686,2026-06-08,8.534041645781679,30.669076555803453,27.455161273983517,24.241237895159344,24.780206495772386
1247,77054,76.62871334666602,2026-06-15,2.670408924199024,32.54861935625318,29.23739287853145,25.925974310146454,25.890798088546312
1248,77054,85.18524674499477,2026-06-22,12.198480881046835,31.027127630490995,27.818001708711176,24.60882405766147,25.751060972914356
1249,77054,71.89142799278686,2026-06-29,0.0,33.77682033251585,29.79681276422493,25.816812907391075,25.699609778587714
1258,77507,69.33650318451213,2026-01-05,0.0,22.602292885070796,16.378757730977163,10.155185305210018,12.870195537540887
1259,77507,76.3013794750103,2026-01-12,0.153537804842501,23.467185111114382,18.851849220804436,14.236424206109426,16.170742550254126
1260,77507,49.26590747555922,2026-01-19,0.0,16.94745356755533,11.341493954514446,5.735430744691903,6.244535160880628
1261,77507,86.24985582875878,2026-01-26,8.70160422820074,15.320193545595663,11.594481914670846,7.868733467655079,10.208011932428011
1262,77507,64.45076335880462,2026-02-02,0.0,11.39240358001583,5.974265047912772,0.556080397200914,2.797338643792584
1263,77507,70.52188223162817,2026-02-09,3.408752747194356,21.02296437938208,14.86202878339473,8.701050776092949,11.546838822587945
1264,77507,84.15181572069909,2026-02-16,3.781177077287308,23.63777187689399,18.94522428885831,14.25265111188343,17.02441798738174
1265,77507,72.1447846839575,2026-02-23,0.0,24.106700165906716,19.392789140082254,14.678857621169406,16.113552579294158
1266,77507,70.02192065746722,2026-03-02,0.0,23.84007198078153,18.567311820598245,13.294594623996325,15.03994258290975
1267,77507,84.9335550743019,2026-03-09,11.6721807419245,25.600543088837924,22.94407833810041,20.28748214135231,20.99749657564152
1268,77507,72.39319902127106,2026-03-16,1.346164360620147,25.41443718237272,20.038477663725626,14.66247567099095,16.697969241262573
1269,77507,60.97447842427642,2026-03-23,0.0,22.57984508843814,17.2887133535656,11.997544001462218,12.976821775552773
1270,77507,73.47477526454954,2026-03-30,0.0,26.553274155784603,22.00691348997704,17.460583401058646,18.617642604137526
1271,77507,77.84663385484782,2026-04-06,1.639876675596627,26.24826901525472,23.2362221297969,20.22414277573449,20.3757088591174
1272,77507,72.76036735081016,2026-04-13,0.560416695806551,24.86350108450722,21.850039775276237,18.836548817513187,18.42737854462238
1273,77507,76.7377446587396,2026-04-20,9.039155446126276,26.975001295348086,22.90244876816168,18.829897857800216,19.919211032867285
1274,77507,83.7741420573303,2026-04-27,3.430458771885872,25.998209745403948,23.349180075920668,20.700071183735638,21.247652399308638
1275,77507,74.15130200372565,2026-05-04,14.337651950818715,27.112034604963043,23.08679356851471,19.06153647512067,19.722331021677622
1276,77507,84.67931242865575,2026-05-11,0.93564839523136,27.689746937670243,23.940903544693104,20.191998782298793,21.927555995416
1277,77507,73.83880719695563,2026-05-18,0.026124392800842,29.440407839858473,25.638871487384137,21.83730942311055,22.069457821125294
1278,77507,84.97588633367572,2026-05-25,15.112863474618223,28.426206909839077,24.81136202399592,21.19648269530338,22.823460462629527
1279,77507,78.38397458715731,2026-06-01,5.414468226437919,30.44211455892203,26.250870563304975,22.059562735617572,23.273503765695093
1280,77507,83.87247992001097,2026-06-08,19.73754513029822,30.06679301825616,27.160476139773756,24.254078158658604,24.947277863602505
1281,77507,78.77764039649193,2026-06-15,0.199244093569774,31.635941119635667,29.17265392324458,26.70927637303394,26.15280971947581
1282,77507,88.06115692910333,2026-06-22,28.801926986869805,30.315208419141037,27.493411680756996,24.671617711074024,25.85039809256468
1283,77507,75.37645039527871,2026-06-29,0.0,32.737105147174354,29.472649945815125,26.20818064104848,25.92620342616925
1292,77586,71.11540816269316,2026-01-05,0.0,21.763960682746838,16.41909462871781,11.074236837791466,13.115582769299227
1293,77586,76.97083660328768,2026-01-12,0.142367264055439,22.980996207514615,19.034935597360715,15.088816773761437,16.42253730563787
1294,77586,50.67647689457363,2026-01-19,0.0,16.386755953627574,11.497827296983719,6.608869597216233,6.510403346157856
1295,77586,88.14431034217633,2026-01-26,10.350729011034332,14.733802794043331,11.623614027362718,8.513367852748093,10.434707203010403
1296,77586,65.90674415886784,2026-02-02,0.0,10.525208620776878,6.087555664640007,1.649920566384852,3.016287418633087
1297,77586,71.93378266426964,2026-02-09,3.128305454055746,20.051872148741783,14.838375319784133,9.624832978246845,11.679630290042953
1298,77586,85.11289508621927,2026-02-16,3.56777802268995,22.810151733999383,18.925703614493273,15.041207868198326,17.120396241359483
1299,77586,71.93416896866879,2026-02-23,0.0,23.63494081511897,19.649779809989763,15.664598176370049,16.3124429192486
1300,77586,70.3470767667352,2026-03-02,0.0,23.250892600993467,18.845898248259957,14.440829635047725,15.333502866381345
1301,77586,86.48115658275755,2026-03-09,13.018816053058101,25.114730783045886,22.839271349631563,20.563812778785888,21.100854455383345
1302,77586,73.48333119715994,2026-03-16,1.427471380409826,24.965983207434014,20.04541166625906,15.12480172116515,16.84050987213353
1303,77586,62.33548499483465,2026-03-23,0.0,22.01176673052927,17.259796942089224,12.50790538657659,13.11310173331384
1304,77586,74.53608537742808,2026-03-30,0.0,25.94575566585734,22.014602706688844,18.08348261540535,18.766957636567046
1305,77586,78.47752470643502,2026-04-06,1.642655579708486,25.909105095428426,23.357902221985206,20.806685506322903,20.578241335429343
1306,77586,72.24768170241934,2026-04-13,0.265338067478608,24.77201196817318,22.145501567733323,19.518997850108367,18.63527854766389
1307,77586,76.89207903208421,2026-04-20,9.555566893261183,26.626840912399178,23.11686292233795,19.606893289382118,20.1468992412405
1308,77586,83.54171457068423,2026-04-27,3.478135259774358,25.797059046642776,23.566698925258752,21.336296708058022,21.4325457336118
1309,77586,74.51605278797429,2026-05-04,14.928190374991887,26.67609385373903,23.191151873366106,19.706173479240363,19.878365776040518
1310,77586,86.2547418315026,2026-05-11,1.069971057517699,27.1231946966689,23.818084756881756,20.51298754935397,22.020256472996536
1311,77586,75.20014648905544,2026-05-18,0.067819845644814,28.872616107652288,25.536844704472895,22.201045647595663,22.16864033574231
1312,77586,85.72839268998872,2026-05-25,21.296602681818506,27.924110637266395,24.81076234697365,21.697370106885643,22.925964387330893
1313,77586,79.26876885272075,2026-06-01,5.149757054251142,29.933033934455928,26.19664244662857,22.460250895215616,23.347606139243567
1314,77586,83.81381616646888,2026-06-08,21.420011053497,29.866154370069587,27.280481763908703,24.69474695175956,25.054248752571603
1315,77586,78.49141442005298,2026-06-15,0.498139935068655,31.48185744445117,29.323410656718387,27.164939813379632,26.25434449442723
1316,77586,87.73684272468734,2026-06-22,39.75519338817726,30.2165539564366,27.66030740265613,25.104081926586034,25.967836386411054
1317,77586,75.29719318761194,2026-06-29,0.0,32.54440766886949,29.641374483529297,26.73835838940898,26.073694898510983
1326,77062,70.14371467855776,2026-01-05,0.0,23.28134807707663,15.989185757493354,8.696893561503815,12.586943288526161
1327,77062,77.19613886331337,2026-01-12,0.092654875909864,23.958525170589137,18.58570646397202,13.212942603441684,16.025700624373343
1328,77062,50.76295755825799,2026-01-19,0.007319794060263,17.437962051957147,10.706213549841829,3.974572956456484,5.848360579547532
1329,77062,89.7814983156846,2026-01-26,8.677118917471024,15.803597617652395,11.011000547859513,6.218461888170776,10.013642636124493
1330,77062,64.11470086571761,2026-02-02,0.0,12.23280159207986,5.877287515476892,-0.478196686348795,2.674141457710647
1331,77062,70.19753080309722,2026-02-09,3.942284769314553,21.766508936277333,14.808348024695386,7.850126527908452,11.461629644742013
1332,77062,82.99745264384647,2026-02-16,3.548779873079499,24.498800862220605,19.087974939047736,13.677148848835479,17.022601875559015
1333,77062,71.22450304441082,2026-02-23,0.0,24.82964844594769,19.46822939496723,14.10679520560404,16.07044880742355
1334,77062,70.11348997593193,2026-03-02,0.0,24.512521705484918,18.43732886711851,12.362146526003324,14.938213298404804
1335,77062,83.07804280870744,2026-03-09,9.770182196166324,26.384630396188367,23.191032373303766,19.997457533908168,20.98658560068108
1336,77062,71.81036180606483,2026-03-16,1.10254325140003,25.948707553543105,20.02064309915945,14.092530629961018,16.60749045477562
1337,77062,60.826513096599555,2026-03-23,0.0,23.27175699915823,17.209307789265896,11.146779687381802,12.88963503817799
1338,77062,72.70627041048033,2026-03-30,0.0,27.451824624270827,22.072701584830963,16.693524390725024,18.583987303066085
1339,77062,76.98320269233388,2026-04-06,2.807783970131161,26.922318853442434,23.295500327492658,19.668634401301027,20.31431409723624
1340,77062,72.24310745347245,2026-04-13,1.152510300001709,25.510606641298647,21.852352141845593,18.194063933414185,18.364573852690853
1341,77062,76.62544224341637,2026-04-20,12.64867226264306,27.579312044107876,22.86112806432869,18.14292455105089,19.8694640135108
1342,77062,83.35392746648253,2026-04-27,5.269491726471454,26.62971079344866,23.36501635410219,20.100297264152463,21.19433345674987
1343,77062,73.46534344719548,2026-05-04,15.856405630054528,27.712012941310125,23.162320235938676,18.612509267714113,19.697384421926483
1344,77062,82.95740432832733,2026-05-11,0.437392413601286,28.247582292134545,24.130007836760797,20.01232391536357,21.87311672461799
1345,77062,73.19670163005544,2026-05-18,0.056785759394103,30.20537008313583,25.680073498296696,21.154748866872897,22.017161549099526
1346,77062,83.67119892782732,2026-05-25,15.329142463149287,28.972814126990027,24.888070073209605,20.80336884689009,22.718367142529537
1347,77062,77.36038333096592,2026-06-01,4.881756277243062,31.204726189564415,26.33280517854919,21.460920074964957,23.205537387895134
1348,77062,82.54035972588935,2026-06-08,21.69037310595032,30.67686895203616,27.337447631037783,23.997995120942456,24.930119654987546
1349,77062,78.14544325950612,2026-06-15,0.216330844073832,32.46112187992896,29.218871853832805,25.976593896391392,26.102420686450742
1350,77062,87.13129564310412,2026-06-22,31.435483936961056,30.71948225126099,27.573456090479,24.427423917785454,25.794184728970087
1351,77062,75.45720762314724,2026-06-29,0.0,33.462469288271784,29.45384587864223,25.445191652849278,25.92014270494715
1360,77063,65.50476850352277,2026-01-05,0.0,23.3246837601955,16.520815056007905,9.716970790491812,12.572644828299087
1361,77063,74.43034075052933,2026-01-12,0.93541392493588,23.85713410135418,18.835409568017294,13.813713582422746,15.924808268474791
1362,77063,47.60909864440159,2026-01-19,0.15218403613793,16.881765695667074,11.229163193380511,5.576518586189152,5.988084576107919
1363,77063,81.22296170512541,2026-01-26,6.704177987339475,15.904750189614862,12.037181170299165,8.169507314788135,10.10699078581593
1364,77063,59.48878373214214,2026-02-02,0.0,12.254156687021673,6.255390612669702,0.256547816636168,2.631781373884122
1365,77063,64.20187462250603,2026-02-09,1.444786387908515,22.761482274926426,15.67495183210323,8.588251006382093,11.578110312542018
1366,77063,77.694274482383,2026-02-16,3.833847079069727,25.197037687727526,19.854739942499002,14.512353853762937,17.098502731588322
1367,77063,67.41936239691007,2026-02-23,0.0,25.122645768565736,19.857382726038892,14.592027585386823,15.98180210285204
1368,77063,63.833724223148295,2026-03-02,0.0,25.551831740909073,19.364726169359827,13.177691864070791,15.00539439580591
1369,77063,77.13312506645315,2026-03-09,8.362616435716046,27.766555077925588,24.03169208501653,20.296837140605973,20.980780945605414
1370,77063,66.91403447551738,2026-03-16,2.892185936362171,26.81956466905482,20.44719015485002,14.074815382192043,16.382333280316814
1371,77063,55.455461524413856,2026-03-23,0.0,24.227437243702298,17.715568012064573,11.203725888689362,12.697523814282274
1372,77063,65.48841916984567,2026-03-30,0.0,28.62546184242444,23.00570459394223,17.385772495192974,18.48742780279599
1373,77063,72.14474651696804,2026-04-06,2.564218776292092,27.339888494790205,23.6597103712499,19.979555478756566,20.00397882535579
1374,77063,69.7705661603331,2026-04-13,5.618366321160322,26.005618332471087,21.83290774465607,17.660098251625147,18.01246375629355
1375,77063,72.24692299765529,2026-04-20,6.872191448841288,28.33865825623495,23.408834230084086,18.478894012204492,19.792751569218883
1376,77063,79.33440705303519,2026-04-27,5.778361444981384,27.200414307288806,23.83113528429045,20.46190854375987,21.08219237022473
1377,77063,71.38642272635244,2026-05-04,11.743314614236017,28.02391116366917,23.276544731678612,18.5292620948206,19.498731102682147
1378,77063,78.70025683531559,2026-05-11,1.127601061382306,29.017775122733962,24.544343775785737,20.070956042089573,21.68621671642112
1379,77063,68.40417177073898,2026-05-18,0.058378455527965,30.771906465331966,26.339435629464134,21.906992272796636,21.941451737768865
1380,77063,80.37574745869154,2026-05-25,20.520817587932804,29.553710179470833,25.228607269161007,20.903407340151198,22.58960569567132
1381,77063,74.66498826309184,2026-06-01,5.064497430273683,31.242914516158237,26.558111409207957,21.873301024684,23.004922232870722
1382,77063,79.8774856676207,2026-06-08,6.679572602635867,31.065235719515858,27.670301203770144,24.275376199141437,24.8524732886422
1383,77063,75.58712789926544,2026-06-15,4.733348098087949,33.04017398432464,29.503811578090662,25.96752483633047,25.986161760985983
1384,77063,84.38022042116434,2026-06-22,15.589693990551366,31.284236794922347,27.9979801526955,24.711715354229817,25.80593402530055
1385,77063,71.10427788590864,2026-06-29,0.0,34.108450996045114,30.011090247522695,25.913641330599663,25.77833528799484
1394,77057,64.91951539788647,2026-01-05,0.0,23.376272583940946,16.65423081708524,9.932262350485566,12.632346660822053
1395,77057,74.04160070394684,2026-01-12,1.014072412034869,23.87385699019105,18.927702391117194,13.981501366054522,15.9664900691841
1396,77057,46.82713794377639,2026-01-19,0.139665483429439,16.874883889114116,11.34897897224732,5.823062019343691,6.010073053812419
1397,77057,81.03395824091204,2026-01-26,6.811308827794059,15.878410814668714,12.108309014200067,8.33817381759191,10.154297169822751
1398,77057,59.40004217502316,2026-02-02,0.0,12.252191723741193,6.284387788824768,0.316525685248846,2.653789339768686
1399,77057,63.858085546249626,2026-02-09,1.165943822003329,22.730865061592066,15.724377766184693,8.717869757297029,11.580362108031016
1400,77057,77.53871094390038,2026-02-16,3.990609991027134,25.173341196277264,19.876810240250478,14.580295867625459,17.101733557253173
1401,77057,66.94604958021768,2026-02-23,0.0,25.079498784189663,19.91965882089402,14.759914299155522,15.980873426259421
1402,77057,63.51230475559589,2026-03-02,0.0,25.476949002972532,19.380857536249074,13.284782722564978,14.981785611321119
1403,77057,77.13412357225356,2026-03-09,9.112352409037173,27.64262213172623,23.98511745766253,20.327584825164983,20.938288154560883
1404,77057,66.56960943869362,2026-03-16,2.825719039442569,26.748237699338272,20.4679492334906,14.18768306884932,16.356973246460505
1405,77057,55.13596889181917,2026-03-23,0.0,24.115940173529495,17.759413873395733,11.40295007996968,12.696731309648083
1406,77057,65.15398129767546,2026-03-30,0.0,28.52294913653801,23.039315996456683,17.555550048578457,18.47229340103448
1407,77057,72.10476724979688,2026-04-06,2.829702382209872,27.225155663260953,23.627901571326326,20.03069767984052,19.969412864072844
1408,77057,69.29048165762221,2026-04-13,5.228209248525415,25.90232067492297,21.871712575835943,17.841025346860302,17.985644709082184
1409,77057,72.10295447674702,2026-04-20,5.975664659938272,28.19861831348123,23.357827890142957,18.517079693067902,19.725896793821022
1410,77057,79.05944761074109,2026-04-27,5.475099594791048,27.089722492513662,23.79656088576134,20.503337221756365,21.012393789384156
1411,77057,70.95037746933684,2026-05-04,11.877887236254523,27.969479657687668,23.271025138602976,18.57240296360982,19.435733743949253
1412,77057,78.31797874606205,2026-05-11,1.380007070588191,29.01841112202345,24.580943807723802,20.143574220043636,21.667354811231373
1413,77057,68.01176282870989,2026-05-18,0.050648424551083,30.780750082860106,26.36573592488299,21.95071304665824,21.90610944289866
1414,77057,80.13698794223117,2026-05-25,19.81985069175729,29.561348384616696,25.221094929262165,20.88081548213524,22.549201655595752
1415,77057,74.03864940878186,2026-06-01,4.499405086089897,31.376853268061176,26.645428922793354,21.91389550892796,22.99528180755344
1416,77057,79.53253044731403,2026-06-08,8.451497527780761,31.085701753716602,27.669963362061175,24.254153055587864,24.801406757014124
1417,77057,75.21353712537419,2026-06-15,5.613968960174846,33.05463988559605,29.515341092536246,25.9761209795367,25.940159986836086
1418,77057,84.09716632776393,2026-06-22,16.578778740244996,31.282354866437014,27.986402596663567,24.69041509300038,25.754563502155033
1419,77057,70.20092675454214,2026-06-29,0.0,34.25557243231186,30.138864712383675,26.022140383878963,25.756465402863448
1428,77076,67.09569358546405,2026-01-05,0.0,22.834301222152686,16.138176982337352,9.441996752133347,12.393838827207654
1429,77076,75.24978573469737,2026-01-12,2.527273895823139,23.52469249709319,18.65111583312096,13.777547821584468,15.835947452614807
1430,77076,49.11741250054343,2026-01-19,0.282642784282187,16.55807554620913,11.02940040942854,5.500647045741669,5.960502847154947
1431,77076,82.27845992130594,2026-01-26,6.890960759978778,15.450846813610367,11.581824331453566,7.712752517536399,9.775718904436163
1432,77076,61.15890911830136,2026-02-02,0.0,11.84040843691219,5.775531289977557,-0.289466683818649,2.332805532061464
1433,77076,65.7974347800368,2026-02-09,5.129427467522656,22.37394269935776,15.363360795094838,8.352731428436726,11.460380808208646
1434,77076,78.35010669056444,2026-02-16,4.025294377397447,24.720698247584995,19.53106540070867,14.341386615335258,16.87133956972043
1435,77076,68.4967354904044,2026-02-23,0.0,24.625315604385897,19.559202000240766,14.492934890829677,15.836301611236424
1436,77076,64.35969289496894,2026-03-02,0.0,25.099412773043447,19.061415657957905,13.02344669624134,14.792629382241081
1437,77076,78.53876460559717,2026-03-09,15.49016837247403,27.16150377752633,23.735025740994026,20.30843945899598,20.89419517772176
1438,77076,68.10674141586323,2026-03-16,3.322459391327139,26.355591823389283,20.19531887412898,14.035031922805283,16.302533082009976
1439,77076,55.53032116551996,2026-03-23,0.0,23.658475927872463,17.56886569125986,11.4792646393242,12.581630390907836
1440,77076,66.18099549468161,2026-03-30,0.0,27.97330452529428,22.745651264314702,17.517989557082867,18.3430350499313
1441,77076,73.37658952696155,2026-04-06,4.529730048010753,26.676924519087805,23.290595662660973,19.90430903934652,19.825932968392394
1442,77076,69.90598393027322,2026-04-13,4.669685917564476,25.36990790506471,21.499598880486147,17.629262552385345,17.72976502712784
1443,77076,73.4049258855168,2026-04-20,7.572738660575461,27.466132855802645,23.036538409617787,18.60685154908383,19.60103050406901
1444,77076,79.51255420828261,2026-04-27,4.911401489620276,26.609368302175753,23.550684510866027,20.491914153916607,20.84691651492862
1445,77076,72.65880682733084,2026-05-04,12.928785103792832,27.368374735404846,22.88665104663006,18.40481992055209,19.302725730868552
1446,77076,79.14029332202534,2026-05-11,5.567822235374582,28.557951179319513,24.22669187591598,19.895525376215044,21.448100334358333
1447,77076,68.52387504090687,2026-05-18,0.046705448185608,30.334954294993494,26.17148571997097,22.007883017763795,21.799363831556267
1448,77076,80.12907560088756,2026-05-25,13.926415482454136,29.232076809252902,25.095670228809027,20.959258547971125,22.428113173956586
1449,77076,74.04017108167487,2026-06-01,3.649720420935405,31.15505954602525,26.60924985674361,22.063500799083627,22.964289226075373
1450,77076,80.49697690524076,2026-06-08,18.349226385744878,30.601023593304607,27.353243189989865,24.1054090173839,24.634935344353064
1451,77076,75.52188001262111,2026-06-15,6.25161123204899,32.684514286710595,29.375375208045302,26.06642851854464,25.855099513096306
1452,77076,83.89146390941966,2026-06-22,16.733009277696333,31.122680557688756,27.884918438257166,24.64711274739746,25.631361551173008
1453,77076,69.37890486879178,2026-06-29,0.0,34.06737740407839,30.24601050846826,26.42460483755285,25.72691375594321
1462,77037,67.71503393793724,2026-01-05,0.0,22.783098522724263,15.918142223952243,9.05323013212989,12.256338694562118
1463,77037,75.57704957819584,2026-01-12,3.18312093082824,23.514021372586953,18.547388112053753,13.580708666690901,15.77379198594855
1464,77037,49.695286252879995,2026-01-19,0.326578789161973,16.494072091420726,10.84715559704439,5.200183533761562,5.858914959861694
1465,77037,82.47274093840358,2026-01-26,7.136650422943729,15.384904396106093,11.421700646772496,7.458430069334995,9.64694254540442
1466,77037,61.34513402012448,2026-02-02,0.0,11.735701041395428,5.608894415825864,-0.517951740653797,2.196137121949779
1467,77037,66.25977142901353,2026-02-09,5.858007385857176,22.305212676572893,15.205161532030848,8.105104253906493,11.368366959879516
1468,77037,78.3467367399702,2026-02-16,4.097077875014437,24.670493506651457,19.43455642029467,14.198537041274154,16.778466834398778
1469,77037,68.6392288540535,2026-02-23,0.0,24.53246279823042,19.410690266735,14.288817893327408,15.718918920496895
1470,77037,64.51282015009076,2026-03-02,0.0,25.056226434318297,18.919535903751353,12.782818321198206,14.681289132470155
1471,77037,78.18506412418742,2026-03-09,13.962742817154584,27.21584063202222,23.709621748766594,20.203448722248197,20.82085624826427
1472,77037,68.1417557729922,2026-03-16,3.464563375457434,26.355911428369566,20.076337949936594,13.796782664263553,16.197013821542477
1473,77037,55.588484935267346,2026-03-23,0.0,23.63883181296989,17.424252287012457,11.209663251079679,12.46260775836737
1474,77037,66.15029165304998,2026-03-30,0.0,27.930166879889853,22.642499899880306,17.35472719325263,18.244080493660285
1475,77037,72.89823467838384,2026-04-06,4.2402008267314,26.773526946776038,23.292368836157706,19.81115433041346,19.76327717381121
1476,77037,69.61468497841098,2026-04-13,6.928192851564864,25.548692043742484,21.48159731919848,17.414370682421428,17.67138160811281
1477,77037,72.83228191950596,2026-04-20,6.607605494701017,27.597816575588872,23.10457927795681,18.611282556458967,19.588597627794613
1478,77037,78.85764753125108,2026-04-27,4.494542630834273,26.70422030707983,23.61535863553712,20.52650288235504,20.8210837665232
1479,77037,72.69444709730362,2026-05-04,13.572484047187432,27.4030507397414,22.83298286332161,18.262854700949063,19.25341435876202
1480,77037,79.09797230319904,2026-05-11,5.460071665397949,28.508283637201316,24.145094539824306,19.78191804109421,21.365613847736327
1481,77037,68.32691890062993,2026-05-18,0.059425592483049,30.32906553228814,26.13947469925443,21.949908147681555,21.742485565852405
1482,77037,79.77197618475911,2026-05-25,11.88290595099102,29.263514012498927,25.105104512300947,20.94665219216924,22.388412452718235
1483,77037,74.31744296335542,2026-06-01,3.579526079932311,31.025170189554657,26.499511343076836,21.973812055907324,22.901880785337582
1484,77037,80.272480134993,2026-06-08,17.3973112023658,30.632878748766075,27.347915876799206,24.062826922257393,24.597420324151003
1485,77037,75.52827381750612,2026-06-15,5.468609792121685,32.72553708477718,29.321246080563,25.916891048622954,25.80482566645561
1486,77037,83.49073072790856,2026-06-22,17.72431703011749,31.14891004345052,27.90858293619526,24.668173525539103,25.598117749464805
1487,77037,69.08010636644835,2026-06-29,0.0,34.17117062235083,30.266278705065623,26.36134316551299,25.69880593705417
1496,77024,65.26051929212176,2026-01-05,0.0,23.29131053385272,16.507774776041355,9.72422789823895,12.536067859014905
1497,77024,74.13577526963354,2026-01-12,1.435737031440755,23.873283235131453,18.86174233229042,13.85021125306731,15.910469922992997
1498,77024,47.70874779985635,2026-01-19,0.206111152639832,16.778316614234775,11.180828100774672,5.583276383958128,5.952243648868995
1499,77024,80.93202626973026,2026-01-26,6.459758081059594,15.869006532406164,12.013719964758769,8.158427348593863,10.059524868255096
1500,77024,59.50878990030255,2026-02-02,0.0,12.196057235124378,6.174642650312798,0.153157270957882,2.564384391589824
1501,77024,64.27043374255851,2026-02-09,1.403696575121048,22.76456135707528,15.623193774520487,8.48182894586636,11.535654797608403
1502,77024,77.68089263332111,2026-02-16,3.838377757110599,25.16811401130752,19.802955051522492,14.437727067560932,17.048207884668283
1503,77024,67.28935883061362,2026-02-23,0.0,25.073485744616452,19.824062801639293,14.574597648350926,15.936042369831537
1504,77024,63.639077495043786,2026-03-02,0.0,25.54812522604805,19.329265470459863,13.110435782507091,14.94961663839914
1505,77024,76.8883787439791,2026-03-09,8.626924280643308,27.74900269867002,24.060421097047232,20.371891800369394,20.974282296909255
1506,77024,66.70378999100336,2026-03-16,3.301292906416425,26.870322289286616,20.487324759769415,14.104308478915353,16.391458307151755
1507,77024,55.16642694394206,2026-03-23,0.0,24.1958502166971,17.77379062467019,11.351643029007537,12.71328734976782
1508,77024,65.3755014492273,2026-03-30,0.0,28.544575918254658,23.010592002133066,17.476600639200154,18.47611924828059
1509,77024,72.05823632255745,2026-04-06,3.066007092655069,27.231837289318726,23.635689327158246,20.03954904381314,19.968689985695857
1510,77024,69.73729819402932,2026-04-13,5.766249895814158,25.892662403039157,21.751863237275398,17.61107837208275,17.93546289913639
1511,77024,72.22393937576823,2026-04-20,6.974943519844326,28.173831222208122,23.363502629498598,18.553144538041543,19.745163080638914
1512,77024,79.12400308632623,2026-04-27,5.539241042001761,27.0987485812234,23.808035591248622,20.51729550157104,21.030134237732636
1513,77024,71.42132010973154,2026-05-04,11.570731399885117,27.965263989759624,23.218974562105803,18.47265753069897,19.44389954165733
1514,77024,78.19555818231417,2026-05-11,1.742360231057801,29.053675616065167,24.582890778266805,20.112001767021148,21.656487140871306
1515,77024,68.1771722368149,2026-05-18,0.081207348880112,30.830436626583566,26.342426116014888,21.854439835916576,21.910403471949166
1516,77024,79.93104581374742,2026-05-25,19.16856701594463,29.654078286121834,25.264495899046924,20.87494331453232,22.56131917248624
1517,77024,74.08568342341651,2026-06-01,4.849846985497773,31.451341562707935,26.64746592517975,21.84356034694087,23.00698296209032
1518,77024,79.45944302150126,2026-06-08,7.990615553670407,31.205486114647,27.729376907630865,24.253278856536483,24.847280810042783
1519,77024,75.05288788625202,2026-06-15,6.366642618564498,33.21662148560732,29.599581703815655,25.982527475722012,25.995889806523
1520,77024,83.861659715488,2026-06-22,17.807241594397826,31.387750773245273,28.065556246868272,24.743256485085773,25.796820042764118
1521,77024,70.29344511386407,2026-06-29,0.0,34.279834177612116,30.171892558588926,26.063945095240012,25.8017264605196
1530,77056,64.43637330748193,2026-01-05,0.0,23.36698427131199,16.693030430344045,10.018930439762679,12.616289719680726
1531,77056,73.86095785320416,2026-01-12,1.101770229940139,23.87582496620364,18.930009544752366,13.98426368178775,15.949282350837686
1532,77056,46.19896674744029,2026-01-19,0.136526248527161,16.871332859686408,11.397933969249701,5.924590302747171,5.985211988936667
1533,77056,80.64491488162543,2026-01-26,7.018463337409166,15.907163527548446,12.14227226384389,8.377386273904847,10.148946584274473
1534,77056,58.7344081774486,2026-02-02,0.0,12.39730995213772,6.349759454746241,0.302175826704081,2.660624308755497
1535,77056,63.728766159313246,2026-02-09,1.07288459068258,22.771412760157567,15.753045697940832,8.73462218841024,11.587932285947455
1536,77056,77.70415541956274,2026-02-16,4.260675766191244,25.223644105515007,19.86594792579658,14.508191370429428,17.11193574148468
1537,77056,66.76743973221487,2026-02-23,0.0,25.194832548755407,19.96987554585939,14.744859157698489,16.004439285547495
1538,77056,63.18341148182939,2026-03-02,0.0,25.53104234675398,19.399034602005763,13.267076511793952,14.960378715407822
1539,77056,76.79093377717021,2026-03-09,9.362197199128694,27.662724734344962,24.010045812579264,20.35743044167014,20.915497775626744
1540,77056,66.18315505275763,2026-03-16,2.80150054474305,26.73299507921344,20.507958314961602,14.282908052206686,16.344009607640295
1541,77056,54.6757253078802,2026-03-23,0.0,24.115589471851365,17.840201379079666,11.564774118141985,12.71170753414235
1542,77056,64.78526657024574,2026-03-30,0.0,28.494189777975723,23.080459359543593,17.66664517573642,18.46002736654879
1543,77056,71.9332594050701,2026-04-06,3.148514043812036,27.20172270506164,23.61332835171866,20.024902916594844,19.93173750124654
1544,77056,68.94413890868613,2026-04-13,4.692855981880743,25.903223260375576,21.89526038690813,17.887391723395837,17.963336744312183
1545,77056,71.98675947814706,2026-04-20,5.56625292642378,28.142264328539184,23.335012128805573,18.527675602617975,19.689328919690734
1546,77056,78.78165528707385,2026-04-27,5.186798746377995,27.097079347039717,23.79343173519311,20.48977648301145,20.97436954685695
1547,77056,70.62952157582721,2026-05-04,12.056426183863666,27.955488604477974,23.279116470872246,18.602673366685746,19.396204960515423
1548,77056,78.2766718081573,2026-05-11,1.8722929247449,29.05697001833926,24.61697386456112,20.176953758569976,21.696787708890227
1549,77056,67.96118259605774,2026-05-18,0.043086680323694,30.848248251855292,26.391963190640105,21.93566170501078,21.920825112678774
1550,77056,80.03296457924216,2026-05-25,18.725844393898704,29.603940454609013,25.25426846246919,20.90466269951045,22.566734445121096
1551,77056,73.76106025492938,2026-06-01,4.28421977387724,31.496527340220354,26.71801286383317,21.939436215460624,23.023165956051518
1552,77056,79.46466628980954,2026-06-08,9.620484216957085,31.142994114949005,27.686200805913675,24.22925244489785,24.806131832243008
1553,77056,75.02114194770935,2026-06-15,6.399754084780298,33.12797567855113,29.56344088798141,25.99893469690605,25.95610001954564
1554,77056,84.20785695024153,2026-06-22,17.660610961448633,31.30582779524003,27.972014163624223,24.638112723336096,25.75635024914244
1555,77056,69.74649378446385,2026-06-29,0.0,34.39660983900467,30.24868490787611,26.10066412253537,25.787396028280547
1564,77005,64.28565218554577,2026-01-05,0.0,22.855154496527824,16.642102865540487,10.428949181240982,12.559433308263866
1565,77005,74.59393033497335,2026-01-12,1.019426303158254,23.454529973263863,18.750924012450092,14.047203944894823,15.885832049195866
1566,77005,44.70437641584583,2026-01-19,0.051579460867784,16.59468116548806,11.442945664083192,6.291120727081931,5.87737787129899
1567,77005,80.94446507650628,2026-01-26,7.969603173692089,15.745405169601353,12.082487287271691,8.419516007955592,10.124997609205574
1568,77005,58.463953911664284,2026-02-02,0.0,11.929020329460778,6.267231270680313,0.605385714924458,2.562014600327679
1569,77005,63.079928320339775,2026-02-09,0.856060991331656,22.185140555712824,15.704476185006927,9.223723625970981,11.482390004125481
1570,77005,77.85428110375356,2026-02-16,4.484780914617041,24.751947742404802,19.811456925695182,14.870946087194184,17.080291049117402
1571,77005,67.09256950230275,2026-02-23,0.0,24.58837545995822,19.733615497210383,14.87879912524821,15.83339303530228
1572,77005,62.616089077695364,2026-03-02,0.0,25.03373280068302,19.34821160846919,13.662593368853742,14.841464015502748
1573,77005,76.37489086954052,2026-03-09,9.64547766032051,27.46722720412803,23.905692979155642,20.344121863747738,20.76337006470207
1574,77005,65.70877351317701,2026-03-16,2.136451030475561,26.489078264150052,20.404144713964943,14.319159604570334,16.188392395111528
1575,77005,54.481930304018,2026-03-23,0.0,23.84378264039229,17.776134864460687,11.708413731494376,12.632022875372227
1576,77005,64.77632870770907,2026-03-30,0.0,28.172387642136215,22.933798801933357,17.69514622576414,18.324769265632913
1577,77005,71.76202819139866,2026-04-06,2.935425289503466,27.04408996874355,23.484312033907475,19.92437905552328,19.788707666654233
1578,77005,68.1741586749798,2026-04-13,3.050341266156158,25.760377425475877,21.89883239081095,18.03732180232489,17.86550677609637
1579,77005,71.78913601365359,2026-04-20,5.102715635100521,27.98962022490364,23.175338649956977,18.361008019852786,19.51748243415315
1580,77005,78.43157022869052,2026-04-27,4.833632507815631,26.99606755239293,23.664275233888123,20.332335937425754,20.80773464760699
1581,77005,69.8024547669471,2026-05-04,13.804058560426594,27.80189059867699,23.23378382752201,18.665643783357478,19.244160358982924
1582,77005,78.9133110619486,2026-05-11,1.520994132368173,28.799002412952362,24.425327514307636,20.05155933699822,21.59682806905312
1583,77005,67.78240046131192,2026-05-18,0.048740494502631,30.584832374393656,26.29079744405907,21.996719787453568,21.799357855436305
1584,77005,80.00328419513617,2026-05-25,17.67178511329967,29.384381445569016,25.188281916266735,20.99216561791048,22.50145985383737
1585,77005,73.3406527788278,2026-06-01,4.207163400813244,31.341941266451904,26.685248827174835,22.0285420366958,22.93145263149858
1586,77005,80.2291080989614,2026-06-08,9.59117716597921,30.896109197157365,27.55396051471816,24.211786298595566,24.789275026410515
1587,77005,75.49033141326231,2026-06-15,4.325562709970903,32.8697013047671,29.45287151125118,26.03601051217689,25.922108976642786
1588,77005,84.7953773157296,2026-06-22,12.74158329830381,31.20452735942059,27.90731722357324,24.609982693567872,25.780514480468053
1589,77005,70.40216643522315,2026-06-29,0.0,34.09798864536467,30.065828065266494,26.03357592885974,25.719762017480782
1598,77042,65.76739182029803,2026-01-05,0.0,23.44064848941638,16.37989587464347,9.319119399473447,12.472211616500868
1599,77042,74.59796325983153,2026-01-12,1.401095286651094,23.88674659038277,18.73634943957165,13.585932614782655,15.84701749837364
1600,77042,48.57074241012947,2026-01-19,0.251872132049817,16.85520704145627,11.023474891862817,5.19162396966068,5.906076366375037
1601,77042,81.39155268817112,2026-01-26,7.165998536931649,15.925285510051213,11.937214255390337,7.949057190280649,10.028966609715116
1602,77042,60.13256111824948,2026-02-02,0.0,12.111870668612505,6.037587447821828,-0.036653976447257,2.485988506252197
1603,77042,65.21773817489168,2026-02-09,2.062355720949132,22.668992569587918,15.41713100440665,8.165117998474125,11.464235012938781
1604,77042,78.78762148342261,2026-02-16,3.691349776479336,25.093708393045933,19.64773677017373,14.201770942801076,17.03531320397012
1605,77042,68.2929222058032,2026-02-23,0.0,25.035030287168347,19.672778156126803,14.310550309888184,15.921586974443821
1606,77042,64.6371354090224,2026-03-02,0.0,25.527596745474145,19.189792077238135,12.852006675976073,14.947857402981086
1607,77042,77.73921881299746,2026-03-09,5.641843448129548,27.77190161547751,23.978358475376,20.184754800580983,21.010322010875317
1608,77042,67.66715661089793,2026-03-16,3.173481939558049,26.75194050604519,20.35289172677035,13.953823617895445,16.39314102195012
1609,77042,56.129109421423045,2026-03-23,0.0,24.15651094042603,17.60528042068301,11.053910083172484,12.683429532841968
1610,77042,66.27406317894814,2026-03-30,0.0,28.539377916710777,22.91865362440202,17.29784849384607,18.51427914446908
1611,77042,72.69083566893322,2026-04-06,2.633080399517776,27.33319856983236,23.589385115109447,19.84551867074593,20.0116230668297
1612,77042,70.56193884453496,2026-04-13,6.025659709250898,26.025387151955446,21.717661906892477,17.409785129842394,18.0124227056283
1613,77042,72.81170688022769,2026-04-20,8.460349355061712,28.400102176938407,23.375977223211397,18.351779435142564,19.8390266446448
1614,77042,80.03899767424083,2026-04-27,6.019946677855096,27.21357154032613,23.772471395883752,20.331399618356297,21.119610177530234
1615,77042,72.02446055076632,2026-05-04,11.68507435906241,28.054965351232802,23.21525657288351,18.375507508633806,19.52632962855482
1616,77042,79.03887936912797,2026-05-11,1.264423401896974,28.996874003894206,24.46184452517668,19.92680734176369,21.65724818985834
1617,77042,68.81448035676163,2026-05-18,0.107714473133,30.7958222630151,26.272872428419724,21.74985220386696,21.940380973498893
1618,77042,80.32333534269058,2026-05-25,19.712235462858203,29.6550893655761,25.240110074301555,20.82507059570783,22.593433159896325
1619,77042,75.03364837327558,2026-06-01,5.536819658132368,31.23108982157924,26.464643646678912,21.698228000214783,22.972083075998835
1620,77042,79.56526091223563,2026-06-08,6.237534701323496,31.21441837463012,27.711947944560656,24.20942522516475,24.848359176107003
1621,77042,75.34743423850304,2026-06-15,4.812758667296261,33.13566048924809,29.521972830273587,25.908262985905857,25.96759808322068
1622,77042,84.01044837212086,2026-06-22,15.920646478058668,31.37705214897395,28.027769902584314,24.678562128771084,25.780560129065428
1623,77042,70.98945091437575,2026-06-29,0.0,34.14952618315258,30.012467943215206,25.875400759340877,25.761773919163407
1632,77099,66.22949775641233,2026-01-05,0.0,23.643814823210928,16.219789514100437,8.795651489725618,12.369487363243037
1633,77099,74.96755045903232,2026-01-12,0.578657753594581,23.89984848847057,18.613251725453747,13.326731485734886,15.782013829881388
1634,77099,48.991775380886764,2026-01-19,0.157854487283069,17.031156236263307,10.883800529685407,4.736500240000941,5.830165236578146
1635,77099,80.98978314058809,2026-01-26,5.963541954629411,16.115858108205348,12.026274013759487,7.936642161544475,10.073134646744075
1636,77099,60.64475387382715,2026-02-02,0.0,12.230753562523953,5.896470321966976,-0.437816451557159,2.397023377342593
1637,77099,66.1356950519568,2026-02-09,3.919912777294055,22.726412794622338,15.233473624350196,7.740483293372756,11.400855839526027
1638,77099,79.42849469651779,2026-02-16,3.870690050246104,25.124402509908375,19.42869903087578,13.732912893399178,16.907660017396942
1639,77099,69.1482215558961,2026-02-23,0.0,24.90650500774363,19.439889172142173,13.97321283042199,15.805488568698072
1640,77099,66.7983004048622,2026-03-02,0.0,25.272449480334764,18.78225497413669,12.2920051309139,14.840842514942775
1641,77099,78.58006323163063,2026-03-09,3.748604841750517,27.60920695879764,23.79527395038487,19.9812602662335,20.950331277775376
1642,77099,68.78213899973278,2026-03-16,2.3550355693655,26.5136186298683,20.05615918181842,13.598614258478195,16.266762977306687
1643,77099,57.537312428421025,2026-03-23,0.0,23.980811151404758,17.212391566318868,10.444067453442768,12.508435466110292
1644,77099,67.75334160207096,2026-03-30,0.0,28.417658453297285,22.59057552086794,16.763468527477016,18.409021872124587
1645,77099,73.66195203180607,2026-04-06,2.083088369353094,27.311461506614354,23.437436659806533,19.563396227266857,19.999688369286332
1646,77099,72.21000746107245,2026-04-13,4.967376019937825,25.9056373618568,21.454248941184158,17.002857386058757,17.988617969583014
1647,77099,74.37142254226801,2026-04-20,6.785855581910152,28.190822944115535,23.11166820948537,18.032467180196043,19.80748082466304
1648,77099,81.81064211196379,2026-04-27,6.078653911124782,26.934994132065853,23.48789389710542,20.040781698745505,21.08709240679477
1649,77099,73.45196494792754,2026-05-04,12.224474856349143,27.884179699009117,23.02025447903249,18.1563796631113,19.54857181715301
1650,77099,80.69497722279468,2026-05-11,0.936246373945443,28.800888050631176,24.281065483308204,19.761199597902813,21.702555043897885
1651,77099,70.5264379100871,2026-05-18,0.082582863218656,30.5878546187358,25.992625139568613,21.397342713502375,21.93235006767271
1652,77099,81.5851288786739,2026-05-25,21.201512262968436,29.549176329138987,25.119459751722925,20.689582992217883,22.652863489347983
1653,77099,76.75581699630004,2026-06-01,6.024147992089754,31.049229367985323,26.18510937673491,21.320961403193525,22.960585260991223
1654,77099,80.36571426339017,2026-06-08,7.582397181301296,31.10800634157441,27.60187656766005,24.095653094884916,24.86394474387323
1655,77099,76.96052549543462,2026-06-15,2.522991948458087,32.790426621465784,29.229047877264346,25.667612655402213,25.93292357852331
1656,77099,84.78204554361741,2026-06-22,15.84214966169817,31.29715098531847,27.921722849740508,24.5462950633033,25.79266029420521
1657,77099,73.13860950605867,2026-06-29,0.0,33.745123838385155,29.612902289850688,25.480681240891553,25.718997254618635
1666,77072,65.72001441505924,2026-01-05,0.0,23.54187213834814,16.350269283695273,9.15855606335342,12.431849730678248
1667,77072,74.93978393843477,2026-01-12,0.926539983396137,23.838697240905653,18.637841233300065,13.436917148288112,15.79666694713506
1668,77072,48.63265433695355,2026-01-19,0.183627185176443,16.919893767166023,11.00066758773238,5.081451642543341,5.894256235985751
1669,77072,81.21839438069715,2026-01-26,6.559098744889786,15.975680052685643,11.955198514878248,7.934736434844308,10.027890561516035
1670,77072,60.530840997167275,2026-02-02,0.0,12.020703311383224,5.938854447727468,-0.143055268493315,2.425052404763102
1671,77072,66.01782842426712,2026-02-09,3.424923479833097,22.51554301762059,15.284564505933364,8.053536507455675,11.435969419652917
1672,77072,79.21708740081604,2026-02-16,3.831408851626763,24.85815834577692,19.535626435895924,14.213041152186875,16.98307555667538
1673,77072,69.19292812168479,2026-02-23,0.0,24.68237290119368,19.4642994609393,14.246189196669146,15.841313115072948
1674,77072,65.89919147941072,2026-03-02,0.0,25.159916810114623,18.98652070417561,12.813041650248572,14.918901601897655
1675,77072,78.43836940605053,2026-03-09,3.864383782045426,27.58153885425774,23.79295138812045,20.004323290718318,20.929055551387282
1676,77072,68.53937793621071,2026-03-16,2.688400622980789,26.480516382068025,20.100523847742767,13.720572869838733,16.274599768152736
1677,77072,57.07823269570379,2026-03-23,0.0,23.93554535197729,17.309112036146356,10.682652951106808,12.538018116859828
1678,77072,67.34520551032551,2026-03-30,0.0,28.32400436540923,22.652577887624332,16.981116555042412,18.412024287405956
1679,77072,73.41323381089286,2026-04-06,2.471965129655377,27.264951927477448,23.469760162080576,19.67452099122054,19.996788128002095
1680,77072,71.75707128824538,2026-04-13,5.200554827872288,25.917366109900215,21.52537073053172,17.13337468508941,17.994778337951466
1681,77072,73.75790083602999,2026-04-20,7.896200285055585,28.29809611109073,23.229822486652328,18.16150408713803,19.833909904809317
1682,77072,81.18008839839023,2026-04-27,6.030848239131986,27.04259166342459,23.60554949134097,20.16844375335549,21.113699027104264
1683,77072,73.14303748046412,2026-05-04,12.267201430675229,27.90618388013865,23.066378142861062,18.22649436241691,19.54453142841221
1684,77072,80.35209446183185,2026-05-11,1.047644803018549,28.82679128625782,24.29761925849194,19.76843474935031,21.677441776092262
1685,77072,70.00707338550203,2026-05-18,0.096536425559179,30.57898746240786,26.085005159791024,21.59100361739462,21.9424428773722
1686,77072,81.35081444266449,2026-05-25,20.582681048193166,29.511650989639424,25.133762960440052,20.755841531688453,22.634527921754703
1687,77072,76.2993851231905,2026-06-01,5.861245972139155,31.038807673637343,26.263737064400754,21.488589559072786,22.96782524983955
1688,77072,80.27522875357867,2026-06-08,6.89961160492933,31.091075263929206,27.61810770583392,24.14504016576664,24.863785153848866
1689,77072,76.45221824603344,2026-06-15,3.165672714602101,32.86838226560285,29.33792951689254,25.807377119420735,25.960038205772968
1690,77072,84.6774313136954,2026-06-22,16.21390704056245,31.30049900041525,27.945088337282726,24.589685402107037,25.798422031928972
1691,77072,72.44741221075611,2026-06-29,0.0,33.83280329695367,29.754969530362096,25.677063650384472,25.74635421413357
1700,77083,63.73263267890774,2026-01-05,0.0,24.362036825958363,16.68363393337904,9.005165691918313,12.492169039988005
1701,77083,72.45120136641133,2026-01-12,0.947203795513465,24.570959648139937,19.091917607596955,13.612872287937332,15.91196196466862
1702,77083,47.82427173405514,2026-01-19,0.186954058286871,17.41017938207722,11.208570332997349,5.00691184229807,5.990182178136008
1703,77083,81.01884473919176,2026-01-26,7.374215827066937,16.04253433074235,11.902777176842116,7.762969564306335,9.962496393459839
1704,77083,60.83621450339616,2026-02-02,0.0,12.012379223817389,5.753723651787092,-0.504968924669122,2.280308266433362
1705,77083,67.18971082687435,2026-02-09,3.685652157052764,22.656906910390816,15.111335290264817,7.565739540431056,11.4064166245493
1706,77083,80.03101519989404,2026-02-16,3.749343437202749,24.992689865657663,19.380833849690497,13.768934935854247,16.93545662310736
1707,77083,69.86247644012246,2026-02-23,0.0,24.812357913989533,19.340653806679164,13.868931443603561,15.810417238560756
1708,77083,66.81656664649995,2026-03-02,0.0,25.304937373792786,18.805673718294447,12.306277768930103,14.862311720766296
1709,77083,78.24940813800212,2026-03-09,1.808298937827209,27.697947647352027,23.791309622790177,19.884629850172814,20.899252336234554
1710,77083,68.66212850671124,2026-03-16,2.708326328531105,26.560599769334008,20.03357968501789,13.506511257056149,16.230688889623043
1711,77083,57.62871118474714,2026-03-23,0.0,23.97219268196946,17.171637414639743,10.371080830032819,12.48386599443177
1712,77083,67.87361019783047,2026-03-30,0.0,28.400630552591238,22.541810605167615,16.68299938816317,18.379387748390002
1713,77083,73.47861254608564,2026-04-06,2.804815935436965,27.184326924794902,23.371622972004445,19.55885395807084,19.913212817678332
1714,77083,72.12733498048586,2026-04-13,5.820310325891574,25.89299079068899,21.372344175579656,16.851649559843832,17.904482429051146
1715,77083,73.86957112548393,2026-04-20,8.814002841535313,28.200850570914177,23.149032781675672,18.09719999019874,19.77504430022695
1716,77083,81.28034586622279,2026-04-27,6.356566034256883,26.97742680677385,23.524962533500705,20.072417027817316,21.04764886304515
1717,77083,73.53744450039456,2026-05-04,12.477477692016398,27.8281398399739,22.976958778959965,18.12566231811565,19.51384409986108
1718,77083,80.21937676179968,2026-05-11,1.107691438384884,28.919329664147416,24.308740211695923,19.698070505533266,21.670708930059224
1719,77083,70.07834422273966,2026-05-18,0.126232811112674,30.726458747838567,26.07074454756925,21.41498432285652,21.940703368351958
1720,77083,81.06073194692955,2026-05-25,20.688070192599877,29.684555502745834,25.17414555114765,20.663628000008572,22.633265587171195
1721,77083,76.3758076203994,2026-06-01,6.39748336785814,31.134035593767333,26.22702935832536,21.320003970658064,22.947151174648855
1722,77083,79.94403955758823,2026-06-08,5.815887056794226,31.286731731597456,27.698920025317353,24.11095937655305,24.89773399633694
1723,77083,76.49890731847387,2026-06-15,3.369030463876024,32.986928540421985,29.34497967338539,25.703050119452577,25.9743529709208
1724,77083,84.40445810430734,2026-06-22,15.124664358722162,31.45803268501063,28.003706512076704,24.54931426571767,25.81614478723372
1725,77083,72.51712700400468,2026-06-29,0.0,33.9633940570511,29.787194039884284,25.61094930466293,25.78727509969568
1734,77045,66.86014925673999,2026-01-05,0.0,23.341680395824547,16.346697871479513,9.351731203343011,12.56178851375329
1735,77045,75.35131453780853,2026-01-12,0.998624324330836,23.70596793464095,18.714978968162207,13.723957205824247,15.932381449677289
1736,77045,47.9018545649607,2026-01-19,0.050144261802629,16.879372219027125,11.135919995936868,5.392429290751045,5.939521858828934
1737,77045,82.46676926053013,2026-01-26,7.466437064727089,15.80845208792727,11.926152249372866,8.04388316032403,10.134822125553733
1738,77045,60.17939255902952,2026-02-02,0.0,12.279061910931567,6.207069260630371,0.135106121820249,2.651531479483514
1739,77045,65.6632837434534,2026-02-09,1.984469244638593,22.37956355581687,15.351963770649027,8.324332324710142,11.453136862401315
1740,77045,79.75515081625649,2026-02-16,3.664683684333658,24.930360147965086,19.47372224754296,14.016941479869391,16.990487835568608
1741,77045,68.98905764931165,2026-02-23,0.0,24.69954579548693,19.48913245156298,14.278720478381064,15.820836160922294
1742,77045,66.66909472468899,2026-03-02,0.0,24.90156115451532,18.689303751988064,12.476965637771533,14.744403599945855
1743,77045,79.0307698594798,2026-03-09,6.886153830757931,27.004429376709506,23.61759899526368,20.2307807722558,20.85087066124447
1744,77045,68.3086054952066,2026-03-16,1.635613300804518,26.070015831724387,20.007002592363296,13.9438963073994,16.15521398324618
1745,77045,57.22368340493417,2026-03-23,0.0,23.393678536191988,17.190246961733266,10.986720998021857,12.456240586547032
1746,77045,67.8694404630095,2026-03-30,0.0,27.83910085706556,22.429211421320176,17.01929433353462,18.27687154471814
1747,77045,75.00331376537557,2026-04-06,3.415771179833826,26.73110678753769,23.17290275739644,19.614680722810263,19.93417066327419
1748,77045,71.73217993878959,2026-04-13,2.916208900693934,25.262020168827192,21.478995795700932,17.695930120206505,17.949874004308192
1749,77045,75.28852007827903,2026-04-20,6.136598564115676,27.54598461433852,22.79595238811646,18.04586709600064,19.63162119089527
1750,77045,82.27256968190038,2026-04-27,4.370642466810752,26.49179025188227,23.27922118590239,20.066581137981178,20.953937134282185
1751,77045,72.9303535828524,2026-05-04,13.5930585941404,27.484950142448277,22.924861040768782,18.36475238177878,19.396458701692765
1752,77045,80.83932105275913,2026-05-11,0.667946932613509,28.389321558298242,24.161713721777033,19.934026400834604,21.607369186375028
1753,77045,70.52336617153716,2026-05-18,0.029806722863218,30.16914536411757,25.829159467381302,21.489149698855293,21.775603079711907
1754,77045,81.97012099105463,2026-05-25,16.984124538301593,29.08310812505466,24.914482459272918,20.745845097307104,22.510990301821472
1755,77045,76.40953298983126,2026-06-01,4.242940791348877,30.835015310123065,26.153917172414058,21.472808132531735,22.878459948828734
1756,77045,80.91706276835802,2026-06-08,8.267545906555084,30.69624355938282,27.419667523017768,24.143055465383586,24.77087243979111
1757,77045,77.75996008997804,2026-06-15,3.531847472215365,32.36289128270488,28.982151461067232,25.601416282898537,25.817428869383658
1758,77045,85.46471752612811,2026-06-22,13.037425874574346,30.939464313186228,27.740372383740706,24.541238583166887,25.71637119979106
1759,77045,73.15333889504274,2026-06-29,0.0,33.593713873292316,29.51091275924208,25.42806839885141,25.62507267966224
1768,77031,66.7225853722474,2026-01-05,0.0,23.73096874071113,16.22586240747411,8.720642790564371,12.432268093001682
1769,77031,75.49831447837094,2026-01-12,0.456145888147951,23.87930607061411,18.565902831900875,13.25235894331582,15.804438148772535
1770,77031,48.879155789546104,2026-01-19,0.139945094743077,17.131744359548016,10.930971334068591,4.730102059900668,5.861323791566785
1771,77031,81.69156598366096,2026-01-26,6.008889241822977,16.0522366946304,11.947740345017477,7.843287793453086,10.070424586012617
1772,77031,60.74944737796083,2026-02-02,0.0,12.444334052680627,5.977475950608174,-0.489389443394637,2.483281793077635
1773,77031,66.44146669023011,2026-02-09,3.843633411381786,22.806218469330464,15.238453292681141,7.670554402853534,11.435003803243633
1774,77031,80.05314992665731,2026-02-16,4.122239701455304,25.232919756807156,19.377715736826637,13.522441606344016,16.93482352274382
1775,77031,69.62967557252198,2026-02-23,0.0,24.969955945222967,19.38250803894955,13.794989821975634,15.808644085291073
1776,77031,67.22410462463529,2026-03-02,0.0,25.300168615817718,18.715446421774057,12.130730552616088,14.830528593002814
1777,77031,78.61903500935298,2026-03-09,4.89665658762052,27.553911482347218,23.74030283433903,19.926781433113955,20.90345795939116
1778,77031,68.43402956136704,2026-03-16,2.217243508307416,26.567780632032726,20.0617450954396,13.555698382158425,16.226944206684248
1779,77031,57.12109055672211,2026-03-23,0.0,24.023539298417077,17.23025605349433,10.436996117176097,12.47728444287936
1780,77031,67.36293749568405,2026-03-30,0.0,28.53471218601721,22.59831642816412,16.661921034085196,18.364574382278953
1781,77031,73.98385308140699,2026-04-06,2.20638577153399,27.264638955228104,23.371751490253462,19.478753313937116,19.98198133647892
1782,77031,72.10663130141144,2026-04-13,4.258943661549138,25.830431281968227,21.459553351006935,17.088513568560206,17.97859630002471
1783,77031,74.49641254917962,2026-04-20,6.651680935868934,28.184291300397543,23.05750726403786,17.930577349868763,19.77208993447565
1784,77031,82.16380851122805,2026-04-27,5.941616685482763,26.875752116988945,23.39042561223961,19.90511435290306,21.037742869648472
1785,77031,73.20157851068441,2026-05-04,12.402859013199029,27.929423545514272,23.019091321747087,18.108704254241072,19.5136440789343
1786,77031,80.5611005506909,2026-05-11,0.730365140181822,28.813161670586755,24.283602751467303,19.753972442669987,21.682901264133108
1787,77031,70.42073956730707,2026-05-18,0.046983548464404,30.625822841133065,25.959146736627904,21.292474897399472,21.88476569210524
1788,77031,81.55413689975776,2026-05-25,20.734624981751985,29.56304129485837,25.07814926947451,20.59334752089497,22.609421023719943
1789,77031,76.52040014452774,2026-06-01,5.459068608561626,31.152636298724573,26.19883643528953,21.24500309643456,22.93610738636998
1790,77031,80.34263500342132,2026-06-08,9.20526642168858,31.17216679867477,27.573598085866205,23.97507232841149,24.834211726108943
1791,77031,77.08708630225748,2026-06-15,2.285644623370033,32.83241055462986,29.168107255979045,25.503808407380866,25.893542747200698
1792,77031,84.80419622489838,2026-06-22,12.962649680813701,31.31026402579503,27.891685546629446,24.473111674612404,25.767111928309326
1793,77031,73.1275593130162,2026-06-29,0.0,33.84242305607567,29.565804721535667,25.28914153078165,25.67301116064406
1802,77085,67.24588913412755,2026-01-05,0.0,23.556198532301703,16.319499302106724,9.082827127872532,12.576505660769339
1803,77085,75.50480889193989,2026-01-12,0.551942544110088,23.83463530479617,18.69722441006514,13.559838250200107,15.933177607742882
1804,77085,48.930283540199234,2026-01-19,0.084091956249476,16.98437082573625,11.02283339021815,5.061250616313122,5.943424296199732
1805,77085,82.97447357377696,2026-01-26,7.029817791435416,15.855363959983373,11.89090423684769,7.926435528257764,10.147942071828233
1806,77085,61.31397633298635,2026-02-02,0.0,12.266859051613809,6.018362353893153,-0.230052098580264,2.571761101118401
1807,77085,66.76553222461762,2026-02-09,3.255744491515102,22.47735980786726,15.21452287370524,7.951599413957473,11.450065467924075
1808,77085,81.07131672163626,2026-02-16,4.020627332507527,24.919374092673163,19.27409192098932,13.628696509321479,16.95790755898832
1809,77085,70.37808795672403,2026-02-23,0.0,24.678301909704935,19.286600310640004,13.894862605242068,15.806536405169515
1810,77085,67.80371428758961,2026-03-02,0.0,24.98323319463596,18.557680259004236,12.132054170774799,14.762046720370044
1811,77085,79.11823569723518,2026-03-09,5.86428071449202,27.272419181742762,23.598665265154313,19.92485718109112,20.838926823957948
1812,77085,68.62814427096036,2026-03-16,1.576703675949109,26.31870487667868,19.950158619223014,13.581574879589862,16.146462931543525
1813,77085,57.06588947760095,2026-03-23,0.0,23.75898377147855,17.132362243259823,10.505723986118808,12.389690044450749
1814,77085,67.63188547600828,2026-03-30,0.0,28.229853775164443,22.428049866136007,16.62619586082311,18.24420981891879
1815,77085,75.15834521760635,2026-04-06,2.368471502740513,26.914916741606202,23.12477781702292,19.334602620188925,19.908591731549876
1816,77085,72.61174058860932,2026-04-13,3.722650653118979,25.432441362550502,21.31663974562321,17.20080767543673,17.911586237947056
1817,77085,75.73684239301352,2026-04-20,4.861274624838378,27.699230541903255,22.736279515948517,17.77325596763494,19.630738341702024
1818,77085,83.5472383278686,2026-04-27,4.64107983179388,26.450867897690937,23.08479552417673,19.71867283818277,20.926873437381552
1819,77085,74.08991287636213,2026-05-04,13.713446082969773,27.565891828333978,22.755598851157764,17.945275279740112,19.385165172295096
1820,77085,81.56572049332466,2026-05-11,0.469899026189438,28.47922536908218,24.05663560948554,19.634076512659522,21.600619676412872
1821,77085,71.13717698961557,2026-05-18,0.043344871018037,30.32717762171594,25.715557037137433,21.10393559747853,21.75921748590982
1822,77085,82.60379562409271,2026-05-25,17.97599192985381,29.27576354785274,24.824779611506845,20.373786265610292,22.509649293512844
1823,77085,77.2922479275198,2026-06-01,4.750498497830936,30.887981010851366,25.97841845215519,21.06883817712428,22.83346045837639
1824,77085,80.93827261847748,2026-06-08,8.987612996874859,30.937343492857366,27.367137042288185,23.796834795561402,24.723796461728732
1825,77085,77.87990939864387,2026-06-15,3.010839814178605,32.60184441506852,28.906583958344534,25.211256224881073,25.763005972273447
1826,77085,85.50102989484158,2026-06-22,11.254584262963462,31.10546674444172,27.681535578650323,24.257565493457616,25.66295119214358
1827,77085,73.46361063293195,2026-06-29,0.0,33.794967822366594,29.394182127509765,24.993361298310486,25.5627270842163
1836,77489,67.2849144269411,2026-01-05,0.0,23.886298344225686,16.216075157455414,8.54592272146944,12.487225943237931
1837,77489,75.91141680022976,2026-01-12,0.382092633774938,23.97975753779516,18.57691160981836,13.174120988603887,15.865537663465133
1838,77489,49.22397689595193,2026-01-19,0.11381127462491,17.260824530887433,10.933060812311943,4.605122306995591,5.894774047359138
1839,77489,82.82807930131973,2026-01-26,6.140484973610908,15.980849291524521,11.874349975074667,7.76777069033151,10.11069063756974
1840,77489,61.25054663092464,2026-02-02,0.0,12.551617525467822,5.97283449931974,-0.605789693224552,2.520972444662334
1841,77489,67.0093471015395,2026-02-09,3.818836710053447,22.8358579881643,15.146712010191017,7.457587003805564,11.41459192110981
1842,77489,80.81866931867071,2026-02-16,4.031088123164779,25.266724857503398,19.2631766958339,13.259300646213411,16.916739383547103
1843,77489,70.13601709099805,2026-02-23,0.0,24.980745709605518,19.271695329000558,13.562671741310421,15.767186748832874
1844,77489,67.76236959238024,2026-03-02,0.0,25.298504232409883,18.590242568768453,11.88211353159368,14.783078884335325
1845,77489,79.12838575076776,2026-03-09,5.264605335220983,27.505408091840042,23.64174548988914,19.777888253765827,20.877230961862303
1846,77489,68.74786749774746,2026-03-16,1.976651320613532,26.544297289895386,19.99696142164214,13.449769314595422,16.206575476848776
1847,77489,57.20297465906047,2026-03-23,0.0,24.04197726677385,17.169773713744593,10.297456847516427,12.436833930405964
1848,77489,67.50434418640643,2026-03-30,0.0,28.56560311177257,22.53130763085487,16.497149903898116,18.32185843932629
1849,77489,74.68458296392139,2026-04-06,2.273092049585481,27.16011258820255,23.231237334175344,19.302086711486282,19.944261436606666
1850,77489,72.6576078369522,2026-04-13,4.213749645063062,25.71963673156275,21.35153038445278,16.98322034208078,17.9490872923705
1851,77489,75.27788746967983,2026-04-20,5.691021363314269,28.00151135144264,22.881884766815688,17.762077924344087,19.70956176841974
1852,77489,83.23466384342301,2026-04-27,5.554317261794355,26.66560004841444,23.181102298505976,19.69629714934563,20.977971606984337
1853,77489,73.89532719831047,2026-05-04,12.817836183425564,27.8120808647291,22.858216042443612,17.904305323048405,19.456174253491362
1854,77489,81.09612173687773,2026-05-11,0.594880977664117,28.702869111656447,24.15667025494684,19.610614509831098,21.63065364160414
1855,77489,70.85785607525484,2026-05-18,0.040486990863296,30.591419511201646,25.824550837304376,21.057600998153386,21.821169960242376
1856,77489,81.93808186206107,2026-05-25,19.33774222534498,29.556827760481568,24.967809150313318,20.378670157109404,22.5568229271913
1857,77489,76.98953783993241,2026-06-01,5.41292888876416,31.131965554938823,26.077241390620475,21.0225440121151,22.884032873816444
1858,77489,80.43541763593065,2026-06-08,9.557177609008889,31.214595352001425,27.522525927066674,23.830487197044175,24.8001111306554
1859,77489,77.45314412669826,2026-06-15,2.139420836145602,32.879156153702134,29.060037652610024,25.24119771296897,25.845548447571858
1860,77489,85.03663248736179,2026-06-22,11.451755024690913,31.32555652988751,27.82226478178437,24.319002476199884,25.733311105921032
1861,77489,73.4737676106279,2026-06-29,0.0,33.94371339815551,29.464278094937402,24.984728332050896,25.63032019303471
1870,77064,66.86455757662979,2026-01-05,0.0,23.152985612695904,15.758573475378167,8.364141668331575,12.014025499181006
1871,77064,75.14388917047035,2026-01-12,3.088279612485457,23.85121314322658,18.46100849275771,13.070726786070374,15.630192231167362
1872,77064,49.5089687493989,2026-01-19,0.393739776359338,16.782444155363134,10.66522983605117,4.548038971642672,5.686544695796374
1873,77064,81.65718083984021,2026-01-26,8.684624693647617,15.70548298528778,11.449601735771935,7.193754962636806,9.58881460758642
1874,77064,59.79987964260429,2026-02-02,0.0,11.926098200095645,5.598074362107173,-0.729887469874025,2.055836893240737
1875,77064,64.31133091174205,2026-02-09,4.003167560150497,22.900098175433282,15.33361049288126,7.767106079152294,11.266006953757458
1876,77064,76.65343635084739,2026-02-16,4.184401916330827,25.125252164261866,19.570156161232003,14.015016659790856,16.69736887027629
1877,77064,67.1478533916077,2026-02-23,0.0,24.939700908316887,19.428218304568162,13.916712958865455,15.554630607519083
1878,77064,62.54534484888777,2026-03-02,0.0,25.761419219302617,19.081681061369622,12.40186976452043,14.571429214874426
1879,77064,75.25668235272937,2026-03-09,3.586564031547256,28.020775028139827,24.12774484590642,20.234699846718378,20.804521709364163
1880,77064,66.96125377678956,2026-03-16,4.885907318613346,27.046273555557057,20.19141597162482,13.336566975980194,16.15077492235077
1881,77064,55.07457735066746,2026-03-23,0.0,24.46700884737844,17.573675100576985,10.680316927294484,12.522404557746096
1882,77064,64.77656849672329,2026-03-30,0.0,28.720400216377296,22.910961239114876,17.101518235483326,18.301310178772304
1883,77064,70.67199663239225,2026-04-06,5.547794229952411,27.584102529632595,23.728735360787002,19.873322063303515,19.863679141150683
1884,77064,69.16899578816451,2026-04-13,17.741336901643855,26.423455456581472,21.694021579484474,16.964654722632517,17.7956795733156
1885,77064,70.99644848477278,2026-04-20,3.185798792971656,28.432953438976714,23.573802037313357,18.714607675789157,19.770413039155383
1886,77064,77.00331999276992,2026-04-27,5.635064147563536,27.48353978159153,24.084827273010358,20.686094362852497,20.999138501467183
1887,77064,72.03061021813289,2026-05-04,14.139837489684348,27.979749761402903,23.085368357515957,18.19096792532307,19.37704841563494
1888,77064,77.3936124244147,2026-05-11,2.396371833547492,29.246456161808915,24.53179107090316,19.817074973372264,21.506772648533214
1889,77064,67.2881784145701,2026-05-18,0.174892087790602,31.22698780732688,26.473810157885918,21.720589218781427,21.906088877894316
1890,77064,77.9312948419058,2026-05-25,12.089958722376124,30.143026925107186,25.558330656985266,20.973588890055293,22.56351773612261
1891,77064,73.88221271524432,2026-06-01,4.286886390269085,31.56569583252997,26.646602225629284,21.72753326199835,22.977088428347535
1892,77064,78.22845944224797,2026-06-08,18.143721887555767,31.5131121108513,27.81209659925598,24.111009391691827,24.750780295944374
1893,77064,73.5062498581031,2026-06-15,4.840263418376058,33.75125355690518,29.82374336750867,25.896290778110767,25.97201324691535
1894,77064,81.78497158926318,2026-06-22,12.8980589973019,31.77625267187365,28.27976018496524,24.78324911408069,25.707199458155063
1895,77064,68.29005765024272,2026-06-29,0.0,34.95315012980651,30.53851627039286,26.12392212003701,25.826603790152802
1904,77066,67.25924509791454,2026-01-05,0.0,23.048240438364314,15.60909762821952,8.169882710187446,11.916872488373917
1905,77066,75.18681669450089,2026-01-12,3.236603702073552,23.801619344692757,18.422892180745265,13.044131719369775,15.598978583295974
1906,77066,49.55956890669272,2026-01-19,0.401534558196258,16.70067859352189,10.61470762296999,4.528765714806485,5.6473814102625
1907,77066,82.60713935743968,2026-01-26,9.292199739687488,15.4155340719671,11.190930142409817,6.966301232631624,9.444127482358752
1908,77066,59.93148736112365,2026-02-02,0.0,11.880397153939285,5.474128542301027,-0.932068839018932,1.955028787819349
1909,77066,64.60440821517084,2026-02-09,6.486062274590972,22.85198914425863,15.222965881893964,7.593947486133645,11.189393491435556
1910,77066,76.75675947666258,2026-02-16,4.069736635087991,25.123365632449985,19.447623192042467,13.771850387816544,16.59428768175235
1911,77066,67.01671700299418,2026-02-23,0.0,24.95397297988876,19.38061412645878,13.807235197285841,15.49290920551719
1912,77066,62.57941366503434,2026-03-02,0.0,25.783796317272557,18.961010633894556,12.138221092334856,14.472449234023136
1913,77066,75.58341488598103,2026-03-09,5.713346023142717,27.97562877209649,24.025636805971523,20.075527608367477,20.750149889257575
1914,77066,67.3745465370685,2026-03-16,4.726076811807908,27.045702514125978,20.056649105254923,13.06756925589478,16.07741676515552
1915,77066,55.418811024878266,2026-03-23,0.0,24.474550857110096,17.429805732015787,10.385067439824782,12.438537625691122
1916,77066,65.31867815448464,2026-03-30,0.0,28.700682503065266,22.724759762550736,16.748798644413107,18.205430558411454
1917,77066,71.28631169731062,2026-04-06,5.426644561244569,27.551123712308268,23.563245014938992,19.575341005761448,19.791562329448436
1918,77066,69.81042369974638,2026-04-13,16.067852457382383,26.350751359631808,21.46486236129375,16.57897976168836,17.672915293516418
1919,77066,71.70234018685171,2026-04-20,2.750346107005828,28.323642731767304,23.384012154293806,18.444329534195678,19.688932529338
1920,77066,77.36672645485878,2026-04-27,4.634229628919219,27.449078110122684,23.95141198903027,20.45377040833586,20.923569715837573
1921,77066,72.55839143505861,2026-05-04,15.078003418272955,27.938735097987955,22.93062776815763,17.922529570390417,19.302635093513473
1922,77066,78.06354836934739,2026-05-11,2.619660442034252,29.26085557607588,24.35102277888886,19.441173031051093,21.42661400098687
1923,77066,67.50565096341045,2026-05-18,0.134359504306747,31.250682546639656,26.38727522314421,21.523973182616434,21.8558963872278
1924,77066,78.1529675090325,2026-05-25,12.739245406006592,30.16106618684346,25.48332588077801,20.805607444059508,22.52416894129789
1925,77066,74.20590381555772,2026-06-01,3.929157753892207,31.59454021576839,26.563515877857153,21.532394340075353,22.945593689617123
1926,77066,79.09017294813768,2026-06-08,19.021241989698208,31.394473758114398,27.579618605558373,23.764747909031637,24.65199426720838
1927,77066,74.08121902500639,2026-06-15,2.826119149916265,33.720033572371,29.643350756864937,25.566659143858768,25.890276822522143
1928,77066,82.42465579138315,2026-06-22,14.594981739697609,31.71412044846323,28.10431905059551,24.49448489219708,25.63276174282499
1929,77066,68.3883101849,2026-06-29,0.0,35.0215607566494,30.455136208402724,25.888743464586167,25.764664289856817
1938,77086,67.11959657781621,2026-01-05,0.0,23.023902616341967,15.783406705723312,8.542940021871981,12.064789929767949
1939,77086,75.34616606744234,2026-01-12,2.950078069808317,23.71273917132383,18.464444830628022,13.216068444223291,15.664258058634767
1940,77086,49.393716094553504,2026-01-19,0.376399868971493,16.609844021440907,10.705085680477762,4.80030083280902,5.708475857856086
1941,77086,82.19907080609458,2026-01-26,8.598768261844858,15.53133722954804,11.383896775240961,7.236327492958245,9.584085756793863
1942,77086,60.32416370672906,2026-02-02,0.0,11.84551710183015,5.581571626804254,-0.682279155837491,2.086130952158486
1943,77086,65.00868704741504,2026-02-09,5.830338850808858,22.65102109542108,15.270417370687687,7.889717348550242,11.286274241943127
1944,77086,77.40151738000606,2026-02-16,4.134239634616411,24.941142263133628,19.484834149731295,14.028405035054764,16.709324926790632
1945,77086,67.69648385488568,2026-02-23,0.0,24.748832822791293,19.38607052563305,14.023228565434058,15.583006022013501
1946,77086,63.30839053150084,2026-03-02,0.0,25.466611959033226,18.9810226381596,12.49531040988168,14.582519668327569
1947,77086,76.49134579436706,2026-03-09,6.427307919555617,27.74557997579814,23.950721087926482,20.155836160898485,20.81156763895079
1948,77086,67.57170382112255,2026-03-16,4.606826574281597,26.79835057068565,20.12623423264409,13.454146383588464,16.169537108392987
1949,77086,55.47325081670097,2026-03-23,0.0,24.144835237287616,17.514127936361522,10.883365934695684,12.52120093486929
1950,77086,65.54719188336844,2026-03-30,0.0,28.419928022655263,22.77978387158665,17.1394877057784,18.287364805321726
1951,77086,71.6385266050415,2026-04-06,5.024703614257582,27.323922708642538,23.590426467380283,19.856808880221998,19.868264717435512
1952,77086,69.64560057752429,2026-04-13,13.353206616254644,26.1182014392443,21.580937972512295,17.043740195130823,17.759469465716016
1953,77086,71.94529604513689,2026-04-20,4.03221050380836,28.11698280125269,23.38481090543717,18.652555352552426,19.724811779795942
1954,77086,77.78467489356188,2026-04-27,5.139077656317539,27.248725046741882,23.928023281700014,20.607273485188937,20.96301058639357
1955,77086,72.54718001598569,2026-05-04,14.13746310741084,27.78227195603717,22.969355874199906,18.156411722356285,19.346417374271574
1956,77086,78.43344996654918,2026-05-11,3.291749506534242,28.950579029174932,24.355948549977313,19.76125624072479,21.480574649578063
1957,77086,67.96762718588897,2026-05-18,0.229953148485214,30.87052425463658,26.342689178010488,21.814806510068273,21.88119698480811
1958,77086,78.99882968754703,2026-05-25,11.719739286212185,29.820341645521058,25.372136727882957,20.92388752439766,22.535275890076502
1959,77086,74.49911161840005,2026-06-01,4.026063719699644,31.31948453395388,26.547382928853477,21.77523562698575,22.972118417358043
1960,77086,79.25411201461354,2026-06-08,16.33716081666282,31.18612025878886,27.607964104170478,24.029718874769053,24.702256873725005
1961,77086,74.54368320659304,2026-06-15,4.188483803103389,33.368866505756586,29.589265174473333,25.80963031178269,25.909060622259776
1962,77086,82.74098365087494,2026-06-22,16.8742539531432,31.50803900160955,28.0910600048783,24.674052332722965,25.665171701451367
1963,77086,68.79721439909903,2026-06-29,0.0,34.66166042161149,30.423114483527375,26.184531071011673,25.799986013329757
1972,77021,65.58620824770419,2026-01-05,0.0,22.890747118179622,16.49984052144094,10.108813222061082,12.563987665569348
1973,77021,74.44775416500939,2026-01-12,1.041926294282604,23.59944554814265,18.864132867736505,14.128759374328284,15.963364543346886
1974,77021,46.09032444872305,2026-01-19,0.021757703553908,16.866105833367982,11.530643294564541,6.195168611138564,6.09059865131039
1975,77021,81.5844077008857,2026-01-26,7.653067490950022,15.689490397899473,11.96230016793579,8.235172087786284,10.083791601098179
1976,77021,58.49647177723543,2026-02-02,0.0,12.388300016516238,6.465169106164673,0.542008244324375,2.747134003459893
1977,77021,63.60101660710761,2026-02-09,1.3961560562479,22.34442409579067,15.744704809892918,9.145054268969595,11.562934171769868
1978,77021,77.24177976966851,2026-02-16,4.175064776752873,24.940934143348162,19.838777513140787,14.736593651675806,17.031734053534866
1979,77021,66.1381124629129,2026-02-23,0.0,24.803810108889586,19.834409530467585,14.86493786150484,15.77852708920053
1980,77021,63.49127654975906,2026-03-02,0.0,25.11647496373828,19.24967322375505,13.382811634706353,14.84994200163638
1981,77021,77.25125225188503,2026-03-09,13.945154278117158,27.15120091284579,23.825934745393344,20.500640557471513,20.81380216896012
1982,77021,66.62516202842038,2026-03-16,1.991614847396449,26.162805549905247,20.258683891732133,14.354485742879582,16.16578371442762
1983,77021,56.22294261163556,2026-03-23,0.0,23.46867675567865,17.54516341851573,11.62164371592788,12.638771526567592
1984,77021,66.90538403213228,2026-03-30,0.0,27.74200588662856,22.638799338569136,17.535472461519312,18.341302066074807
1985,77021,73.5841035182792,2026-04-06,4.913882811638677,26.706106690426555,23.283886897352023,19.861716381860493,19.846890693783248
1986,77021,69.36569292871583,2026-04-13,2.108367001013951,25.36548033340747,21.779729029804535,18.19384575384687,17.917361724078383
1987,77021,73.14839748787175,2026-04-20,8.9105481234033,27.636438689772902,22.998877381447556,18.36131001799432,19.5378352688739
1988,77021,79.48650426550363,2026-04-27,3.964548188886747,26.76113528628582,23.57864065306686,20.39620838677127,20.875402826223485
1989,77021,71.09672968737917,2026-05-04,13.460942585063517,27.660572473582416,23.165808109457057,18.671023050891176,19.367389991355182
1990,77021,79.81131015223716,2026-05-11,1.52981716916696,28.6172219422731,24.32601762378454,20.034849160184194,21.627656460435453
1991,77021,69.09569976923638,2026-05-18,0.025905116198639,30.391059253644855,26.16671419375838,21.942413410255114,21.879853235289048
1992,77021,80.74665163596379,2026-05-25,14.48020206443369,29.202374106516846,25.138506326585745,21.074546580101835,22.55771081381251
1993,77021,74.47580345580351,2026-06-01,3.72096745451136,31.169127983273476,26.59482157499801,22.020567112435767,23.020906897419
1994,77021,81.01796316345919,2026-06-08,11.76022382727529,30.559420368877205,27.426337384525727,24.29319722305949,24.7869474316804
1995,77021,76.39460531446547,2026-06-15,1.146606137480982,32.56127871515706,29.32316319771214,26.08502303238766,25.937640920016776
1996,77021,85.21366009875031,2026-06-22,11.922108603783638,30.98064109794731,27.825926434690167,24.67115951131614,25.76386826150465
1997,77021,71.73180133623377,2026-06-29,0.0,33.83070480179051,29.891164934139507,25.95168408776661,25.76320366389384
2006,77033,66.67228726657041,2026-01-05,0.0,22.901042097075894,16.34391650500453,9.786809496553408,12.535291686190718
2007,77033,74.83808571410854,2026-01-12,1.060818880548348,23.57962072684006,18.788028786232747,13.996427938921594,15.936103294041601
2008,77033,47.30874431349655,2026-01-19,0.026868013935425,16.755595200978526,11.317863600745289,5.880087656980287,6.034491881070814
2009,77033,82.3040332882929,2026-01-26,6.933285079666545,15.641114432091166,11.869418001508226,8.097626265615553,10.071583029535272
2010,77033,57.843995114361,2026-02-02,0.0,12.809074029123012,6.711723561759253,0.614401423754513,2.913150133334475
2011,77033,62.98798311204836,2026-02-09,1.523473866603094,22.621982709974457,15.871367435975875,9.12069940359761,11.606233095289136
2012,77033,76.00788624180716,2026-02-16,4.03492786568273,25.319489733938582,20.019604973992628,14.719646097363427,17.04819431810934
2013,77033,65.23776471953138,2026-02-23,0.0,25.03271475300685,19.967250369241118,14.901779681972792,15.773663738337765
2014,77033,63.68137164617213,2026-03-02,0.0,25.279519950917905,19.211205732818115,13.142822899208582,14.836157664050448
2015,77033,77.10340900433178,2026-03-09,11.704031340554508,27.17702827014382,23.935803284319768,20.694522789908056,20.89959067864077
2016,77033,67.55607586813883,2026-03-16,1.821088544581696,25.940725573643164,20.11261836452852,14.284539681600155,16.147517373530462
2017,77033,57.68420979374072,2026-03-23,0.0,23.21708749705014,17.282053572116887,11.347016410928777,12.584926511729988
2018,77033,68.60478908814355,2026-03-30,0.0,27.482753475911267,22.3706614284632,17.25859039371541,18.321071601705118
2019,77033,74.77078325501047,2026-04-06,5.703154801765964,26.52717874439107,23.195571284533063,19.863889576273536,19.923048534765055
2020,77033,70.46774198587391,2026-04-13,2.164370769724263,25.064851877601583,21.686443224831912,18.30795002838737,17.979772883337162
2021,77033,74.33715132340043,2026-04-20,8.984725128747222,27.328706396442065,22.859329130125737,18.389887053229796,19.56774528596366
2022,77033,80.51295461604815,2026-04-27,4.287712601283158,26.517957898197608,23.509417460011207,20.50094027804155,20.95103901773048
2023,77033,72.25772903334969,2026-05-04,12.735993389635285,27.463332536611347,23.061686613822204,18.65996190479852,19.43177288429169
2024,77033,80.46974593299022,2026-05-11,1.230836976200027,28.50708507268932,24.27012108419232,20.033171520517257,21.664504515414166
2025,77033,69.96716057765201,2026-05-18,0.0,30.27035830140779,26.027134155332632,21.783837502009987,21.878536682426738
2026,77033,81.43204694030952,2026-05-25,13.436028227699065,29.095887435795746,25.057766468607902,21.019695122905695,22.574353742647382
2027,77033,75.50861270710288,2026-06-01,3.657188117649798,30.982045849202198,26.417904313900923,21.85384892768388,23.00625373733541
2028,77033,81.31662133264376,2026-06-08,12.816577623775228,30.457831993940395,27.41267108445161,24.36739578998054,24.821881336970343
2029,77033,77.15217634141369,2026-06-15,0.994297082730151,32.36228916201517,29.21015854553321,26.05791604741902,25.94485495139349
2030,77033,85.78001460386207,2026-06-22,12.257257582674166,30.85901742106179,27.759015491030357,24.65898991040268,25.780664927128704
2031,77033,72.6851673045495,2026-06-29,0.0,33.64335974181889,29.760206094784177,25.876982274636333,25.78725491167079
2040,77012,65.00607090647024,2026-01-05,0.0,22.895764342344673,16.712717622912752,10.529782750770911,12.687049302377732
2041,77012,73.8221421573964,2026-01-12,0.533360659820531,23.576969482855382,18.93236410605668,14.28780902510405,15.939507777249245
2042,77012,46.77898828895744,2026-01-19,0.039376859757131,16.88396055294069,11.70996339826193,6.535882819483508,6.30346727373198
2043,77012,80.70040407618345,2026-01-26,6.429980778632958,15.637522199372851,11.994110800437234,8.350701482332937,10.004869932038089
2044,77012,59.49695175846034,2026-02-02,0.0,12.135743633442752,6.348349499644159,0.560882128639376,2.723530053063345
2045,77012,64.37043634308348,2026-02-09,2.678675219555124,21.94644579013347,15.636477005853555,9.326531494831926,11.5552672570807
2046,77012,77.85059861520064,2026-02-16,4.006686268154679,24.510021925564832,19.673136569182443,14.836195127500416,16.949455333090906
2047,77012,66.94140078265771,2026-02-23,0.0,24.45400609878423,19.742056189404853,15.030053575275655,15.796267495614828
2048,77012,64.08126415651088,2026-03-02,0.0,24.782874324808965,19.27196718334152,13.761006978985604,14.943851361790905
2049,77012,79.35118334750324,2026-03-09,10.81473660856238,26.770899524518853,23.616287929590055,20.461653827429664,20.898967500730986
2050,77012,68.20098271356824,2026-03-16,1.660802518949648,25.870608200156447,20.17235113904786,14.474080780717072,16.28855622695829
2051,77012,57.43775448412706,2026-03-23,0.0,23.142001712821276,17.449119657401884,11.756164705408782,12.70177023351872
2052,77012,68.46818003063782,2026-03-30,0.0,27.425711792627506,22.498300427351698,17.570759087469817,18.420369881387266
2053,77012,74.83249637683123,2026-04-06,4.846276060631116,26.358838254860927,23.130953053171815,19.903023075097483,19.869702802932782
2054,77012,69.82721646449097,2026-04-13,1.415008426804458,25.07372974019724,21.72238050676922,18.371071726973547,17.928470464099355
2055,77012,74.06921194756107,2026-04-20,10.340732819164513,27.260422578912113,22.873094028570986,18.485705583426437,19.541377109543063
2056,77012,80.02900641804226,2026-04-27,4.898260778239978,26.418762312235636,23.449088828805653,20.479402399180913,20.8334843991057
2057,77012,72.14923228845122,2026-05-04,10.793023078919216,27.330819602647125,23.01914867458066,18.707590637857013,19.372941598352554
2058,77012,79.66106898060983,2026-05-11,1.244000816531936,28.46187047728909,24.2624184380405,20.062917802397724,21.548463732424114
2059,77012,69.46084413855104,2026-05-18,0.10346838279661,30.21517123258968,26.151789058501176,22.088434216286927,21.9176292120231
2060,77012,80.6305061385426,2026-05-25,10.968639032758889,28.983951342464405,25.046496949793678,21.109018068709275,22.45305776775242
2061,77012,74.18974028573489,2026-06-01,3.115637405923129,31.053282337615105,26.660124093069395,22.266987827876804,23.04790531390003
2062,77012,80.76095776019103,2026-06-08,12.779296854057954,30.349950535736717,27.357101900872436,24.364219330567778,24.686124118340228
2063,77012,75.89263241614105,2026-06-15,0.697217565014795,32.34942019474852,29.36826614956675,26.387100639693834,25.90581445085444
2064,77012,84.93290337986264,2026-06-22,12.34150152105598,30.815299101149677,27.728787072970736,24.642262184122412,25.632252180398726
2065,77012,71.39455743613267,2026-06-29,0.0,33.60268003513842,29.96707072268284,26.331314591895193,25.781647240193184
2074,77017,66.31023576503162,2026-01-05,0.0,22.83305829454671,16.497701470785383,10.162278310212773,12.63645689208381
2075,77017,74.59319386509532,2026-01-12,0.5025340311936,23.54918476901281,18.891487069223203,14.23378727737733,15.996887450178878
2076,77017,47.21417287349758,2026-01-19,0.003923551966555,16.835293430691635,11.56752346300781,6.299721357717593,6.232760568926269
2077,77017,82.43806160052542,2026-01-26,5.68035683787527,15.545183176594437,11.834528077148711,8.123799849889409,10.037706725507276
2078,77017,59.60433111069841,2026-02-02,0.0,12.234685031685201,6.377163748878645,0.519622652344396,2.757609298629483
2079,77017,64.52396645536078,2026-02-09,1.841611336319463,21.914272278814575,15.62882241332479,9.343340171331338,11.567836803557245
2080,77017,78.20752185154447,2026-02-16,3.964947596059972,24.540119741926965,19.667120421311015,14.794094566458709,16.987641962311354
2081,77017,67.23222932094546,2026-02-23,0.0,24.449133964119277,19.720885888376184,14.992550912768813,15.808076351133584
2082,77017,64.76387893873115,2026-03-02,0.0,24.734954854105414,19.12374508240168,13.512415745731344,14.89290125970737
2083,77017,79.84518298838401,2026-03-09,8.08198182100972,26.746050955735793,23.629049164594488,20.511985403242665,20.97765756874585
2084,77017,68.93611886852075,2026-03-16,1.531371655019396,25.781636567628915,20.115267656073012,14.448892944775448,16.32806015080069
2085,77017,58.41478008334894,2026-03-23,0.0,23.052702722147362,17.31226664931728,11.571774264058892,12.698319446673286
2086,77017,69.74124268304911,2026-03-30,0.0,27.2941074163822,22.316752674043084,17.33937326229929,18.420311583587083
2087,77017,75.39435764374178,2026-04-06,4.626739005836642,26.416704150631404,23.19464906897113,19.972539832754485,20.006666452137413
2088,77017,70.58698130870089,2026-04-13,1.721067746023354,24.979508407976486,21.70787411184153,18.43616587424319,18.01779599268158
2089,77017,74.92396182536032,2026-04-20,9.055053212324898,27.19009645707627,22.847634884341307,18.50514337518075,19.63345327301515
2090,77017,81.05200955606539,2026-04-27,4.528525157914665,26.350410015318268,23.453300494281454,20.55616751913524,20.97658698972899
2091,77017,72.76780225991399,2026-05-04,9.478765458876588,27.326197970954127,23.054052363657313,18.7819194611878,19.493612420487203
2092,77017,80.81778711954699,2026-05-11,0.748026818949642,28.40153879339606,24.238761154084653,20.075957869807144,21.681869186668525
2093,77017,70.2827598850597,2026-05-18,0.123390627093947,30.157066272461723,26.067874710875113,21.978626542034586,21.96010084620044
2094,77017,81.64990883083098,2026-05-25,10.683020640468891,29.014586901849608,25.046712237050173,21.07877215148376,22.5939283172671
2095,77017,75.3339207518396,2026-06-01,3.267176787166152,31.012551925829776,26.555876382531714,22.09921534616217,23.114728854758194
2096,77017,81.37851271606623,2026-06-08,9.260887398335122,30.313543132281275,27.342109738073262,24.37068489459775,24.76266124767932
2097,77017,76.70895672354166,2026-06-15,0.46650215615408,32.22363663795296,29.283375069397312,26.343112953147358,25.948439969003807
2098,77017,85.77068288059988,2026-06-22,13.912098380193349,30.74527174308179,27.678329576990457,24.611389712342074,25.702297917416207
2099,77017,72.39181119627139,2026-06-29,0.0,33.43429446695991,29.819939119884566,26.205579571791535,25.797691871304412
2108,77087,66.55098077694389,2026-01-05,0.0,22.826307556206633,16.35738908577688,9.888436000419723,12.533596654820649
2109,77087,74.54602971279839,2026-01-12,0.730250509103514,23.589607698317085,18.83552251323262,14.081355735138223,15.942258357811468
2110,77087,47.323838460922865,2026-01-19,0.03809587627277,16.72839659072616,11.400682019030038,6.07290419945283,6.103973737511135
2111,77087,81.92468966642164,2026-01-26,6.396088294908451,15.62593913405115,11.877078694092935,8.128280148423766,10.03891597677084
2112,77087,56.93028941103828,2026-02-02,0.0,13.070422638519714,6.936612045938712,0.802820771323858,3.036900222124984
2113,77087,61.820008692898284,2026-02-09,1.554502637663707,22.797831297616533,16.131236963877406,9.464565345461418,11.699818126017606
2114,77087,74.40620448650044,2026-02-16,4.160327304294119,25.51131996951293,20.270895461039416,15.030498670579204,17.085110567552956
2115,77087,64.00773781368872,2026-02-23,0.0,25.227755221529975,20.191581579598047,15.155366656945391,15.819137502238048
2116,77087,62.405610317643635,2026-03-02,0.0,25.430617880804895,19.454411775018265,13.478149990543422,14.890878493111183
2117,77087,76.62379877290458,2026-03-09,11.168006737250963,27.17325563963585,23.94373087706909,20.714121345484237,20.84291563167184
2118,77087,67.1598466586834,2026-03-16,1.754566694629635,25.971230935334564,20.175160544817594,14.379113956210157,16.15531983412468
2119,77087,57.36304332106228,2026-03-23,0.0,23.22362827510767,17.345617430927753,11.46764194559736,12.601128616236245
2120,77087,68.32288046225872,2026-03-30,0.0,27.478690698368954,22.40686683453795,17.33501804446735,18.317059632242362
2121,77087,74.68839969732106,2026-04-06,6.085130386106257,26.45715290402973,23.161666674594905,19.866205424048083,19.879499976581815
2122,77087,70.18131327268723,2026-04-13,1.871757944651848,25.021319943141844,21.68104307517317,18.340783712734897,17.93822673837223
2123,77087,74.12706638909575,2026-04-20,9.121782120592725,27.276698156409473,22.82676143556579,18.37670764748373,19.509099818917363
2124,77087,80.28736186535203,2026-04-27,4.905238236863075,26.495580352182664,23.482560631184008,20.469574936612897,20.896826557923752
2125,77087,72.29489945940284,2026-05-04,11.538696741622966,27.431067933381055,23.05726903679328,18.683402286365027,19.43018993826864
2126,77087,80.11373260362308,2026-05-11,1.174196980702176,28.609192729112955,24.326513586664383,20.043822985454298,21.67018319215679
2127,77087,69.68050559282173,2026-05-18,0.001050877934613,30.35591297030546,26.115578591134465,21.875183018885185,21.918905122511166
2128,77087,81.05374071800905,2026-05-25,11.133498397939128,29.171764464691922,25.11642499489752,21.060998759319588,22.57811785938681
2129,77087,74.92094649191729,2026-06-01,3.170579197963896,31.13918029634976,26.547805951178443,21.95643950635339,23.04710058900718
2130,77087,81.09006577403798,2026-06-08,14.008791817931353,30.459280753334482,27.411295670722676,24.363291072525637,24.788101660141795
2131,77087,76.53327057775827,2026-06-15,0.764263603382203,32.46239278310757,29.313943058758742,26.165489504731674,25.95078440422087
2132,77087,85.35748712095807,2026-06-22,11.910542488140077,30.924224875354266,27.77700263598938,24.629664149477787,25.738252026801003
2133,77087,72.12717691577087,2026-06-29,0.0,33.74471690604078,29.88626423388667,26.027841551416774,25.819329430918057
2142,77061,66.86486826905647,2026-01-05,0.0,22.937092269705346,16.296939014353082,9.656770894806568,12.50685907501695
2143,77061,74.65005319021378,2026-01-12,0.585115798963822,23.64276512672987,18.78224854852072,13.921661466709995,15.907349711677282
2144,77061,47.539544443409625,2026-01-19,0.020023196144873,16.845770272861643,11.25155863858496,5.657372399098772,6.00052578706861
2145,77061,82.56894716816858,2026-01-26,5.999476989906501,15.609690298328731,11.781067973996562,7.952440249487308,10.01652153925211
2146,77061,58.212005033369486,2026-02-02,0.0,12.682732573234627,6.627671104656389,0.57273815798177,2.868300390530285
2147,77061,64.18195131367494,2026-02-09,1.522980341787075,22.272999102960885,15.648626171416709,9.024234557691669,11.545007948021249
2148,77061,77.08993124262916,2026-02-16,3.909715169148043,25.083298794579893,19.84685089561557,14.610447695429077,17.01940623107116
2149,77061,66.06074073145471,2026-02-23,0.0,24.901515138825435,19.894617451921995,14.887687634555117,15.808976556622781
2150,77061,64.86169395119451,2026-03-02,0.0,25.05980687813462,19.023384749751212,12.98683223576108,14.817634483100043
2151,77061,78.49858040577001,2026-03-09,7.617640265006674,26.984862827241475,23.82303803467125,20.66110305825881,20.981418252122715
2152,77061,68.37870074057511,2026-03-16,1.864253840080191,25.828811844539697,20.067171585966808,14.30558359006383,16.21207615538175
2153,77061,58.57211462760625,2026-03-23,0.0,23.12733968337098,17.195656333524223,11.263938506707333,12.617679240275223
2154,77061,69.87002597705322,2026-03-30,0.0,27.35895624044872,22.229601673859655,17.10018373834645,18.357032125491738
2155,77061,75.11356215238258,2026-04-06,6.27039120728518,26.598449024642324,23.215123219022047,19.83173950540297,19.986887659885756
2156,77061,70.62260834673202,2026-04-13,2.258153467835404,25.036238986428184,21.714451934308677,18.39258995588648,18.031280619255803
2157,77061,74.92740463154614,2026-04-20,8.53834773520755,27.27017223898332,22.819230621068417,18.368292243891002,19.610065792060535
2158,77061,81.09726312329175,2026-04-27,4.510441986795117,26.42028820756328,23.484584327418716,20.548840566724706,21.008578592127062
2159,77061,72.44464737116682,2026-05-04,11.403009583763948,27.438147369454406,23.087009162161777,18.735907152163893,19.48529105102699
2160,77061,80.54695174929661,2026-05-11,0.473219450933285,28.489406654662247,24.31214154503707,20.13496587880091,21.71608990151611
2161,77061,69.95415765848607,2026-05-18,0.004513223357259,30.280580598556693,26.04044653318843,21.800266074324426,21.89046179559096
2162,77061,81.40136593239738,2026-05-25,11.066840549510772,29.135407601461374,25.10415579531725,21.07282000380191,22.615198055745743
2163,77061,75.43368089790567,2026-06-01,3.213910752744243,30.963193546441246,26.463889236684118,21.964555396302718,23.044107735493178
2164,77061,81.20997744004146,2026-06-08,11.496348194565124,30.427721344291694,27.429893577363178,24.431972866808156,24.825445938664053
2165,77061,76.83789597780029,2026-06-15,0.547620397749216,32.38164652884928,29.264496829983333,26.147397742812235,25.949674069933064
2166,77061,85.9289183667122,2026-06-22,14.217208985239795,30.777435078650768,27.716008798399233,24.654564753840045,25.76027704321299
2167,77061,72.69926079452783,2026-06-29,0.0,33.5703191793195,29.76824530221208,25.96616299224473,25.79603436746594
2176,77038,67.64287162731532,2026-01-05,0.0,22.82090836973749,15.799726935932846,8.778497000131514,12.137567642180542
2177,77038,75.52502263981148,2026-01-12,3.054129179079136,23.58745832442863,18.50460681186152,13.421737612879898,15.726628837715223
2178,77038,49.55279502205798,2026-01-19,0.360730691405607,16.474945836702297,10.764462453117051,5.054002755888694,5.773088978958413
2179,77038,82.53551764003267,2026-01-26,8.032658582189391,15.404565293082207,11.374620691518558,7.344616854759384,9.611084405336065
2180,77038,60.887934918871345,2026-02-02,0.0,11.71972015932742,5.560295919478372,-0.599102591785349,2.114689194973734
2181,77038,65.50463169863428,2026-02-09,6.772750616678365,22.45152612582525,15.24319393080414,8.034863321965457,11.3142972490594
2182,77038,77.69386906182159,2026-02-16,4.130068437290753,24.76333731970081,19.470646353302207,14.17789602172864,16.732186942951184
2183,77038,68.02670015400982,2026-02-23,0.0,24.569258930620244,19.389979258261647,14.210714782733081,15.62771599820466
2184,77038,63.806833314322006,2026-03-02,0.0,25.220697208913784,18.945759394107235,12.670811733954482,14.617146101111636
2185,77038,77.35677555270945,2026-03-09,9.608030429548295,27.48140069691565,23.823282955065793,20.16503917657655,20.812931363942422
2186,77038,67.92599047034993,2026-03-16,4.283829182905853,26.55715531692353,20.081647512338932,13.606121982151766,16.17368243938666
2187,77038,55.77306555461782,2026-03-23,0.0,23.853562017367217,17.434978356929676,11.016285332021505,12.49092683532998
2188,77038,66.13710111780595,2026-03-30,0.0,28.132096650085277,22.659235769065234,17.186404974951355,18.256965937034778
2189,77038,72.05544812711531,2026-04-06,4.580250086260171,27.10300518652693,23.50773318092254,19.91236932236032,19.849832579979477
2190,77038,69.52675031308767,2026-04-13,10.86635356853114,25.894991521614045,21.575461954802016,17.255879515230614,17.7419896352498
2191,77038,72.19220004184848,2026-04-20,4.648632123898818,27.89028705039028,23.313518262876862,18.73677285426779,19.694910270879014
2192,77038,78.03260069094517,2026-04-27,4.629116146854257,27.030955366066134,23.8501615981924,20.66935437454061,20.928994090764345
2193,77038,72.79173893453951,2026-05-04,14.158015919589273,27.586691475302345,22.900780723986436,18.214876859684562,19.3199158649285
2194,77038,79.01736917716558,2026-05-11,4.752406337464384,28.711885123692802,24.24036769062115,19.76884445137429,21.448398339510376
2195,77038,68.33737986573888,2026-05-18,0.126530519580512,30.544242665726316,26.24355231139498,21.94281644745098,21.841549187627052
2196,77038,79.5496814629692,2026-05-25,11.168594179378342,29.534040253641756,25.25420905041713,20.974296303431338,22.499485593619347
2197,77038,74.66332041203108,2026-06-01,3.724016900187901,31.10881619400872,26.506900817898273,21.904907570371403,22.958708043005146
2198,77038,79.92703423596458,2026-06-08,15.91320566973897,30.860248509649782,27.46081805456365,24.061351648552762,24.656503729848076
2199,77038,75.3014927541067,2026-06-15,5.417038682344732,32.99466378030716,29.410757417010203,25.82679588983953,25.854911994085064
2200,77038,83.27854944935825,2026-06-22,18.831293927826803,31.265538091637826,27.976984330423498,24.688388778211248,25.633730237971605
2201,77038,68.95725901207241,2026-06-29,0.0,34.38552552603863,30.358707471877704,26.331850231696365,25.76548322142745
2210,77075,67.47084064802345,2026-01-05,0.0,23.11552752644702,16.273666644176274,9.431716091633724,12.551558521561834
2211,77075,75.20716390403658,2026-01-12,0.487126764315325,23.72499421116972,18.723497438821603,13.721939562435253,15.922275522934525
2212,77075,48.257003035306404,2026-01-19,0.00494053437976,17.02623600367753,11.109453972908916,5.192617949902865,5.952158803863886
2213,77075,83.57004534692378,2026-01-26,6.726724749273656,15.672718885568864,11.730742481224004,7.788736271145433,10.065159946487277
2214,77075,60.13206724942756,2026-02-02,0.0,12.266483568855792,6.228665612716708,0.190916213984616,2.671457624057245
2215,77075,66.90715500856611,2026-02-09,1.959803235733828,21.789572718349778,15.088819703682647,8.388004139221081,11.355624517238786
2216,77075,80.18236966325858,2026-02-16,3.538836851292052,24.655568094302605,19.35113681971474,14.046636755047974,16.929681979820014
2217,77075,68.40564228643008,2026-02-23,0.0,24.65067424068258,19.55143457831672,14.452155702442003,15.797195123865144
2218,77075,67.22925546721736,2026-03-02,0.0,24.706308897506045,18.589019061772344,12.471696449003389,14.722429850380344
2219,77075,80.62637622487607,2026-03-09,5.703433824073429,26.72642027523757,23.54727282928582,20.368164682878795,21.002543209911398
2220,77075,69.46983415518801,2026-03-16,1.845269661939099,25.846604078391028,19.981757321262606,14.11690613338319,16.273772680245294
2221,77075,59.26229980265081,2026-03-23,0.0,23.203378271462178,17.098974460974322,10.994513971026725,12.61526737149432
2222,77075,70.7006247098042,2026-03-30,0.0,27.485610979473954,22.145287197874293,16.80489264444287,18.38751875320989
2223,77075,75.57399345606458,2026-04-06,7.096271265364582,26.722900122501095,23.233493548264576,19.744045208366412,20.066607597339356
2224,77075,71.02694198016643,2026-04-13,2.545977598798823,25.18723451145101,21.743995151494108,18.30077543860914,18.112405682507966
2225,77075,75.67659441003248,2026-04-20,8.118243562371177,27.320617261755647,22.801933145798802,18.283227365014806,19.692955872573318
2226,77075,82.04215342267513,2026-04-27,4.301291841688568,26.413140943919725,23.429800105012543,20.446338987088357,21.082393171184396
2227,77075,72.71290495298159,2026-05-04,12.615452074307992,27.519822059491162,23.084168437628115,18.648443165579273,19.523652269300737
2228,77075,80.82729066043669,2026-05-11,0.241705760669506,28.449209478677634,24.293510629750628,20.137786126276605,21.737215339684667
2229,77075,70.58750858995124,2026-05-18,0.000383652345379,30.25756616687989,25.916548058783285,21.575467426340502,21.86733602174832
2230,77075,81.73082206631287,2026-05-25,13.968636298048464,29.094225234038387,25.07743853271882,21.060632079229777,22.63540863053173
2231,77075,75.8771748575786,2026-06-01,3.549898153803278,30.952704122272785,26.385808578088003,21.81887608938764,23.03645897539823
2232,77075,81.3799846857148,2026-06-08,9.599776386312413,30.469807844757835,27.43755312247125,24.40526554913828,24.859212165879217
2233,77075,77.34675664930914,2026-06-15,0.517231258979893,32.3826669828188,29.201532394039567,26.020346071174004,25.966309180610367
2234,77075,86.14581241345202,2026-06-22,18.327242610107355,30.744851592481854,27.723176173415435,24.701473998923145,25.798720880512317
2235,77075,73.50437889358567,2026-06-29,0.0,33.54970611893597,29.6364704458505,25.723252919974954,25.795364268359638
2244,77581,69.15924658114518,2026-01-05,0.0,23.261243990073726,16.119101179901953,8.976798930505224,12.600392710384737
2245,77581,76.22129914083727,2026-01-12,0.288429852026597,23.775700468283055,18.69950975200937,13.623292734331356,16.024743595627385
2246,77581,49.70186211539485,2026-01-19,0.040421378372375,17.210290876277163,10.989680321238145,4.769018018791033,5.995536313750308
2247,77581,85.05956471848793,2026-01-26,8.18742465501281,15.777522791010197,11.708025610100478,7.638470493394351,10.194861799506883
2248,77581,61.46698888224772,2026-02-02,0.0,12.352965816180072,6.132788952592419,-0.087405852468017,2.697303689695035
2249,77581,67.39761043444663,2026-02-09,3.043288973942613,21.769732991176788,14.992281388957547,8.214756930762015,11.32603198659947
2250,77581,80.76495691688483,2026-02-16,3.223273925662213,24.628383512958667,19.250540338751993,13.872673197969508,16.906507084228792
2251,77581,69.04725277245554,2026-02-23,0.0,24.671377735757538,19.522674555719504,14.373907201900725,15.853073777728635
2252,77581,68.3703430287138,2026-03-02,0.0,24.57416983383898,18.36844293662032,12.162769457130047,14.6599784567051
2253,77581,82.09776320313486,2026-03-09,6.185979818027669,26.43634223521853,23.288630148362863,20.14077811064547,20.950249636319622
2254,77581,70.81273825827571,2026-03-16,1.724211195284499,25.678064818113267,19.783656950285582,13.889336284827406,16.262821127747905
2255,77581,59.90989061393171,2026-03-23,0.0,23.041944203961354,16.81534105448764,10.588700617447403,12.437331455917363
2256,77581,71.43370948991468,2026-03-30,0.0,27.44818503044785,21.902512528321413,16.35691115207166,18.256838514415907
2257,77581,76.20530541918194,2026-04-06,6.881202365708685,26.77267437517724,23.20716605194025,19.64165070211551,20.127754020817004
2258,77581,71.71409815830464,2026-04-13,2.017458582263355,25.47325923156481,21.6896296745081,17.90614842383586,18.1501273456699
2259,77581,76.3222220996215,2026-04-20,9.313096330448063,27.475880143779055,22.76146049277265,18.047003929428634,19.73866784785497
2260,77581,82.94783484668115,2026-04-27,5.02257302153444,26.54920277838891,23.32619335985592,20.103235340038594,21.10013417808707
2261,77581,73.02849661367428,2026-05-04,12.280920797117806,27.61841909339554,23.042322304392748,18.46618081886973,19.531913730880312
2262,77581,81.44726206961339,2026-05-11,0.523882338186078,28.354489813229613,24.23732233510234,20.120226037576835,21.765501544341472
2263,77581,71.88323555621653,2026-05-18,0.111215572413392,30.124398575956654,25.62507066156992,21.12561973226775,21.781571327698785
2264,77581,82.53326251482575,2026-05-25,13.237291819413949,28.95722521433683,24.955175867230803,20.953233050364442,22.628020349180517
2265,77581,76.43520200038954,2026-06-01,3.729558467357374,30.996417384001862,26.23532223855305,21.47417647933117,22.976184865468063
2266,77581,81.3174472916367,2026-06-08,10.50174387683227,30.602686984706448,27.408137919366457,24.21331049944136,24.82342527322265
2267,77581,77.42052968467202,2026-06-15,0.440339909287701,32.34700849630489,29.103703402029627,25.860252958252204,25.884429527141478
2268,77581,85.9300554957588,2026-06-22,26.805940694589317,30.77696502790756,27.694600526563278,24.612010759274995,25.742245122988134
2269,77581,74.21960134416169,2026-06-29,0.0,33.39286600446736,29.3805516926687,25.368194875566,25.662896523729103
2278,77034,68.59223278764439,2026-01-05,0.0,23.393844237092935,16.354438192805564,9.314991697919027,12.75705547376672
2279,77034,76.57250858301647,2026-01-12,0.309907392022805,23.919212254082527,18.7981218374028,13.677062486875615,16.154290859165
2280,77034,49.06166395638283,2026-01-19,0.021386409976431,17.369859079012976,11.213898530798708,5.057916991722593,6.116813249118797
2281,77034,86.51990203290545,2026-01-26,7.494009787074804,15.825627573832577,11.621387843905175,7.417157619359957,10.265615070139237
2282,77034,61.816118787908955,2026-02-02,0.0,12.461945920731022,6.253529563533108,0.045122466885463,2.837303400224907
2283,77034,66.96626716879585,2026-02-09,2.790210373451683,22.01365769747051,15.140144379856745,8.266591923054508,11.403466473679552
2284,77034,80.20522466175338,2026-02-16,3.637470668815852,24.80103257189114,19.410886884523958,14.020691116670017,16.99180503331298
2285,77034,68.86790548814832,2026-02-23,0.0,24.93286716505493,19.665267435064802,14.397620425385046,15.962748544134788
2286,77034,67.55168954284115,2026-03-02,0.0,24.772482216734037,18.629752933362965,12.486973425719892,14.797646625101283
2287,77034,81.66621194331665,2026-03-09,7.761350795178823,26.57837067497268,23.405132155567973,20.23189007415466,21.005235920736126
2288,77034,70.13943666268175,2026-03-16,1.484944715240895,25.96489311658519,20.08722375245429,14.209572909232552,16.46077843620766
2289,77034,59.167758551555025,2026-03-23,0.0,23.38429927531401,17.26395480619739,11.1435569878228,12.743849733138145
2290,77034,71.103959641323,2026-03-30,0.0,27.562076810070348,22.15638091165772,16.750645652828442,18.449984962593525
2291,77034,76.37860682216967,2026-04-06,4.433944203671955,26.816116599445156,23.29555303181072,19.774996163124136,20.234848503551866
2292,77034,71.88065490094037,2026-04-13,2.058701126940749,25.320651780749305,21.76396013595058,18.207293400365938,18.240376186330938
2293,77034,76.16373092791038,2026-04-20,10.132666887234183,27.52500546978444,22.882090192493266,18.23913728116408,19.831267525784853
2294,77034,82.9722816218438,2026-04-27,4.54184220221648,26.608237350627494,23.455668187670156,20.30301381176143,21.233603300240144
2295,77034,73.25609007109317,2026-05-04,13.756495918792519,27.69059679092489,23.181592923729767,18.672575728678016,19.68874790527202
2296,77034,81.83789363687212,2026-05-11,0.41217698120639,28.416371438062544,24.26144523811716,20.106415749428287,21.84720941592405
2297,77034,71.52833717686983,2026-05-18,0.042473887548641,30.27653078951333,25.854034060864976,21.431533850626103,21.942469483776378
2298,77034,82.81596536250908,2026-05-25,13.387850962202883,29.100079834441043,25.021198527261102,20.942252952560626,22.73040054416795
2299,77034,76.44306470619361,2026-06-01,3.755940005485947,31.154673446882654,26.42592514720213,21.6972009076866,23.159650111880485
2300,77034,81.92604075812373,2026-06-08,12.394389706858973,30.608430988493282,27.416334860087577,24.224202725397284,24.91738293982994
2301,77034,77.6560752353161,2026-06-15,0.341961654867732,32.43314452592911,29.263821279265752,26.094445408932497,26.072345010281335
2302,77034,86.45324841063467,2026-06-22,23.9162333731987,30.85431568212305,27.732549780866314,24.610706400153777,25.852233543575014
2303,77034,74.20487369671129,2026-06-29,0.0,33.52196640154846,29.597446225825387,25.67290608638119,25.865705059678323
2312,77089,69.0336401323193,2026-01-05,0.0,23.32155831050745,16.200120579945214,9.078718528601435,12.662284562743675
2313,77089,76.35272178555358,2026-01-12,0.268371490647635,23.855928327023484,18.742695566042983,13.629424309597193,16.079486169425824
2314,77089,49.449926223188214,2026-01-19,0.040260894674821,17.28588208117729,11.050430413081186,4.814910984416509,6.019565602113945
2315,77089,85.78445183731407,2026-01-26,8.094648290602805,15.752084814444114,11.662991285737816,7.573848906832906,10.22618865829442
2316,77089,61.616781577740234,2026-02-02,0.0,12.413497602936914,6.190963199871196,-0.031602726861594,2.761513197668846
2317,77089,67.28021710395174,2026-02-09,2.732384747979236,21.847308438388463,15.02283380337227,8.198320993675313,11.338508841620355
2318,77089,80.65676061080013,2026-02-16,3.363180129736843,24.74153391688143,19.296905832177366,13.852271443833223,16.9374127352496
2319,77089,69.0171163719825,2026-02-23,0.0,24.779428740341892,19.56508799564214,14.350771834321122,15.888235177699425
2320,77089,68.0814936180495,2026-03-02,0.0,24.691135558893457,18.443228391404897,12.19518831669703,14.693838412490683
2321,77089,81.89824763740083,2026-03-09,6.470482099469858,26.512805320097712,23.330151120876256,20.147449233344588,20.96351497691806
2322,77089,70.5742879866437,2026-03-16,1.622656727125287,25.79741328703,19.893773859993527,13.990118951933288,16.334580190271343
2323,77089,59.6833561895676,2026-03-23,0.0,23.188551096915976,16.995053071750476,10.801554257480898,12.568579822603883
2324,77089,71.31088426836311,2026-03-30,0.0,27.54282212710932,22.024753132880697,16.50663510901583,18.35489220096211
2325,77089,76.35975307122514,2026-04-06,6.049637037452593,26.824349945654923,23.256798309549776,19.68924510902299,20.195521618722587
2326,77089,71.91429950045948,2026-04-13,2.243695720486373,25.45240809806353,21.732675815586457,18.01292718963057,18.216066955397633
2327,77089,76.435624644729,2026-04-20,9.641612687465456,27.522019994855746,22.815853532857968,18.109627130055102,19.806193425375252
2328,77089,83.24302769912723,2026-04-27,4.843782420622525,26.587701956205184,23.368629624751858,20.149518559075332,21.181714512435605
2329,77089,73.20918896591857,2026-05-04,13.300083463061371,27.68981402611973,23.1091731442101,18.528483025711015,19.616048485186393
2330,77089,81.45179196872702,2026-05-11,0.509554759381831,28.419803555683522,24.27099784824318,20.122069615452713,21.80049987623762
2331,77089,71.70759959288978,2026-05-18,0.072391848083433,30.220596194547387,25.72226990493693,21.22391101094666,21.846264351376153
2332,77089,82.6608925108245,2026-05-25,13.364408331507027,29.027264316187587,24.969900791645106,20.912458543537873,22.659530017524897
2333,77089,76.44760201739717,2026-06-01,3.413812413983357,31.122640281580352,26.31616981528078,21.50964242479635,23.05540869385535
2334,77089,81.5515440882101,2026-06-08,9.694608882663086,30.63164207943622,27.426688817882248,24.22169352360277,24.874428042032335
2335,77089,77.71291457824339,2026-06-15,0.402795342095851,32.41157330815065,29.146630961980257,25.881660954190732,25.969165759347575
2336,77089,86.21222461338809,2026-06-22,25.968855136728603,30.815594731130734,27.716785904170212,24.61793876501858,25.803777254211617
2337,77089,74.34384545052363,2026-06-29,0.0,33.49843237265943,29.460093875008337,25.42166258815976,25.75706142349115
2346,77014,67.5854054705627,2026-01-05,0.0,22.922336524577112,15.530118712999077,8.137940950069325,11.878596148319465
2347,77014,75.38609989015902,2026-01-12,3.426055078010957,23.687869494037663,18.39375322742064,13.09962308654026,15.597375140868648
2348,77014,49.74718265803512,2026-01-19,0.397425641063365,16.606766477886737,10.557324464978267,4.507789767012531,5.614460447754191
2349,77014,82.95227595474142,2026-01-26,9.25703337375455,15.259939524531937,11.08743840219008,6.914834197151038,9.384649309485871
2350,77014,59.94954171193115,2026-02-02,0.0,11.84323470433029,5.461655774193056,-0.919934489915327,1.945810716009733
2351,77014,64.60135252568824,2026-02-09,6.286879617595952,22.750571708494444,15.22784377887792,7.705067462140253,11.191663387510559
2352,77014,76.6582608315611,2026-02-16,4.05530429974215,25.006349788423925,19.43468979115299,13.86307386578507,16.571507556543995
2353,77014,67.07714304596261,2026-02-23,0.0,24.822791170010564,19.373831237745406,13.92485502152798,15.492657046871303
2354,77014,62.77550985132203,2026-03-02,0.0,25.636803398943982,18.897021807415896,12.157187493593478,14.439830103494343
2355,77014,76.03315335078888,2026-03-09,7.116676169033722,27.808927111179838,23.940952742410126,20.07291325247135,20.733969834668024
2356,77014,67.772847589626,2026-03-16,4.817948347881346,26.87637144683821,19.963783989379795,13.051141226854876,16.042802311647286
2357,77014,55.8760311398414,2026-03-23,0.0,24.31791913044358,17.313695328977534,10.30938305993708,12.391536032575814
2358,77014,65.95731869443657,2026-03-30,0.0,28.51904957797499,22.57780427073601,16.636574617957677,18.15769374002141
2359,77014,71.94002954530114,2026-04-06,5.356621890436937,27.325504220136278,23.4167186541763,19.50789258064743,19.74534765362057
2360,77014,70.03267278752986,2026-04-13,14.132214756330345,26.187319363444736,21.382817224762807,16.57824860370197,17.631283216181743
2361,77014,72.18640520002926,2026-04-20,2.256446249237649,28.115630135759186,23.288134815423355,18.460641712879294,19.667668722574376
2362,77014,77.63489413909623,2026-04-27,4.123993499280374,27.27821694321144,23.886579484939304,20.494953261114357,20.905423882848776
2363,77014,72.6318501671425,2026-05-04,15.756635374069184,27.795616807263055,22.906067914784646,18.0165568214004,19.29579770427097
2364,77014,78.35630053631013,2026-05-11,2.888231023130399,29.133582141408063,24.26376366804971,19.39388307336441,21.385049826725105
2365,77014,67.74435681884782,2026-05-18,0.111083786715436,31.043085778699584,26.31039028071225,21.57763639213727,21.81902352722575
2366,77014,78.228214448986,2026-05-25,12.282146801586858,30.02328125587285,25.463292486173422,20.90333349295521,22.51622488335564
2367,77014,74.18400445701354,2026-06-01,3.67941267687252,31.481314648372518,26.55680860849339,21.63224868422602,22.938514940296354
2368,77014,79.3671457459918,2026-06-08,16.921784655424634,31.241428989382317,27.493516096401656,23.745484143749735,24.60886145684757
2369,77014,74.68896614517959,2026-06-15,2.909288017618514,33.49982905446964,29.47014967868722,25.44041522452987,25.818939744865283
2370,77014,82.88385756352595,2026-06-22,15.41646290369752,31.575622527015412,27.98043050059778,24.385196542295567,25.581679268883782
2371,77014,68.51337607075652,2026-06-29,0.0,34.84098510869371,30.366136916699222,25.891208508278464,25.70190460949026
2380,77373,69.4099932076294,2026-01-05,0.0,22.6682680427132,15.058958788235294,7.449590547820068,11.635010805717874
2381,77373,76.16955474725063,2026-01-12,3.934366228690899,23.574900037958734,18.218412523643444,12.861879850463891,15.522793131167488
2382,77373,51.29064817846503,2026-01-19,0.396087997457805,16.500943525544738,10.09914019880238,3.697298489125499,5.36595612577412
2383,77373,85.10729698145683,2026-01-26,9.174500707525652,14.826769183235035,10.585443824222983,6.344079733637775,9.126382385147027
2384,77373,61.508885812537436,2026-02-02,0.0,11.636286238621908,5.002290646063344,-1.631712918178409,1.655926473846037
2385,77373,67.04159273269768,2026-02-09,4.211702853337411,22.53381606188439,14.58005972107512,6.626290034165565,10.873929874006011
2386,77373,78.47637146773216,2026-02-16,4.399772527370217,24.830923349129574,18.990156489561205,13.149404356348311,16.36740993527871
2387,77373,68.49177931409092,2026-02-23,0.0,24.725530380282464,18.98026295997129,13.23499455815417,15.3045110193929
2388,77373,64.49685153192921,2026-03-02,0.0,25.449814005336926,18.345702260373006,11.241550790227237,14.151953163834987
2389,77373,77.3391633625364,2026-03-09,7.548291802836347,27.414087264477242,23.63367664371997,19.85325354565712,20.620170194209063
2390,77373,69.65163114779759,2026-03-16,3.454107145285725,26.47335758202168,19.515959524851496,12.558507733874036,15.86141210574427
2391,77373,58.213366291429324,2026-03-23,0.0,23.975866503543074,16.708815258520534,9.441737438963973,12.129337226228467
2392,77373,68.26090139797923,2026-03-30,0.0,28.138351444878115,21.998032188879755,15.85766616533704,17.932228524177212
2393,77373,73.91233947185611,2026-04-06,4.278312333729619,26.97346430271771,22.94775794840259,18.92205047581001,19.567633424729586
2394,77373,70.8713495875035,2026-04-13,10.49065596175479,25.957722522011824,21.073653140173707,16.189563558146205,17.46498897229002
2395,77373,73.89887248273546,2026-04-20,1.942625457631549,27.811017438283574,22.861191735401214,17.911324643816755,19.496394100544777
2396,77373,78.83666179349555,2026-04-27,4.225695365996435,27.023533339316856,23.564728492704834,20.105844429226586,20.76165510958761
2397,77373,74.08545396302486,2026-05-04,15.354101620070345,27.47279404989682,22.5559834917228,17.639136329331826,19.154229081239276
2398,77373,80.31572989322855,2026-05-11,4.879589231586663,28.685746663546688,23.808607533134875,18.93142269404284,21.218066662099027
2399,77373,69.89661597311436,2026-05-18,0.048956772260351,30.495206026118733,25.769497031334314,21.04377634109285,21.628620199939455
2400,77373,80.03822924202312,2026-05-25,10.89967355684881,29.581302722899785,25.090321153990754,20.599315400004382,22.408910116598687
2401,77373,75.87476438667254,2026-06-01,3.521154174921386,31.06359132140433,26.19002842499047,21.316498018315993,22.835611264670888
2402,77373,80.88443717538071,2026-06-08,11.34323886398306,30.805997247983424,27.12403130580978,23.442031674732057,24.474906997695417
2403,77373,76.27245965336292,2026-06-15,2.640885768370964,33.16424957279455,29.07748409387959,24.99069357454613,25.68574046507225
2404,77373,84.22308597391022,2026-06-22,17.64484720090841,31.24320931281675,27.67915492558943,24.115128401270937,25.483317180419196
2405,77373,69.38547633029022,2026-06-29,0.0,34.645634098221265,30.06996197498479,25.494244200811245,25.56313104982443
2414,77067,68.06836659111909,2026-01-05,0.0,22.757665760726287,15.541848940499332,8.326089190707515,11.942796516517378
2415,77067,75.817384690279,2026-01-12,3.25243170768178,23.505279171618533,18.361011539293404,13.21673541738525,15.622135962107011
2416,77067,49.78596984347743,2026-01-19,0.382805547877927,16.451869098067025,10.612550163451731,4.773217276582868,5.663295650965969
2417,77067,82.85285466802829,2026-01-26,8.514333160556761,15.300340673342097,11.174153085266918,7.047864191556157,9.456391566646865
2418,77067,60.654521209566475,2026-02-02,0.0,11.702059684509418,5.4159843833698,-0.870138815066603,1.963760706053322
2419,77067,65.41607370399292,2026-02-09,7.203445611212034,22.457010415718194,15.134591696653834,7.812120078221771,11.201363918588353
2420,77067,77.46812202926473,2026-02-16,4.098624924191036,24.75960427648435,19.376219589493747,13.992792407240243,16.614698577600766
2421,77067,67.69422589018204,2026-02-23,0.0,24.564422918314055,19.319886576282002,14.075170354794043,15.523754477609835
2422,77067,63.398164097641924,2026-03-02,0.0,25.330325974502298,18.87527552182859,12.420212581525783,14.502421995111558
2423,77067,76.85831813484845,2026-03-09,8.48191838484819,27.58304737065353,23.84423233725691,20.105433507419832,20.760272279045207
2424,77067,67.94891799283785,2026-03-16,4.744899007842945,26.647481759076506,19.999448064310904,13.351364135786538,16.0991648626029
2425,77067,55.97615729195294,2026-03-23,0.0,24.006242099471017,17.332568894340486,10.658907392966185,12.423417098590615
2426,77067,66.28486311143742,2026-03-30,0.0,28.24526381392251,22.560919143345604,16.876650571071476,18.18642666985288
2427,77067,71.9532852777577,2026-04-06,5.230925756929184,27.203992051579906,23.478102526951314,19.75216893789916,19.807707121798586
2428,77067,69.73724935614658,2026-04-13,12.479430204249159,26.06127988154673,21.48824215240084,16.915138641237263,17.68942273999108
2429,77067,72.0821989119665,2026-04-20,3.098907441831524,27.99665890045316,23.32736413099879,18.65806069122241,19.69247186344822
2430,77067,77.67139150843828,2026-04-27,4.25233813074898,27.16536536552062,23.896939469404508,20.628520893841234,20.924140424823122
2431,77067,72.70171630860085,2026-05-04,14.66398664770137,27.685771861026545,22.90945583563325,18.13306438519624,19.31253735313812
2432,77067,78.79563721713922,2026-05-11,4.390569152758655,28.904036897837504,24.253249394384873,19.602447971026745,21.432695743180147
2433,77067,68.00180133020811,2026-05-18,0.120936743322773,30.744985607142265,26.29939198004832,21.853817719479412,21.84465425144769
2434,77067,78.91461828717297,2026-05-25,11.311811769270847,29.745956758825372,25.371970223745627,20.997907110550305,22.523899940071935
2435,77067,74.42396188477834,2026-06-01,3.581195980126733,31.252697370191957,26.545451758682585,21.838250789660346,22.962982140575583
2436,77067,79.4395801870742,2026-06-08,16.49813385571595,31.018508818464685,27.49144547558011,23.964227261811253,24.61594110850007
2437,77067,74.9077429539459,2026-06-15,4.366674428200844,33.21878980471818,29.43333932114084,25.647861841343378,25.816738042037283
2438,77067,82.96781322592874,2026-06-22,17.31669383717412,31.35474671030124,27.973902321494105,24.593027047599886,25.586822876610718
2439,77067,68.46820006491551,2026-06-29,0.0,34.562321487365445,30.386146998733523,26.209979054338316,25.71351927827377
2448,77090,67.94433566559411,2026-01-05,0.0,22.9205248964903,15.478843343355619,8.037175224801985,11.867832115935505
2449,77090,75.59450077379208,2026-01-12,3.72445084645231,23.637791336914486,18.390317642428407,13.142774292221553,15.619528775885406
2450,77090,50.043535510401924,2026-01-19,0.387771068092918,16.624926738087424,10.488232021050862,4.351509711322306,5.584638297287179
2451,77090,83.4471340252129,2026-01-26,9.373494757615111,15.134150762581998,11.004534870895627,6.874865917553293,9.356266403864211
2452,77090,59.96165470596454,2026-02-02,0.0,11.937924782248555,5.496290836927021,-0.945382801715386,1.977414757924991
2453,77090,64.49737843815667,2026-02-09,3.937385169463027,22.81078690754075,15.272107765680705,7.733435254795639,11.220374018180388
2454,77090,76.50212014691361,2026-02-16,4.038212558542088,25.083879311138006,19.481860776023435,13.879816796020814,16.59741802479702
2455,77090,66.99635909555005,2026-02-23,0.0,24.906942548752745,19.442836629379556,13.97870047378157,15.53973033375753
2456,77090,62.85331598087739,2026-03-02,0.0,25.690025697678884,18.880233018910843,12.070382223704334,14.432012945834176
2457,77090,76.32726450329552,2026-03-09,7.611301133413916,27.712246622261134,23.915094115540107,20.11790589832001,20.749437292225245
2458,77090,68.1961740400492,2026-03-16,4.436174038102595,26.77738077140272,19.884580297422975,12.991729480535856,16.022711137999593
2459,77090,56.40711432779512,2026-03-23,0.0,24.247332441758722,17.208776455464488,10.170100124194265,12.360538660074063
2460,77090,66.45534465035706,2026-03-30,0.0,28.43317885710375,22.481437925514573,16.529587777455973,18.136968052911186
2461,77090,72.45880532840772,2026-04-06,4.858815233396453,27.219843635271506,23.31820698117299,19.4166101316959,19.724715177632238
2462,77090,70.20961865460822,2026-04-13,12.557389015261828,26.123212965074128,21.328932622249592,16.534619857684117,17.608763122412135
2463,77090,72.67486343494639,2026-04-20,2.05930204956823,28.01997283771585,23.195858026585654,18.371684750201673,19.647597367634614
2464,77090,77.91840974066325,2026-04-27,4.124323335853593,27.200555377849792,23.829938847267858,20.45931200176391,20.891761725975726
2465,77090,72.80412848480833,2026-05-04,15.744974790349778,27.726849609381308,22.875184182413978,18.023487966195212,19.29157587573384
2466,77090,78.54051891713618,2026-05-11,3.69049517222352,29.064268646956073,24.2307493984635,19.397174037297262,21.381162396003383
2467,77090,68.1228503146331,2026-05-18,0.076413473319547,30.886011263943058,26.21424833905505,21.54251017550159,21.786467255386132
2468,77090,78.3063171008988,2026-05-25,12.018446707567252,29.96054909328108,25.460118191294754,20.95972009387527,22.525021021649952
2469,77090,74.26521442697658,2026-06-01,3.448327585294132,31.43721863742492,26.55041843558432,21.663561134187876,22.94551952253983
2470,77090,79.48991826154463,2026-06-08,14.680715879361973,31.19645251957186,27.461823026844552,23.727193920991628,24.59646830511765
2471,77090,75.15514805010466,2026-06-15,3.123382566627607,33.38871586821912,29.36503705003029,25.34132528100469,25.789990288102864
2472,77090,83.19810328912317,2026-06-22,16.517745636789083,31.510900192428814,27.92230383791738,24.33370980879629,25.570762894790295
2473,77090,68.58753960061905,2026-06-29,0.0,34.80822323210841,30.315590580266925,25.822907404449303,25.6666003693429
2482,77060,67.9738392512342,2026-01-05,0.0,22.746007957899664,15.733687429242803,8.721380521818062,12.109179695559728
2483,77060,75.6194363262249,2026-01-12,3.463046510554006,23.546547265288474,18.498882598198772,13.451179287114488,15.733027195185157
2484,77060,49.99854378711349,2026-01-19,0.336702551626986,16.44406589784825,10.698075542699035,4.952045322909033,5.759530921495464
2485,77060,82.74618510068393,2026-01-26,7.57015112218198,15.303857179014518,11.279584684335608,7.255342350731647,9.545356861164333
2486,77060,60.94377840983633,2026-02-02,0.0,11.719539993822533,5.548447337042608,-0.62260866188769,2.107585080932111
2487,77060,65.7941682923762,2026-02-09,6.705547333048486,22.366177855871282,15.21918333830082,8.072195156920253,11.324697553602636
2488,77060,77.88514313199245,2026-02-16,4.134832610789577,24.705020150750855,19.41847040230148,14.131902213215081,16.70701612837412
2489,77060,68.26557641746912,2026-02-23,0.0,24.532924534173546,19.385542737114903,14.238102445326215,15.648731107216138
2490,77060,64.17369357960874,2026-03-02,0.0,25.154864556092633,18.860633989634998,12.566424923775944,14.584062346554804
2491,77060,77.94474437183932,2026-03-09,12.278965664031963,27.30199478212679,23.698112219256966,20.09423550606783,20.77544690837027
2492,77060,68.40718653081613,2026-03-16,3.953986586306689,26.385664923331028,19.94567722182431,13.505730461184195,16.109450449453746
2493,77060,56.11721342521344,2026-03-23,0.0,23.701681196371084,17.268923546621355,10.836155810759266,12.388295296777892
2494,77060,66.61207693078765,2026-03-30,0.0,27.963333857743077,22.501102723344136,17.038832871870405,18.176339497072377
2495,77060,72.57446323495577,2026-04-06,4.544603837033874,26.923724484774233,23.32158686338454,19.71940806334975,19.746881654907444
2496,77060,69.63830934927684,2026-04-13,9.303377528165294,25.742367552767693,21.4484465454255,17.154408304592057,17.642529751864593
2497,77060,72.6769669601856,2026-04-20,4.544825641522135,27.695997041487413,23.148579042858287,18.60110465291596,19.608097499027885
2498,77060,78.21681609818303,2026-04-27,4.064848395986933,26.85888714915166,23.73218139656612,20.605409164112878,20.848038231441407
2499,77060,72.72597888652382,2026-05-04,14.306210676994311,27.47558309485196,22.863130499902766,18.25068554472597,19.28304708231331
2500,77060,79.23179900704717,2026-05-11,5.584890195845166,28.626407834238332,24.148850816903813,19.671240032377373,21.390549232641195
2501,77060,68.43768218177433,2026-05-18,0.051283501275065,30.40044318522635,26.162742144036574,21.925004623659053,21.780501887688764
2502,77060,79.6000782697073,2026-05-25,10.978824987224426,29.41342840894422,25.209687368633077,21.005935493747995,22.465407328671144
2503,77060,74.60978849705019,2026-06-01,3.467972969867209,31.05890283744228,26.48979563771408,21.92055896198622,22.937518603160747
2504,77060,80.35183848118302,2026-06-08,16.139902127518255,30.68148391652151,27.319899167003523,23.958301553818984,24.582438813234873
2505,77060,75.90618570444397,2026-06-15,4.941587182619496,32.78710331352773,29.225856270897612,25.66454669711207,25.771093888087567
2506,77060,83.63520570198273,2026-06-22,18.035041731972072,31.151444727613836,27.85820109250498,24.56496977729434,25.57119946193026
2507,77060,69.15497688642968,2026-06-29,0.0,34.21924445533703,30.21430602554874,26.20931521487335,25.66220162999139
2516,77088,66.88428282172795,2026-01-05,0.0,22.91063607955134,16.04697241532252,9.1832098887059,12.285163566399817
2517,77088,75.30856390234779,2026-01-12,2.647589042440664,23.628771065322844,18.588744446775458,13.548642295921503,15.782321335243665
2518,77088,48.984374005062804,2026-01-19,0.34506904417221,16.52842098504791,10.932012345947927,5.335605994308442,5.864209976854021
2519,77088,82.16568567625654,2026-01-26,7.470981428759592,15.529284211247752,11.55881985026195,7.58834701520038,9.743552019220225
2520,77088,60.80141832988242,2026-02-02,0.0,11.74999814786978,5.699556888743166,-0.350898327367189,2.234382783744174
2521,77088,65.16204627833562,2026-02-09,4.834268326536524,22.48301617453358,15.370419577773625,8.257775086749689,11.398032052142359
2522,77088,77.79499896152699,2026-02-16,4.108392236136465,24.74224382179615,19.56256209573548,14.382817566509997,16.832194996718933
2523,77088,68.0125658267994,2026-02-23,0.0,24.64337187476799,19.497441524173958,14.351478792184583,15.725031341508023
2524,77088,63.752680085727576,2026-03-02,0.0,25.167604413964167,19.081926651930086,12.996282234568197,14.733669968131712
2525,77088,77.610698968841,2026-03-09,9.53767248700633,27.441161463785022,23.857770973860244,20.274196495692845,20.882012055192686
2526,77088,67.93505869372231,2026-03-16,4.088627614950409,26.505819494902834,20.178392591588786,13.850969486580627,16.26568604909864
2527,77088,55.5989783957751,2026-03-23,0.0,23.774263407689578,17.584650089406367,11.394958743609472,12.601094657670306
2528,77088,65.85974314535139,2026-03-30,0.0,28.127906850372046,22.818316167264346,17.508670356540964,18.366083853151856
2529,77088,72.37851620829385,2026-04-06,4.155561526089518,27.034336713234833,23.524419305870698,20.01444974890859,19.909698584190252
2530,77088,69.69014792638288,2026-04-13,9.544863922522191,25.7860828787068,21.62014851871318,17.454186978486685,17.806350053216807
2531,77088,72.55175111469173,2026-04-20,6.220294673727615,27.845650201839668,23.282826431064404,18.719910963303974,19.713789305637683
2532,77088,78.65632378640228,2026-04-27,5.388287343434341,26.951136557326315,23.786158439893565,20.621141358369517,20.950198496753103
2533,77088,72.63076294991158,2026-05-04,13.803299627682911,27.55775888583371,22.95235180201921,18.346895441541076,19.35219112651275
2534,77088,78.8562056687221,2026-05-11,4.462498741760366,28.653999804269525,24.30015708969993,19.946304498152728,21.482538169922766
2535,77088,68.27661394418065,2026-05-18,0.166533700839059,30.474105149669544,26.27075514110671,22.067423897194015,21.857272236836216
2536,77088,79.69313184836167,2026-05-25,11.62241425424275,29.439693153621793,25.22601243186576,21.012303145539985,22.492424097181846
2537,77088,74.46433721601211,2026-06-01,4.096621943598435,31.092032016023666,26.559582917599844,22.027120306782898,22.9776103751085
2538,77088,79.88535170611415,2026-06-08,15.272014538504555,30.87961594745148,27.531204737307768,24.18276491047273,24.716377146133418
2539,77088,75.30329448413512,2026-06-15,6.143050403779484,32.92108783872483,29.468464630016758,26.015682029490986,25.90974115359728
2540,77088,83.43092391364362,2026-06-22,18.72556569727711,31.272760615321413,28.014779365609076,24.756795303045536,25.69059382476931
2541,77088,69.21350568852851,2026-06-29,0.0,34.26051445010758,30.35813183663434,26.455731863107328,25.805434629384642
2550,77091,66.48689827411758,2026-01-05,0.0,22.894373883715318,16.23451064538918,9.574529036314424,12.417155404018548
2551,77091,75.10031187257538,2026-01-12,2.486928833697487,23.59197466524265,18.68236368694107,13.77278313615045,15.849097646613336
2552,77091,48.47927699405258,2026-01-19,0.330805117574209,16.55281553316128,11.098575522847245,5.644318626405131,5.958628597025707
2553,77091,82.03053386109379,2026-01-26,6.693692731393115,15.553359585712158,11.702023948824475,7.850655180553423,9.862225434671647
2554,77091,60.76513244134069,2026-02-02,0.0,11.834362071440998,5.866614139157208,-0.101147713921,2.382009342768081
2555,77091,64.75772860172535,2026-02-09,4.529371250924517,22.49839489185509,15.558580909621515,8.618758433229756,11.52467302590308
2556,77091,77.7285302236233,2026-02-16,3.969085248811895,24.765079720361875,19.706036718791836,14.646930330465478,16.961511244958732
2557,77091,67.93411806724163,2026-02-23,0.0,24.687484377361553,19.67269973231393,14.657862661736766,15.875291225847244
2558,77091,63.61818768718512,2026-03-02,0.0,25.1618486046146,19.249014918485784,13.336126215188052,14.868833933923309
2559,77091,78.06898254960576,2026-03-09,11.521070685357756,27.35051707820479,23.879361281792757,20.40809190591656,20.96548817863848
2560,77091,67.91794135318564,2026-03-16,4.148586050015059,26.48320330058307,20.295739450773773,14.10818335507178,16.371200054885183
2561,77091,55.63229731041253,2026-03-23,0.0,23.73356853554031,17.695592138731406,11.657567071906202,12.702450651034473
2562,77091,65.98303397494419,2026-03-30,0.0,28.114868991888645,22.91082055877706,17.706732265403833,18.467928141154612
2563,77091,72.97945335591841,2026-04-06,4.060778728484179,26.89446024571955,23.4936832917186,20.09290734069566,19.962358786219337
2564,77091,69.98418777841188,2026-04-13,6.780055897819143,25.591324680878124,21.63980228008125,17.688242671294226,17.865856240267654
2565,77091,73.13582981409667,2026-04-20,6.854328045160879,27.723659289106003,23.226123008469195,18.728496742067076,19.739988681013436
2566,77091,79.32453000497227,2026-04-27,5.781527039238519,26.842083939923292,23.729895825584066,20.617796145204245,20.987260808799196
2567,77091,72.46573744679378,2026-05-04,12.902106743350885,27.52123018510768,23.013747508004084,18.506244338339684,19.391963476728776
2568,77091,78.87362871873893,2026-05-11,4.826396340553189,28.634272289250134,24.364451698412733,20.094538392574435,21.54373397457656
2569,77091,68.26689548540575,2026-05-18,0.097235450506879,30.434683961818617,26.312674317871274,22.190606465509077,21.893969333133313
2570,77091,79.89606331554883,2026-05-25,13.452194690031405,29.350962734357843,25.222923574890945,21.094922229611125,22.517578245777447
2571,77091,74.06007874489539,2026-06-01,4.128899502690382,31.16153908088392,26.671142261467768,22.180779806735885,23.02417629198001
2572,77091,79.94157688591442,2026-06-08,15.40524258635434,30.806981133154505,27.539077589533182,24.271202081574597,24.731317900849575
2573,77091,75.19991154236368,2026-06-15,7.641058278730171,32.83198362507296,29.507740871307224,26.183486354024716,25.931036544565977
2574,77091,83.58142744891231,2026-06-22,17.864348603009105,31.215566404213945,28.014222304685035,24.81290751386404,25.71053055892916
2575,77091,69.28441720080197,2026-06-29,0.0,34.09535459110565,30.334187981703376,26.57299451701332,25.794220169945252
2584,77008,64.97412370117597,2026-01-05,0.0,23.273007155270673,16.61289041655669,9.95271443702121,12.6006440182211
2585,77008,74.38627139953842,2026-01-12,1.541347862363218,23.85077002146506,18.85771908141418,13.864605354008264,15.935844616478848
2586,77008,46.80451790478205,2026-01-19,0.274717586164314,16.939942602969264,11.423782008079069,5.907578878707541,6.069053346015046
2587,77008,81.69582219691178,2026-01-26,6.562361767889449,15.724359805399569,11.876569380992239,8.02870788303774,9.99898156475597
2588,77008,59.607585451023986,2026-02-02,0.0,12.298819847668586,6.182671217301587,0.066466990333337,2.582078269941643
2589,77008,63.85823318301709,2026-02-09,3.368550855229191,22.78890579787282,15.779751364017114,8.770610336684703,11.616993252341747
2590,77008,77.20782360482511,2026-02-16,4.009967724500596,25.193823967873936,19.939417969645937,14.685033817742301,17.119736599541792
2591,77008,66.97662746959392,2026-02-23,0.0,25.064231942824943,19.931483787537037,14.79868481114471,15.991617713276474
2592,77008,62.639219530335026,2026-03-02,0.0,25.567062986100616,19.55540540647693,13.543632358256286,15.025183755619327
2593,77008,77.43443204827618,2026-03-09,12.210019123064708,27.51286686375344,23.99341284697632,20.473950221652466,20.99004848836666
2594,77008,66.8348740923093,2026-03-16,3.304938731038346,26.690048412185355,20.522166321178723,14.354237766509739,16.438295292152464
2595,77008,54.6830281048843,2026-03-23,0.0,24.093183894721662,17.98431729287309,11.875458670733499,12.838073309824319
2596,77008,65.06479604448268,2026-03-30,0.0,28.437760581299553,23.139716090836377,17.841634304780374,18.55199372048245
2597,77008,72.30003155048968,2026-04-06,4.170528152371524,27.081629138441897,23.62257845784863,20.16350534915263,19.990181512906336
2598,77008,68.97909507459201,2026-04-13,3.681353662341358,25.79609946093668,21.862475758029138,17.928695351370152,17.942335060122264
2599,77008,72.43598194455456,2026-04-20,6.893167304490112,27.889918625443304,23.323198173197625,18.756451910857006,19.738434931838725
2600,77008,78.54757187244284,2026-04-27,5.026215922816421,27.080822890949598,23.87710368405094,20.673411067418325,21.024762041906705
2601,77008,71.19804120316496,2026-05-04,11.32476802717439,27.855186165049687,23.23301674670998,18.610840420601747,19.425904887090713
2602,77008,78.54750153381212,2026-05-11,4.185647230335596,28.993666782513152,24.563773486546697,20.13387930345418,21.685320605350167
2603,77008,67.98431643197263,2026-05-18,0.018068558365751,30.77402580726456,26.445813905508352,22.117517482813415,21.972801131810332
2604,77008,79.84833703378318,2026-05-25,16.304296700396755,29.61199678547619,25.323669614688875,21.035416201863345,22.607738643608016
2605,77008,73.09849344359817,2026-06-01,4.304024703017798,31.6415821975887,26.91784048559849,22.19411011567454,23.116152059464955
2606,77008,79.5134333358924,2026-06-08,14.7314697358988,31.082545883182878,27.672110555963567,24.261689766725745,24.796747218489497
2607,77008,74.35717827391316,2026-06-15,5.514374360180416,33.20501187719198,29.72225744956539,26.239456495954958,26.00582365659095
2608,77008,83.4240585345712,2026-06-22,16.801544126606572,31.499347246747874,28.096186704701104,24.69303517806847,25.765497123130853
2609,77008,68.77954967277621,2026-06-29,0.0,34.48437346733789,30.500215704396634,26.516016015086088,25.86830942598735
2618,77092,66.23233439359014,2026-01-05,0.0,23.049322364185777,16.261879502274525,9.47436169893215,12.415113075277267
2619,77092,74.82712683503188,2026-01-12,2.610500795063701,23.71487010265423,18.722151483009313,13.729401522942478,15.85402614136745
2620,77092,48.28270302629583,2026-01-19,0.296816739413728,16.645665978727244,11.091167838214583,5.536596836246987,5.932297850490702
2621,77092,81.758571357566,2026-01-26,6.756319191641798,15.668813777833227,11.779664370020788,7.890485684438143,9.90931137219604
2622,77092,60.58196900924715,2026-02-02,0.0,11.92047974286093,5.90129891237673,-0.117879091280109,2.399120347753223
2623,77092,64.72396381250356,2026-02-09,3.375752162963772,22.609029419585557,15.539302045161726,8.46950847153839,11.504806151772932
2624,77092,77.9109524177355,2026-02-16,3.939439383311484,24.88666862314114,19.70375806337212,14.520797428839037,16.980639953013945
2625,77092,67.9647716129742,2026-02-23,0.0,24.789189641475563,19.663183231081796,14.537126918136122,15.870518153270332
2626,77092,63.71177221720168,2026-03-02,0.0,25.295647796634537,19.232289718546426,13.168918687380506,14.864446634162695
2627,77092,77.7213596233291,2026-03-09,10.228678368782456,27.496163593595824,23.95359033686564,20.410941080892652,20.987614358183333
2628,77092,67.91000047684712,2026-03-16,4.521850435557893,26.597920037733463,20.29877327761203,13.999545036312018,16.372521702097924
2629,77092,55.81421279040182,2026-03-23,0.0,23.848689636101163,17.68523013776392,11.52167923152247,12.715573022784149
2630,77092,66.11757359014109,2026-03-30,0.0,28.252634540921736,22.901866497203557,17.551036603854786,18.477814969221544
2631,77092,72.7923774364987,2026-04-06,3.982791520052396,26.971969631786653,23.545962223532843,20.1198827222959,19.985799620836612
2632,77092,70.17971910082092,2026-04-13,6.424071005771488,25.68219718638686,21.645184159210576,17.608142596126886,17.895411609247507
2633,77092,73.05584877611854,2026-04-20,6.804747055162062,27.834849272472354,23.265313882615896,18.695762010480788,19.7663063338286
2634,77092,79.48572432462193,2026-04-27,5.892586653938804,26.87514646825375,23.738485503865746,20.601784362969678,21.01568014424606
2635,77092,72.40577672611225,2026-05-04,12.410452173156411,27.625085454956636,23.038010498690348,18.450882634130103,19.407743166055756
2636,77092,78.77893576967614,2026-05-11,3.575416532115989,28.752294609466688,24.43177843570998,20.111254014168534,21.594413408508892
2637,77092,68.42123246513103,2026-05-18,0.114153698010973,30.569427514987343,26.296196539932644,22.022906274757233,21.902966401803276
2638,77092,79.95596002058826,2026-05-25,14.480950710573444,29.498661482119637,25.250902267198395,21.00315550617592,22.551890137701353
2639,77092,74.21329826804786,2026-06-01,4.49343449854154,31.284726070759543,26.643982709472855,22.00315113824251,23.020401066062025
2640,77092,79.56854394659652,2026-06-08,11.161683522447918,31.026506683669282,27.643042942365504,24.25950718565531,24.77750909250252
2641,77092,75.14660329670309,2026-06-15,8.080854364509937,33.01421265011698,29.53521440913195,26.05621200234462,25.948932917327955
2642,77092,83.41595858020338,2026-06-22,18.31003781089807,31.33539427453491,28.074635012417083,24.813878844407792,25.74364656122104
2643,77092,69.67863622630544,2026-06-29,0.0,34.17576881186176,30.26784784543161,26.359805746749053,25.794687202880027
2652,77039,68.78475162281683,2026-01-05,0.0,22.73797366261246,15.783901294133834,8.829802513602303,12.245101247117132
2653,77039,75.97449933240418,2026-01-12,3.193460031734029,23.453461055040727,18.516119172322988,13.578686299922545,15.786728273753003
2654,77039,50.829330156038665,2026-01-19,0.28847306391408,16.461472604729725,10.744327346846687,5.027127640654581,5.878629303621152
2655,77039,82.76095193259071,2026-01-26,7.022237035075561,15.251902256684195,11.306492531673934,7.361128961416477,9.56681307205269
2656,77039,62.11194334810198,2026-02-02,0.0,11.681304084480079,5.548243128330015,-0.584816577367396,2.204009401970931
2657,77039,67.60448796887115,2026-02-09,5.666371982272987,22.159388669044795,15.073925713621295,7.988387790288967,11.400258869099211
2658,77039,79.19253253615794,2026-02-16,4.178476342613866,24.57674711117674,19.292408901242524,14.008015006746584,16.746479796454643
2659,77039,69.63731144074946,2026-02-23,0.0,24.402992603659605,19.318505318417813,14.233979756489266,15.754540299715046
2660,77039,65.71936637914133,2026-03-02,0.0,24.905991896793434,18.706054511542167,12.506097251789821,14.632571004045314
2661,77039,78.46120660791092,2026-03-09,14.602782747706408,27.002846109100876,23.535114199857965,20.0672975355635,20.69499458935782
2662,77039,68.15754131081586,2026-03-16,3.208581895489264,26.178772775391018,19.923092287661763,13.667356018115372,16.05806136837601
2663,77039,55.24761206680968,2026-03-23,0.0,23.50144359553754,17.218949505279017,10.936445972904794,12.238531630031279
2664,77039,65.80321383974139,2026-03-30,0.0,27.735112497134317,22.46600517706183,17.19683716023935,18.034754957095913
2665,77039,72.93271840433141,2026-04-06,4.922860924427016,26.512667295587867,23.04996718128609,19.587172274082594,19.54172883876512
2666,77039,69.30727362589016,2026-04-13,6.563967560646822,25.353496951654478,21.31922462643448,17.284829325683983,17.481072448794034
2667,77039,73.03276077418006,2026-04-20,5.878758317291165,27.322253838406127,22.874540054041077,18.426853311236002,19.400642184172945
2668,77039,78.8024772806238,2026-04-27,4.02297795978198,26.449772519399332,23.411902816748757,20.37394427050185,20.626962573998565
2669,77039,72.51254535905939,2026-05-04,13.28142718783923,27.232189066241812,22.723046452321874,18.21384604089293,19.129337830019107
2670,77039,78.94279942374247,2026-05-11,4.687909087729619,28.39527724473998,24.00702859572482,19.618692900643374,21.212378661604518
2671,77039,68.14002310011313,2026-05-18,0.012041762042161,30.21089252338188,26.025465782803362,21.839962447978944,21.609221953312225
2672,77039,79.63203002229967,2026-05-25,12.836298318451714,29.100581684999124,24.978887281961487,20.85722938502782,22.248702439906037
2673,77039,74.2263480220938,2026-06-01,3.398351334624738,30.837763807207082,26.36785835361776,21.898051987934377,22.76590269909284
2674,77039,80.42707566081828,2026-06-08,19.341202137167297,30.401040314261937,27.170696959426877,23.94032522682059,24.44988854720499
2675,77039,75.6958007828088,2026-06-15,3.367056840382621,32.469861237190884,29.141531514576453,25.813119026578867,25.6601086943827
2676,77039,83.45202845259828,2026-06-22,17.750426280946918,30.98496214533504,27.768372462380697,24.55179418937552,25.45848149773265
2677,77039,69.25692376957096,2026-06-29,0.0,33.96953837231361,30.070397328274666,26.171207845529988,25.544346226724375
2686,77050,68.41810457145966,2026-01-05,0.0,22.81745388449138,15.864184734202842,8.91095706494783,12.281480167766341
2687,77050,75.80681166715644,2026-01-12,2.399271503133632,23.527347385116414,18.583958608432116,13.64056109863856,15.835334675409122
2688,77050,50.66234096105797,2026-01-19,0.221635746727938,16.5512908379549,10.680630865852324,4.809912288640242,5.808199004043027
2689,77050,83.26672859179979,2026-01-26,7.427756639489361,15.307582147285826,11.31989399717834,7.33214790365145,9.631837449918905
2690,77050,61.911172564796,2026-02-02,0.0,11.795545625658331,5.585034022020507,-0.625520251472309,2.225214424961173
2691,77050,67.61261044385127,2026-02-09,3.828211975205071,22.149639581658256,14.927903385254233,7.706155111594603,11.264603069248713
2692,77050,79.56648055709839,2026-02-16,4.196569782302995,24.658336854075085,19.235579435479217,13.812913349075732,16.73889597932395
2693,77050,69.68643516943041,2026-02-23,0.0,24.515537232148414,19.301796358042964,14.088014632282372,15.741207559202412
2694,77050,65.90415736294182,2026-03-02,0.0,25.061635191435677,18.63200408417604,12.202455140746283,14.591342021308659
2695,77050,80.15242996267862,2026-03-09,13.147129077981017,26.839303067535404,23.381389638202716,19.923481274817302,20.775424404374192
2696,77050,69.389199704233,2026-03-16,3.180938693787566,26.211762165841265,19.91941072981754,13.627097145365397,16.20794619666
2697,77050,56.909716979239676,2026-03-23,0.0,23.690153180669583,17.226581850431728,10.76300963333403,12.437992163763736
2698,77050,67.86631595201095,2026-03-30,0.0,27.764211899438735,22.321421603376034,16.878528183979817,18.17738115338754
2699,77050,75.34311350075944,2026-04-06,4.828408306231976,26.413408167744443,22.878310715982906,19.343194614044606,19.70118500887461
2700,77050,70.5243187832473,2026-04-13,7.208344372931913,25.345509585722407,21.3218125304379,17.298061968552535,17.640798851930846
2701,77050,75.13211511299544,2026-04-20,5.757196994545765,27.183436202630716,22.641370815785304,18.099261639630527,19.460117322148403
2702,77050,81.08012425137133,2026-04-27,3.804365718886086,26.25423416554432,23.177507463192097,20.100708726366104,20.711534987701594
2703,77050,73.55793881368875,2026-05-04,12.448973487840652,27.239906724265623,22.66045021791711,18.080970293120416,19.218554402031067
2704,77050,80.19835079833283,2026-05-11,3.704775563921507,28.38100160079731,23.948487303185537,19.515896288896922,21.325019641399777
2705,77050,69.71737092131909,2026-05-18,0.052175472633977,30.161818242916976,25.845368634582808,21.528845816224848,21.67099104721153
2706,77050,81.26617615690522,2026-05-25,15.422393889412788,28.94513173558534,24.823747568731434,20.702309873984564,22.32446080078371
2707,77050,75.47341025519061,2026-06-01,3.327840760843105,30.833960172140202,26.266097862718325,21.698168071665318,22.853587788747554
2708,77050,81.60249229948907,2026-06-08,18.071160314382293,30.292962108584764,27.053468222206618,23.81395126591029,24.509315561322914
2709,77050,76.65625934760737,2026-06-15,1.944637187866826,32.421818995243335,29.082095184548898,25.74230592883724,25.748294240009926
2710,77050,84.8574115174999,2026-06-22,18.551099661007587,30.850267820906602,27.63544754823555,24.420645274845434,25.531256498550846
2711,77050,70.2598748543374,2026-06-29,0.0,34.059897463616906,29.997677062349105,25.935380829789413,25.63312091917612
2720,77016,67.69099591745122,2026-01-05,0.0,22.82036509071064,16.06044741355553,9.300502010830806,12.384757688556414
2721,77016,75.43885995415253,2026-01-12,1.893688078518239,23.536044840605754,18.65660018273542,13.777148780673887,15.861769056282036
2722,77016,49.87010212173262,2026-01-19,0.177378740803709,16.57561320849733,10.90380848788008,5.231974429965431,5.924118648019884
2723,77016,82.84272375117838,2026-01-26,7.701807190003326,15.366998078825816,11.472289157232575,7.577580390578046,9.733361907844873
2724,77016,61.75871348482009,2026-02-02,0.0,11.80244657261252,5.687390232593884,-0.42767468081004,2.305709175497718
2725,77016,66.88609373122324,2026-02-09,4.880449721592475,22.17428998314678,15.128978369604921,8.083632717470849,11.370660547931157
2726,77016,79.40855400250128,2026-02-16,4.136270188293377,24.602349936924163,19.342916557389902,14.083424893662627,16.822468845044234
2727,77016,69.43633395700436,2026-02-23,0.0,24.500907411761002,19.410137739205325,14.319405374027053,15.810349498965255
2728,77016,65.72983302021626,2026-03-02,0.0,24.979563853166987,18.755575191436865,12.531498917049865,14.684047765595231
2729,77016,79.85747404927612,2026-03-09,16.01272130605756,26.868067618548864,23.503227657958124,20.138388824162007,20.852534469238435
2730,77016,69.07061009672707,2026-03-16,3.204253902372091,26.158786010721027,20.022770365427125,13.886712339265133,16.264658555722164
2731,77016,56.49469337174024,2026-03-23,0.0,23.555110762901577,17.357593763937313,11.16009633406179,12.508841678397648
2732,77016,67.4816304658997,2026-03-30,0.0,27.74607074252066,22.46209595173521,17.178044937891983,18.256845706459337
2733,77016,74.86894334933501,2026-04-06,5.587127214522446,26.413760228039106,23.012614028254234,19.611396228201713,19.76483287231343
2734,77016,70.30081436107506,2026-04-13,4.157774678290776,25.239256871082738,21.408242397750378,17.577263351406163,17.697002745279576
2735,77016,74.75860624592721,2026-04-20,6.624908660937576,27.184444838110412,22.745355703840254,18.306204947538003,19.508064163684967
2736,77016,80.85437202262796,2026-04-27,4.473266386642647,26.268686866568185,23.264361724334254,20.260024763574073,20.761839386393195
2737,77016,73.31234327063422,2026-05-04,12.608584595627228,27.18862699235675,22.71942401062773,18.250209689375172,19.241721497391183
2738,77016,80.04102951894764,2026-05-11,4.767412912411777,28.353586689875996,24.012792048356943,19.67194108707118,21.365193670515204
2739,77016,69.51172001096771,2026-05-18,0.045068069440245,30.133732518846994,25.915740527339352,21.69774764729821,21.705883477344805
2740,77016,80.95260019399592,2026-05-25,16.560434798090085,28.99078025197503,24.90118538252152,20.811528714288116,22.355857088606214
2741,77016,75.10095295407184,2026-06-01,3.328176095255694,30.869621958751267,26.35613682986774,21.84266617365174,22.8857711644111
2742,77016,81.52582309945882,2026-06-08,21.77738809632825,30.33018826408574,27.12147617017724,23.912700808226973,24.563441904872132
2743,77016,76.44375405098111,2026-06-15,2.639853846527915,32.41607851542315,29.1637967492497,25.91142406458053,25.79406625208587
2744,77016,84.57761251846757,2026-06-22,16.356694757842014,30.893295645987205,27.734514901453373,24.575652111809788,25.585993164508043
2745,77016,70.31834036213363,2026-06-29,0.0,33.94986682394257,30.02902628609217,26.108101810650986,25.671756882704823
2754,77026,65.4707444245852,2026-01-05,0.0,23.100343857946832,16.56752169347804,10.03462717743852,12.612571722164287
2755,77026,74.67175640773942,2026-01-12,1.056553899142021,23.675410376346875,18.820506023747985,13.965523659865038,15.932566577096987
2756,77026,47.989635687101256,2026-01-19,0.125567583764855,16.793418655094875,11.295286979493138,5.797040994335617,6.077095550223194
2757,77026,81.82947971059909,2026-01-26,8.088496129889734,15.606460180911494,11.813814456092087,8.02126662062107,9.9478375629001
2758,77026,60.806942124744076,2026-02-02,0.0,12.04268427756554,5.974902685013013,-0.092904932991266,2.490052507661622
2759,77026,65.4434608407902,2026-02-09,5.070649284878201,22.22226908812969,15.41950450522254,8.616690989302231,11.471376151807279
2760,77026,79.02083851941788,2026-02-16,4.214920420130762,24.620136462177648,19.51943717591675,14.418675604995563,16.943345039521873
2761,77026,68.28060757853645,2026-02-23,0.0,24.58488116739807,19.610661654332493,14.636456749276531,15.8566539421099
2762,77026,64.52785789971841,2026-03-02,0.0,25.009936801973733,19.132615566200766,13.255292524444537,14.882342462175547
2763,77026,79.95629814592333,2026-03-09,18.21335054516406,26.94328401715056,23.546498997029314,20.14959760898154,20.907669406731454
2764,77026,68.44742280383552,2026-03-16,2.913684091403083,26.152715054554243,20.18110855681053,14.209402890838588,16.328942483460104
2765,77026,56.35170383508169,2026-03-23,0.0,23.533611272166908,17.613613121853483,11.693593831838863,12.719141010721554
2766,77026,67.05371946549701,2026-03-30,0.0,27.902654795998206,22.75131058659545,17.600013013203498,18.46543307800675
2767,77026,74.83391312233273,2026-04-06,5.901060059652273,26.49270379034209,23.096914066306805,19.70101377185763,19.837470155712655
2768,77026,70.38422853042815,2026-04-13,2.069937783284489,25.30884161351482,21.54816013412383,17.787538805059064,17.84102185648572
2769,77026,74.58742795733674,2026-04-20,8.02817746714625,27.357667816513572,22.827594010114147,18.297477158613425,19.562456390692258
2770,77026,80.68815945118993,2026-04-27,4.787574913038582,26.53488338769004,23.39824705865923,20.261571268104547,20.86116429807547
2771,77026,72.79286936181863,2026-05-04,12.766499347249837,27.400681486627736,22.8718929274234,18.343035296173372,19.31064354983619
2772,77026,79.80796764109199,2026-05-11,3.510811555439706,28.56698272701266,24.189598590682817,19.812174749940503,21.4990578355631
2773,77026,69.16525727853694,2026-05-18,0.041698465740367,30.3419838451456,26.10865716293308,21.875315063978473,21.831304651518067
2774,77026,80.87056815126473,2026-05-25,15.42574936374857,29.215357140768646,24.99708557955712,20.77877102069861,22.43645004356417
2775,77026,74.18460607277433,2026-06-01,3.247277531673405,31.33278180527952,26.648068208728052,21.963429722497434,23.026330323773863
2776,77026,81.29100193404727,2026-06-08,20.3944355232287,30.607089454566154,27.302017867817966,23.996967504566005,24.699216099313624
2777,77026,75.91920690777371,2026-06-15,2.747212139767501,32.68705194215175,29.4019105731993,26.116734650350583,25.940864274388723
2778,77026,85.05698125400556,2026-06-22,13.87991685595961,31.067232799034223,27.769719636395333,24.472164085833434,25.686773052341778
2779,77026,70.44314842947949,2026-06-29,0.0,33.953027121124435,30.13287414768713,26.31271580314202,25.788248918713993
2788,77093,67.79539614758424,2026-01-05,0.0,22.854952789662015,16.036416965253796,9.217805818518634,12.373964861986112
2789,77093,75.5703994596374,2026-01-12,2.283005636146902,23.54273912633003,18.62693470333108,13.711063259400992,15.847613182715284
2790,77093,49.89684859674258,2026-01-19,0.23075210482302,16.56420920317866,10.918655928575944,5.273133631571107,5.93950313186757
2791,77093,82.74919344169417,2026-01-26,7.203923257416859,15.382102239552909,11.46709405244646,7.552107826241403,9.71772073976021
2792,77093,61.865057985635346,2026-02-02,0.0,11.816226936340117,5.672029001363752,-0.472136639289689,2.297598630419894
2793,77093,66.93139092491029,2026-02-09,5.442586717132678,22.26082566821965,15.180404189377606,8.099961962224087,11.42128336880607
2794,77093,79.2381532889798,2026-02-16,4.083960913325771,24.629856441635244,19.364776825926274,14.099624698829276,16.821920731846475
2795,77093,69.41368818481364,2026-02-23,0.0,24.518992500710002,19.414256336252464,14.309474863371133,15.813088380225631
2796,77093,65.60500103775324,2026-03-02,0.0,24.98634840625029,18.804424032745448,12.622520570482603,14.711968020335096
2797,77093,78.99313125225387,2026-03-09,16.152874170091852,27.024638774964696,23.62159710304082,20.218502917252682,20.84845705220283
2798,77093,68.45001478323927,2026-03-16,3.12603005884249,26.22553544799454,20.064184824965693,13.902836041737537,16.224923681180233
2799,77093,55.689980654066446,2026-03-23,0.0,23.566379122239006,17.422294230800315,11.27820870838107,12.472976299550469
2800,77093,66.53316532796792,2026-03-30,0.0,27.836284057704308,22.58091658797307,17.325549807289228,18.239355478038874
2801,77093,73.81185534528734,2026-04-06,5.451420030892791,26.51516625294388,23.118979257204067,19.72273265308945,19.723800624456285
2802,77093,69.85520876664152,2026-04-13,4.080085026916373,25.28847805455807,21.425181690421887,17.561846470084657,17.654255473646387
2803,77093,73.85654672457933,2026-04-20,6.913645031529493,27.29065266678577,22.8635119020362,18.436287808275637,19.500120218647574
2804,77093,79.83402299183982,2026-04-27,4.457156227926472,26.43266689270927,23.40172607668861,20.370748018089312,20.752977752455998
2805,77093,72.94159788923572,2026-05-04,12.914473777380438,27.241218494038296,22.75958050558433,18.277954108554244,19.224986596337157
2806,77093,79.60305331748218,2026-05-11,4.972626267517353,28.407924328050388,24.060512377724994,19.7130438991365,21.351687015742577
2807,77093,68.97157411156851,2026-05-18,0.015584308682259,30.19202156641071,25.99635531501188,21.80063489188066,21.70209777367303
2808,77093,80.44298575932635,2026-05-25,14.897572491725084,29.105639596693056,24.965946311093965,20.826181004933375,22.347664719891096
2809,77093,74.55425557477345,2026-06-01,3.338515607974248,30.9794107944271,26.43717183875287,21.89494499943612,22.880528185629885
2810,77093,81.07566006230547,2026-06-08,20.96426372510706,30.42397699748082,27.183365189411678,23.94269586614612,24.555642308931656
2811,77093,76.02941225965601,2026-06-15,4.487643789546292,32.50937664820199,29.21350914012,25.917659422355808,25.778714705255492
2812,77093,84.11135394625249,2026-06-22,16.866989307480868,30.99359468833657,27.790747257100247,24.587924004911695,25.572800400906168
2813,77093,69.82419721276246,2026-06-29,0.0,33.984910864058925,30.09144895399598,26.19805501458105,25.65280108218507
2822,77450,66.3541111626653,2026-01-05,0.0,23.656712602940818,15.870636818525547,8.08451590800579,12.063925101095004
2823,77450,75.44566352477109,2026-01-12,2.874180050861128,23.891489550086416,18.405077915026144,12.918642551472756,15.627329068967686
2824,77450,50.39470887874068,2026-01-19,0.428387730836379,16.87838946348934,10.545525042850349,4.212683203658706,5.665773730309671
2825,77450,81.96499168710754,2026-01-26,8.104594487315829,16.101166530394533,11.619361344631754,7.137490096598111,9.786262246371127
2826,77450,61.55357699952445,2026-02-02,0.0,12.007855739533126,5.524347055094605,-0.959171533758489,2.121568561081706
2827,77450,67.48762421020494,2026-02-09,4.893261179001978,22.95139667561391,14.894499067686523,6.837532607671099,11.23116684624408
2828,77450,79.57252468705552,2026-02-16,4.864101487668802,25.168903970355107,19.373408113846967,13.577959983630596,16.869010296353235
2829,77450,70.20604930870047,2026-02-23,0.0,24.86788004952979,19.092320966489364,13.316805454271275,15.623971362618054
2830,77450,65.89167852269999,2026-03-02,0.0,25.716339553982767,18.82918078857385,11.942024615865966,14.763901560523372
2831,77450,77.10252249358012,2026-03-09,0.767665873351634,28.00660774844766,23.82528195339897,19.6439447928003,20.77072180535681
2832,77450,68.77249857003281,2026-03-16,4.060201212897738,26.727782162008324,19.860132905006306,12.99248072747636,16.08598054578329
2833,77450,57.72101637780009,2026-03-23,0.0,24.028291182956174,16.989929729512166,9.95150138789617,12.32995160832433
2834,77450,67.00406061270107,2026-03-30,0.0,28.59261200479417,22.576004025938666,16.5594160217097,18.293982131609788
2835,77450,71.96977165238278,2026-04-06,2.489528318945352,27.577462531736078,23.492541904933706,19.407549883941346,19.823754882512727
2836,77450,71.38461794106004,2026-04-13,4.876691657739304,26.475162655966137,21.289601637596558,16.103968122287508,17.734459393556584
2837,77450,72.5007384637574,2026-04-20,2.559209523044277,28.640732159164124,23.283766306734265,17.926806142447777,19.72327993883618
2838,77450,81.30603754295349,2026-04-27,7.46215864081545,27.294984634382764,23.43170344369887,19.568366812213632,20.95705710231637
2839,77450,74.40613791648975,2026-05-04,12.582386079240546,27.828358505875713,22.758047361054924,17.687730427393976,19.410094136214735
2840,77450,79.67019446612865,2026-05-11,1.803102499187567,29.13111030984511,24.26093134968546,19.39075272940721,21.55480113606762
2841,77450,69.58000513189077,2026-05-18,0.062614601765329,31.102707977863385,26.08131734301047,21.05993213013561,21.87787136506317
2842,77450,79.02170607464748,2026-05-25,12.923385306124697,30.305620102723413,25.50476413022604,20.703890748958667,22.66758880452811
2843,77450,75.3650284796856,2026-06-01,4.920005421842442,31.562009169554617,26.401788380266588,21.24158112198284,22.970452538025203
2844,77450,79.06634716490748,2026-06-08,13.777760560218002,31.85683759393663,27.852116818963133,23.84741908971214,24.919710335231574
2845,77450,76.13603949868335,2026-06-15,5.961891183801955,33.53362619921432,29.404325949555297,25.27494290914405,25.97621045542819
2846,77450,83.00333585263468,2026-06-22,11.376213854072551,31.858903330672362,28.200787974487895,24.54266341946872,25.805116490943764
2847,77450,72.14945433417083,2026-06-29,0.0,34.43211137032985,29.81034409227455,25.188561250752805,25.752221747673698
2856,77079,65.41535301257852,2026-01-05,0.0,23.5172125013405,16.372563917687337,9.227849441634948,12.419124030050988
2857,77079,74.01778862817983,2026-01-12,2.579351607283046,23.984664078294955,18.82501527160839,13.665294046836783,15.851624373270885
2858,77079,48.75222624336615,2026-01-19,0.351155816670876,16.803947822437088,11.031663007589529,5.259317276772026,5.926233344709297
2859,77079,81.39206480637061,2026-01-26,9.14190984828691,15.835446381082349,11.862694981039356,7.889843574954734,9.955810684464689
2860,77079,60.44915250953297,2026-02-02,0.0,11.921118209601957,5.890079542232998,-0.140958969677845,2.375188023335878
2861,77079,65.65732994329015,2026-02-09,2.190569139322309,22.575508133120792,15.325730958656548,8.075922321555918,11.422458557923834
2862,77079,78.84785250511544,2026-02-16,3.5404462366992,24.907916687242484,19.59834886799107,14.288758665621552,16.994283691355204
2863,77079,68.6308832125954,2026-02-23,0.0,24.794806236733073,19.54928913057722,14.303711176361567,15.852128940582773
2864,77079,64.7068594101861,2026-03-02,0.0,25.4105290246155,19.13381986857577,12.857092152413648,14.90102539041001
2865,77079,77.32090335373962,2026-03-09,3.483986221004496,27.86380789721709,24.01883744301675,20.173815154213255,20.990655061512932
2866,77079,67.75177555627447,2026-03-16,3.679692663974321,26.783382195484446,20.305980493276547,13.828529604453053,16.361887010579554
2867,77079,56.42177143049338,2026-03-23,0.0,24.066769474488993,17.507243907672805,10.947698496341072,12.632882397677124
2868,77079,66.64597891281993,2026-03-30,0.0,28.483992488139457,22.815491143328288,17.14684449247007,18.468365465588665
2869,77079,72.72150342671215,2026-04-06,3.270146663653287,27.243236976589955,23.551594861947958,19.860047981936308,19.98080527959144
2870,77079,71.02027672608904,2026-04-13,6.362278238053515,25.97010343148254,21.57649250520855,17.182842499921097,17.943612448115328
2871,77079,72.94450990167493,2026-04-20,8.412486848832232,28.315548636067675,23.352278640849995,18.388990892061223,19.83723736882736
2872,77079,80.32222231383291,2026-04-27,6.196481015069952,27.1204691035237,23.722684365304836,20.324851900827742,21.10830108751027
2873,77079,72.66669809652308,2026-05-04,12.485963258500982,27.92003558882753,23.10480104083715,18.289591764091405,19.506054692300342
2874,77079,78.62314337388122,2026-05-11,0.931330498521126,29.035221277628924,24.50813738973435,19.9810728227244,21.647540214437957
2875,77079,68.52641203521507,2026-05-18,0.23644061564429,30.94528904523207,26.335656385646395,21.72605117308674,21.957310824673534
2876,77079,79.50597969356456,2026-05-25,17.61179454791502,29.879532311086948,25.388653277698324,20.897744349846377,22.62155049137856
2877,77079,74.58040779686912,2026-06-01,5.306523012449946,31.407210410245128,26.574221944622835,21.74123133179174,23.011540261190095
2878,77079,78.52053441352412,2026-06-08,7.345938096275594,31.58325890352975,27.95152518110182,24.319864908398937,24.92857533821455
2879,77079,74.7561236268321,2026-06-15,6.731476131735619,33.46746934557134,29.687309815069863,25.907102832388034,26.0338975591559
2880,77079,82.98735156485134,2026-06-22,12.615361629544632,31.663340377252382,28.241827317530166,24.820369214623504,25.839346884264664
2881,77079,70.31559563761779,2026-06-29,0.0,34.39476669105835,30.215339729426468,26.035812089143505,25.84601186538934
2890,77094,65.1126855975569,2026-01-05,0.0,23.929886299034184,16.309706614678753,8.689553458742841,12.31745739368246
2891,77094,73.79851151801562,2026-01-12,2.278576770834066,24.254938088046643,18.806787110065333,13.358540149949135,15.802636584488656
2892,77094,49.10491577486198,2026-01-19,0.304672883283866,17.054981591975043,10.913222197893962,4.771452702766234,5.858697412106837
2893,77094,81.77051866697481,2026-01-26,9.202016865192213,15.918674416485118,11.723473456025284,7.528274704401061,9.86255315844618
2894,77094,61.44295909040526,2026-02-02,0.0,11.868171807951375,5.633970211871673,-0.600287505339819,2.216111395056798
2895,77094,67.53434633517568,2026-02-09,3.80223988571126,22.629460534387427,15.003907230512889,7.378303522127497,11.342620834580924
2896,77094,79.80505519059636,2026-02-16,4.088051368752673,24.977750420520167,19.4193654303972,13.860931435100998,16.940716805312025
2897,77094,70.04617249891578,2026-02-23,0.0,24.766559019297294,19.261337634697355,13.756095716967494,15.760850746946293
2898,77094,65.93451916803629,2026-03-02,0.0,25.523206112300652,18.920821929585774,12.318366259463806,14.855784532802854
2899,77094,77.34148123419122,2026-03-09,1.519508968339979,27.936652594985638,23.90413900929917,19.871588074074356,20.88039464034073
2900,77094,68.43562759636916,2026-03-16,3.706445150471953,26.768706776086375,20.04557897543404,13.322426377476553,16.210752925548725
2901,77094,57.18845107159385,2026-03-23,0.0,24.104456446057217,17.226134882374456,10.347828138257626,12.476689370728593
2902,77094,67.03600390187137,2026-03-30,0.0,28.564905226545054,22.668394082043648,16.771887853304204,18.383843617230035
2903,77094,72.69550560884424,2026-04-06,2.666435658045943,27.323449553904,23.439755758606882,19.556035487979702,19.87196018127185
2904,77094,71.14808958173225,2026-04-13,5.338976670353005,26.195817029736684,21.44884075220011,16.701831706573607,17.848259483192987
2905,77094,72.83770842227365,2026-04-20,5.087158989689074,28.446025253505145,23.28903609774508,18.13200546062402,19.76708364017343
2906,77094,80.77191483690419,2026-04-27,6.751755204447602,27.171575088055818,23.57576211332224,19.979916917858827,21.024066065848455
2907,77094,73.4988389700175,2026-05-04,12.888885559145365,27.91011728278809,22.958314650307855,18.00650111597827,19.476149155842037
2908,77094,79.22550777041879,2026-05-11,1.81026382873102,29.15941231409932,24.400240816984784,19.64098878288466,21.626305365514384
2909,77094,69.00626904016144,2026-05-18,0.163388214498256,31.123149073709627,26.242796400183003,21.36243641241955,21.941903546138096
2910,77094,79.42991139633845,2026-05-25,16.13207864184119,30.181747147087776,25.439317619451778,20.696941041312474,22.66053581785774
2911,77094,75.0581823494496,2026-06-01,5.286320502744154,31.56441385242655,26.479548705153835,21.394658855999644,22.994579026203176
2912,77094,78.60149121901318,2026-06-08,9.427506796959133,31.848778674328127,27.947197849442205,24.045610639833757,24.940943175633723
2913,77094,75.30788090002494,2026-06-15,8.021187256077145,33.595151764923976,29.578596963238446,25.56203951474858,26.015804800155333
2914,77094,82.84150951609219,2026-06-22,11.360143543070693,31.886928979422986,28.262072369726585,24.63722228550035,25.837136602399124
2915,77094,71.06545187852582,2026-06-29,0.0,34.549448474369484,30.06109995217241,25.572775287899873,25.818917209045335
2924,77077,64.52094322750884,2026-01-05,0.0,23.850795229597836,16.600571767044094,9.350279440710839,12.518922821171682
2925,77077,73.28268044420496,2026-01-12,2.300174785520819,24.192841004951063,18.969045098686408,13.745189782874183,15.896647786207884
2926,77077,48.2630647286897,2026-01-19,0.318330722472503,16.97507845265411,11.145502011356934,5.315917068985726,5.978236040268478
2927,77077,81.37267952422198,2026-01-26,9.020599745006498,15.828658457609118,11.857014557644371,7.885332690192036,9.949120348922483
2928,77077,60.66983962141205,2026-02-02,0.0,11.813644099682762,5.8433507824448,-0.126971221021848,2.349116560116212
2929,77077,66.33240994872119,2026-02-09,2.989514402922153,22.457030856302076,15.214966977448277,7.972925465639491,11.40390787622597
2930,77077,79.48144814158715,2026-02-16,3.530303990232659,24.818220756458672,19.51146400452792,14.204710278309753,16.990007172031923
2931,77077,69.19718729567923,2026-02-23,0.0,24.73694163466235,19.483536246150607,14.230142767397727,15.861502379831354
2932,77077,65.31919548505255,2026-03-02,0.0,25.325845093195284,19.05298476097138,12.780057390292964,14.902658483955374
2933,77077,78.02601600866295,2026-03-09,2.691819894088496,27.696479581166283,23.86895133912104,20.04139683132934,20.94471073979311
2934,77077,68.21787883197865,2026-03-16,3.280396921900286,26.59566433414536,20.19817698880044,13.800648618501215,16.322417778800762
2935,77077,56.92894316179019,2026-03-23,0.0,23.91166105077936,17.387788416480355,10.863766325036725,12.589715328457114
2936,77077,67.10334928997256,2026-03-30,0.0,28.33081647763477,22.73003506075988,17.129231868693914,18.45162636846886
2937,77077,73.27589724230205,2026-04-06,3.029856349233881,27.138667803020873,23.443590937413425,19.74840935653647,19.954926653902234
2938,77077,71.44487089256614,2026-04-13,5.726704663556024,25.895406895609923,21.505579211140716,17.11571914575325,17.935272575973293
2939,77077,73.35442546051871,2026-04-20,8.893065824598263,28.285918504779005,23.282842434774214,18.279709188197234,19.82869385494701
2940,77077,80.84125249345246,2026-04-27,6.257306132171879,27.05076557057427,23.642938992698973,20.235043833374693,21.101119077256833
2941,77077,72.8948484133642,2026-05-04,12.616687950175583,27.87476036448342,23.08036788043814,18.28593057405694,19.517367146338753
2942,77077,79.19416258978258,2026-05-11,1.044895380740849,28.950820371018697,24.414578000258096,19.878469172178576,21.635850101884152
2943,77077,68.87681582590366,2026-05-18,0.174289266138089,30.811508885220896,26.26831506277916,21.724991868055685,21.94616046340466
2944,77077,79.97488683103671,2026-05-25,19.010755990018467,29.76813101876289,25.312654396261102,20.857132781051636,22.61471292430346
2945,77077,75.07057637756252,2026-06-01,5.643523730943146,31.266498678881582,26.47626287865967,21.685997643979206,22.99175233115642
2946,77077,78.8734159492724,2026-06-08,7.118378999934265,31.474864331161704,27.88441523092078,24.293905030913947,24.916420058275392
2947,77077,75.19510768892869,2026-06-15,5.797048602577948,33.295862627515575,29.59592638246601,25.89601753911944,26.01472293631943
2948,77077,83.46642199222306,2026-06-22,12.90743471260825,31.57037503218057,28.15925418903182,24.748131665465905,25.82888362475389
2949,77077,70.91213065555829,2026-06-29,0.0,34.208950570115206,30.086677199562647,25.964419438984933,25.81917439783208
2958,77082,63.076845158946725,2026-01-05,0.0,24.408205473264765,16.884978811330452,9.361704884279455,12.60030146263351
2959,77082,72.01191126019535,2026-01-12,1.50218382465663,24.612464022389275,19.23429002421306,13.856048565973227,15.985696756485893
2960,77082,47.615202731428255,2026-01-19,0.219881437235226,17.295207806111655,11.31878286796264,5.342293287557982,6.062456017528388
2961,77082,81.52360937732776,2026-01-26,8.272175165403276,15.848132347293074,11.814784060875496,7.781379674599656,9.926423757797206
2962,77082,60.91575206650353,2026-02-02,0.0,11.797481889005393,5.786179878919025,-0.225149620834303,2.314686748517842
2963,77082,67.39675856978442,2026-02-09,3.416727241567039,22.41777000323599,15.09264960161197,7.767511821626716,11.412677578479759
2964,77082,80.18503719117265,2026-02-16,3.816543458255764,24.74017948404676,19.415494568685073,14.090812885568983,16.987041885094314
2965,77082,70.2112530614798,2026-02-23,0.0,24.593616948087515,19.32358839384748,14.053530831215888,15.837612169960885
2966,77082,66.20294415293888,2026-03-02,0.0,25.212946612093464,18.938896214338,12.664746189700587,14.907042932846563
2967,77082,78.29848548005145,2026-03-09,2.024012117796839,27.65368776303271,23.757396006383054,19.86107453011485,20.873271341351785
2968,77082,68.57550444831685,2026-03-16,3.035256918401916,26.545754065111616,20.057189388641806,13.568474682011292,16.23862958977462
2969,77082,57.323941168512675,2026-03-23,0.0,23.928789971505118,17.235740218981675,10.542655183078608,12.50272102482547
2970,77082,67.44075759170165,2026-03-30,0.0,28.361067286434967,22.620422672518792,16.879706934129334,18.39448515428591
2971,77082,73.30383100546703,2026-04-06,2.997495802542931,27.14694831464751,23.38089721499447,19.614805127907484,19.898796659286766
2972,77082,71.59014143489017,2026-04-13,5.450203431764365,25.93886121589664,21.446839751678787,16.954811655137654,17.902714790973974
2973,77082,73.42453561795007,2026-04-20,8.629018166943123,28.2670998594214,23.21715107401272,18.16712253121762,19.777024316886074
2974,77082,80.87716124444614,2026-04-27,6.362455848066656,27.030863807561293,23.59219583458271,20.153448521451843,21.05574343620303
2975,77082,73.2082538714053,2026-05-04,12.402081726744864,27.86219203334998,23.027585119185915,18.192978758310517,19.51062250792392
2976,77082,79.6515617373564,2026-05-11,1.363417588458678,29.007819846660148,24.366772794471547,19.72562372874307,21.651267571874946
2977,77082,69.34411963558784,2026-05-18,0.133955429127758,30.82220486445809,26.187879776059965,21.553514707010756,21.941377570395133
2978,77082,80.45178657252839,2026-05-25,19.30528139731863,29.77870578706421,25.257298989388275,20.735873202124782,22.6283984676339
2979,77082,75.587049857082,2026-06-01,5.831078315770773,31.261571915447362,26.375311679691812,21.489001156275073,22.972275905952245
2980,77082,79.31829263944088,2026-06-08,6.60775725539513,31.42975552018707,27.798391313777998,24.16693631486909,24.9009287221501
2981,77082,75.81096362548203,2026-06-15,5.712971015093715,33.177069605649784,29.46786148862632,25.75859917768326,25.98718493046178
2982,77082,83.85473660126779,2026-06-22,13.47620248143815,31.54767183114978,28.07883550063408,24.609935551630887,25.807331977858716
2983,77082,71.62341381634442,2026-06-29,0.0,34.143935038660366,29.935159040613854,25.72627641663599,25.78799482291523
2992,77040,66.99080093073779,2026-01-05,0.0,23.002936367269214,15.878754109965968,8.754549562466838,12.140124742153173
2993,77040,75.47600804377704,2026-01-12,2.784497777896259,23.67581791189259,18.47725711984747,13.278705441943014,15.69605136301312
2994,77040,49.454070729184515,2026-01-19,0.387772747391296,16.551092062831923,10.715325112734694,4.879534524374657,5.723827773696668
2995,77040,82.07511687160701,2026-01-26,8.062256021962671,15.634477792834474,11.519845390144264,7.405198219497093,9.699010342872292
2996,77040,60.714337617748086,2026-02-02,0.0,11.797921528015095,5.601899014291086,-0.594152169190909,2.136338340962566
2997,77040,65.17509534882839,2026-02-09,3.0278838819204,22.562552323844674,15.289055657851005,8.015505821530503,11.327198474420094
2998,77040,77.8875668535269,2026-02-16,4.04455872848982,24.820884171323883,19.51204617065148,14.203159861530994,16.793537176780823
2999,77040,67.96825847823612,2026-02-23,0.0,24.725700127639033,19.429113147880564,14.132416500916845,15.656423522062402
3000,77040,63.69930567832065,2026-03-02,0.0,25.34220880004822,19.014589572639668,12.686949762424698,14.656949429191489
3001,77040,76.2447074455535,2026-03-09,5.786230517087622,27.782622655261743,24.02498963706418,20.267328188130936,20.849894813479604
3002,77040,67.37199405900542,2026-03-16,4.750248155515449,26.76870477301442,20.200817427992657,13.63290828841407,16.213721910234067
3003,77040,55.42017158240265,2026-03-23,0.0,24.093801142636607,17.57838375779738,11.062885245220107,12.57180999612515
3004,77040,65.42293654242832,2026-03-30,0.0,28.412229102534592,22.85423618851032,17.296130670966903,18.337998227940236
3005,77040,71.43645270839525,2026-04-06,5.072716293754376,27.288168636449168,23.65412921922784,20.02000476345526,19.901278737722077
3006,77040,69.30722329998733,2026-04-13,11.274001973825213,26.097044914199472,21.7071293720757,17.317235597790436,17.831328437826986
3007,77040,71.7166554358571,2026-04-20,5.753463728083776,28.167372727739522,23.438647683680202,18.709887982217904,19.74494825025484
3008,77040,78.10256863594348,2026-04-27,6.12306406803848,27.157922804036307,23.897711217960506,20.637419956413385,20.975199308521677
3009,77040,72.23839139906418,2026-05-04,13.391620541809955,27.7857231857239,23.04280934534983,18.299873991646496,19.377161800292154
3010,77040,78.0463764672513,2026-05-11,2.564766515620676,28.9444605162948,24.48545320931661,20.026417640863812,21.549876729382294
3011,77040,67.9996231865052,2026-05-18,0.302570806216152,30.83177496719187,26.357087166614082,21.882324000571842,21.901033912814587
3012,77040,79.10341817476166,2026-05-25,11.846267335132485,29.809600211337315,25.37713615319921,20.94464395688694,22.55344937386487
3013,77040,74.21769882930882,2026-06-01,4.64057556257551,31.377687364219895,26.611353183494096,21.84497108752587,22.99031156733442
3014,77040,78.58807944539792,2026-06-08,13.307562607196084,31.346083499264022,27.800893763131228,24.255636503100025,24.78994899562537
3015,77040,74.27252608268401,2026-06-15,7.689292938268387,33.3998433655034,29.69415419862159,25.988428513644568,25.96621333855916
3016,77040,82.36926035462857,2026-06-22,15.191509171629635,31.592831655641024,28.21461095080498,24.83634821437438,25.728092669569048
3017,77040,69.05937558856894,2026-06-29,0.0,34.546443329916904,30.399376737259715,26.25228242019363,25.819175679073755
3026,77065,66.85852231067216,2026-01-05,0.0,23.175485048370756,15.718540600560509,8.261626098450954,11.976498670855658
3027,77065,75.145445567486,2026-01-12,3.334775909746335,23.897192961080595,18.435266254603828,12.97331114096425,15.601083529097705
3028,77065,49.7735459502171,2026-01-19,0.42162244535695,16.800723757859707,10.609701761528624,4.418707832268754,5.663720819958751
3029,77065,81.4943277527581,2026-01-26,6.954218576323735,15.782746210164946,11.474156622333664,7.1655428420583,9.59478270369085
3030,77065,59.690420676857485,2026-02-02,0.0,11.925380939473843,5.592156037016383,-0.741092268444985,2.039003846142997
3031,77065,64.23313008002515,2026-02-09,2.494309341144262,23.016411070149577,15.307535738751756,7.598582486189468,11.234708315109582
3032,77065,76.60292091048156,2026-02-16,4.318546325523917,25.16151951963421,19.557923156849053,13.954362679971158,16.67932912172098
3033,77065,67.22844628215879,2026-02-23,0.0,24.955138284402043,19.376260708574804,13.797337074335273,15.51788679106654
3034,77065,62.5137676185387,2026-03-02,0.0,25.868441946767202,19.07734836831578,12.28628823769041,14.559773646408875
3035,77065,74.73172871664819,2026-03-09,2.480703962306305,28.115111595828584,24.192675124436814,20.270126164228884,20.792189290765034
3036,77065,66.95330355640976,2026-03-16,4.643037859283941,27.09921562402534,20.16718987559082,13.235108149966727,16.12766399629429
3037,77065,55.11273593716399,2026-03-23,0.0,24.597968060342737,17.56100659146573,10.523988855845126,12.514992502946482
3038,77065,64.60681038103205,2026-03-30,0.0,28.795672977403047,22.93612176324717,17.07648858025619,18.300045721393232
3039,77065,70.1845788812268,2026-04-06,4.414795864484443,27.710827362589765,23.789099568850563,19.867392036060338,19.852276207470997
3040,77065,68.93113307979198,2026-04-13,22.524861702681648,26.647059180678454,21.755929373760473,16.864710268810075,17.82090357922101
3041,77065,70.48766732609053,2026-04-20,2.611216880464354,28.62296903773112,23.689753875222884,18.75650769203092,19.80979822414025
3042,77065,76.77854808044253,2026-04-27,5.568202402042278,27.57472670513362,24.15501819550484,20.73522717245962,21.032826912761735
3043,77065,71.99594649881762,2026-05-04,14.95731866577794,28.029476341885843,23.121006496014285,18.21255436638251,19.401531050769037
3044,77065,77.06573185805514,2026-05-11,1.90294293960187,29.333053006532776,24.587605947342258,19.842181117132935,21.516727104676058
3045,77065,67.18062323902603,2026-05-18,0.042821200606966,31.361948062664155,26.50114563246964,21.640221469681897,21.918706249660225
3046,77065,77.4594529071512,2026-05-25,10.997322758520777,30.291114585907035,25.652457185177518,21.01374603501503,22.587654741017896
3047,77065,73.93759760533976,2026-06-01,4.008087421498023,31.581280949564484,26.631562458933335,21.681877160881683,22.97311198064091
3048,77065,77.94507560317054,2026-06-08,22.405279120228364,31.68928638947794,27.914588913021777,24.13992775001267,24.808929947295237
3049,77065,73.40747197694333,2026-06-15,5.917203693921897,33.829662532480626,29.884434695259138,25.93917337083927,26.014526057529956
3050,77065,81.59851937536928,2026-06-22,9.477017417355142,31.858133333942554,28.344259476560765,24.830337099087405,25.742432456358433
3051,77065,68.56878915896397,2026-06-29,0.0,34.96211172737869,30.519256249799483,26.07638946877106,25.853128842214936
3060,77043,66.56392804903292,2026-01-05,0.0,23.19968321511328,16.051564166631145,8.903441647600522,12.256583952500248
3061,77043,75.23189731041214,2026-01-12,2.560248789230719,23.736229040376127,18.56517432479737,13.39406378215036,15.75290791824452
3062,77043,49.59504207466502,2026-01-19,0.308745505192781,16.615343644164966,10.751867588427855,4.888353355230877,5.76791197724802
3063,77043,81.65094911154465,2026-01-26,8.320648173526306,15.818401949309465,11.744659014297646,7.670907254606556,9.872861669028078
3064,77043,60.67801090148685,2026-02-02,0.0,11.971145890927668,5.779125558499781,-0.41288330022733,2.295035976461762
3065,77043,65.57268268883449,2026-02-09,1.384371644494745,22.63204992309088,15.275979061273187,7.919876270776547,11.363723799601589
3066,77043,78.53030792080354,2026-02-16,3.733507392245033,24.981217268367534,19.537237717263373,14.093208171989414,16.89610116180138
3067,77043,68.55901844959781,2026-02-23,0.0,24.827767121821108,19.4492650302388,14.070718240109075,15.74868741593343
3068,77043,64.54783574791634,2026-03-02,0.0,25.4866012352808,19.025810340468603,12.565002702588927,14.780069731102897
3069,77043,76.58997874730706,2026-03-09,4.760797493760159,27.92348352573564,24.05743091303405,20.191375101056746,20.92732733831423
3070,77043,67.45367637417718,2026-03-16,4.102870984040639,26.87866288328701,20.257836043027993,13.63690294978343,16.27829077491385
3071,77043,55.8810131440586,2026-03-23,0.0,24.17041163755813,17.52555520810686,10.88071521407765,12.582724628962456
3072,77043,66.1265249835652,2026-03-30,0.0,28.52497558410544,22.790357433938944,17.055673365340418,18.375189086297414
3073,77043,72.19669744317143,2026-04-06,4.000118103388099,27.22335807285831,23.57782945780028,19.932298535856408,19.933119051389493
3074,77043,70.4295617935431,2026-04-13,6.513498031295253,25.965415386815188,21.610594877234586,17.25576337826542,17.895452875567443
3075,77043,72.49223909707703,2026-04-20,7.736996938182164,28.222144621129935,23.370212957286544,18.51817566482483,19.790045666689227
3076,77043,79.63505136159479,2026-04-27,5.81995164497133,27.083800152997004,23.762615300627242,20.44142452155542,21.053333760756534
3077,77043,72.50763233396353,2026-05-04,12.405728229577146,27.8786141969592,23.051228555682552,18.223879615942256,19.43161329413162
3078,77043,78.15228411356408,2026-05-11,1.007241618897066,29.06723138854712,24.528179676577814,19.98910850147836,21.602294158810036
3079,77043,68.39971027895083,2026-05-18,0.319473012294174,30.95720179672327,26.291301470300017,21.625393923551847,21.89937863002894
3080,77043,79.37375847777126,2026-05-25,16.52603454096996,29.904830907123287,25.356335363059895,20.807849251953655,22.57115065140765
3081,77043,74.4471845821822,2026-06-01,5.267057870785457,31.51194834389947,26.57412993810306,21.636232670138767,22.989442066034986
3082,77043,78.43378664667816,2026-06-08,7.945095543330149,31.611329660992876,27.94782128335013,24.284296102678876,24.90972784225841
3083,77043,74.53099668869976,2026-06-15,9.525566084882568,33.579205887715844,29.73167596127697,25.88407134210164,26.041426070047624
3084,77043,82.56611365563437,2026-06-22,13.908017589387004,31.71654085031259,28.288446550418357,24.860332854410174,25.823834550487863
3085,77043,70.10944795871629,2026-06-29,0.0,34.51762018515162,30.251721059036424,25.985776020860836,25.847403362002186
3094,77084,66.15100523180728,2026-01-05,0.0,23.640143357734374,16.005313035213742,8.370451689515281,12.16216517020733
3095,77084,74.79220462786628,2026-01-12,3.104399055695657,24.04545740107321,18.58723187620142,13.128987506655527,15.713688585825107
3096,77084,49.58863794963068,2026-01-19,0.383286782268126,17.02517240306778,10.76332718945708,4.501463219124673,5.774233741003539
3097,77084,80.88845786702339,2026-01-26,8.7337363871881,16.108069586518937,11.794712367256562,7.481302429551851,9.839679031658836
3098,77084,60.267557648501345,2026-02-02,0.0,12.195496165565313,5.754711101771708,-0.68604302979665,2.234227624287835
3099,77084,66.0654003217036,2026-02-09,2.279890954895023,22.838573478233727,15.103817317492393,7.369008530346358,11.257502745194078
3100,77084,78.8132642904165,2026-02-16,4.199306044316799,25.092731019805793,19.405749823306103,13.718764736758907,16.803131085176737
3101,77084,68.91054639749981,2026-02-23,0.0,24.947127287335043,19.274638390049937,13.602134763394906,15.629873334196077
3102,77084,64.56014559823863,2026-03-02,0.0,25.788579969024795,18.955819810217086,12.123051198415249,14.711771848364789
3103,77084,75.46239576243747,2026-03-09,1.792578676993074,28.305501079970227,24.19855715195358,20.0915698556527,20.90277603666896
3104,77084,67.3292989264829,2026-03-16,4.585343792018703,27.131378682110146,20.215138765449034,13.298899989148214,16.22415979155211
3105,77084,56.03177013077132,2026-03-23,0.0,24.405839237049605,17.427759345251026,10.449680981467008,12.512615948273014
3106,77084,65.63813860963376,2026-03-30,0.0,28.85392363621026,22.853892708295803,16.853777734718648,18.365816459952928
3107,77084,71.55980510887962,2026-04-06,3.067768599677916,27.607346659951013,23.63027500112902,19.65314196510753,19.89468026982354
3108,77084,70.05433810260668,2026-04-13,9.180960278768797,26.446974727401056,21.624933256123335,16.802817014717444,17.86080478742294
3109,77084,71.88382206749887,2026-04-20,2.831607687110848,28.623477749479406,23.463039006955924,18.302539637308392,19.796736009881037
3110,77084,79.07226283233635,2026-04-27,6.999075589368809,27.457227627027734,23.856822084295857,20.256372465973833,21.062656280023894
3111,77084,72.8514061750899,2026-05-04,13.077581790394907,28.040235847656817,23.042439155655227,18.044643155837505,19.462221096853554
3112,77084,77.76600121619268,2026-05-11,1.315642322460468,29.39046626526431,24.640147713292627,19.889737464153878,21.655980466920106
3113,77084,68.19129938654629,2026-05-18,0.166209471663885,31.386419715832105,26.39944051053506,21.412439886513894,21.971067434525388
3114,77084,78.44612942425339,2026-05-25,12.572665032128592,30.402581345933072,25.60743015980816,20.81232044842534,22.681327749345737
3115,77084,74.32979807714483,2026-06-01,4.660800245195961,31.83420503997536,26.649449428906856,21.46468847885074,23.04652507660962
3116,77084,77.7476456128162,2026-06-08,11.05728594531072,32.02128292168016,28.086083932013704,24.150856648262767,24.94530865353702
3117,77084,74.05262226533077,2026-06-15,5.518888622613531,34.01782814839801,29.844472653004686,25.671096893357614,26.075170448338167
3118,77084,81.81930175389203,2026-06-22,10.554667875248729,32.088108735620715,28.4164803901889,24.744866610763747,25.838502439547405
3119,77084,70.05841629695155,2026-06-29,0.0,34.87899130646306,30.262485351486447,25.64595429236497,25.849280540393554
3128,77041,66.83313680129817,2026-01-05,0.0,23.21904570687133,15.85736464983807,8.495668105455959,12.102380689150264
3129,77041,75.37334310553486,2026-01-12,2.892321347932493,23.798602999235065,18.46975182197153,13.140900641637705,15.67336131387397
3130,77041,49.743518595505996,2026-01-19,0.371688743151696,16.75172534467655,10.66354474771793,4.575324493399351,5.705982484250157
3131,77041,81.6694464455523,2026-01-26,8.837075693081887,15.813519061763268,11.589909377994278,7.366234411080034,9.725360200276299
3132,77041,60.39546433907677,2026-02-02,0.0,11.970911599726403,5.652286581250354,-0.66637315424079,2.154827934797177
3133,77041,64.94259793431377,2026-02-09,1.848937550153915,22.727015297134063,15.304636827632955,7.882225939127814,11.315414065747825
3134,77041,77.551515714896,2026-02-16,3.908352222572132,25.018651968701644,19.57636174948034,14.134047450173275,16.812299763453947
3135,77041,67.78710064220388,2026-02-23,0.0,24.85979314550915,19.448138657899882,14.036399728343211,15.650979251819136
3136,77041,63.66547371162715,2026-03-02,0.0,25.5694871185892,19.04497913393356,12.520373539346064,14.676794121463331
3137,77041,75.37110572963356,2026-03-09,4.084634790223815,28.082749244582246,24.19007495814828,20.297389724871977,20.882699894669884
3138,77041,67.02308307859994,2026-03-16,4.696912372486978,26.976061446891496,20.241573265390443,13.507019972881292,16.206440939123933
3139,77041,55.382096080512156,2026-03-23,0.0,24.287152909148773,17.562619336371398,10.838074035539938,12.551819606917912
3140,77041,65.0683495120558,2026-03-30,0.0,28.65634822905728,22.92428096551289,17.192148680171684,18.353024166758985
3141,77041,70.95884318829211,2026-04-06,4.566181304186906,27.432965658561663,23.72276415083588,20.01251104293956,19.899062193650245
3142,77041,69.26419497614701,2026-04-13,10.985712860173393,26.240643225883225,21.751522042499904,17.262384305072317,17.86554914136168
3143,77041,71.30635058193918,2026-04-20,5.13610944839463,28.37815897867231,23.535941045784547,18.693687642631474,19.781298831720097
3144,77041,78.06483148826939,2026-04-27,6.42104554035925,27.265434654004792,23.953655501528402,20.64186445006527,21.020330244249827
3145,77041,72.16156868901233,2026-05-04,13.287986486650412,27.899526584529074,23.090246149896807,18.280936092614887,19.41034167769938
3146,77041,77.47150212847465,2026-05-11,1.448760092967769,29.157786556339367,24.629827737259777,20.101859232500498,21.607564356918935
3147,77041,67.7323779179198,2026-05-18,0.333461945577423,31.0895875538916,26.4371982493018,21.784748201851542,21.938751704716505
3148,77041,78.51555424727957,2026-05-25,12.77056521086108,30.08582688680828,25.52694191762975,20.967970655905336,22.613965505031647
3149,77041,73.85308469083405,2026-06-01,4.85662153201298,31.622809603600214,26.70869339797421,21.79457278609259,23.03008942984558
3150,77041,77.4561482671699,2026-06-08,11.973466200028962,31.734860916521626,28.05641558806065,24.37794305666956,24.870505897028394
3151,77041,73.45380820996651,2026-06-15,10.252909606290249,33.76023098008256,29.891727781609127,26.023185863999387,26.027309310125474
3152,77041,81.43167495181973,2026-06-22,13.048720552736288,31.872457850643553,28.416921790681908,24.961359517632953,25.784711609290955
3153,77041,68.99275046667834,2026-06-29,0.0,34.738672667671274,30.429721292733067,26.120762804902277,25.836875198023645
3162,77095,67.25184226208286,2026-01-05,0.0,23.29177273558017,15.562899589758723,7.834042454320042,11.874444886153332
3163,77095,75.2244822969119,2026-01-12,3.826333040059444,23.972768857842784,18.38326186940519,12.793689260440217,15.562763045594506
3164,77095,50.06106395533676,2026-01-19,0.454390896313477,16.931493999964378,10.513915438421057,4.096401614234297,5.606719654608073
3165,77095,81.49039074527973,2026-01-26,6.626092308897854,15.842806096504187,11.430573280330538,7.018251048331355,9.554577230831056
3166,77095,60.28519518150666,2026-02-02,0.0,12.071108146528447,5.466317764384536,-1.138416181404524,1.975855530154995
3167,77095,65.43017345639562,2026-02-09,1.986638138516485,22.988635245525533,14.984486162086212,6.98026879090987,11.077308298384525
3168,77095,77.80299491446647,2026-02-16,4.578192620808168,25.229211975665397,19.313372538103494,13.397524736116686,16.590046252903228
3169,77095,68.30642237653451,2026-02-23,0.0,25.053814281870007,19.116559624847937,13.17934460721676,15.406237152840692
3170,77095,63.684218050007004,2026-03-02,0.0,25.946473424469048,18.821047921967995,11.695588002019045,14.475892466270503
3171,77095,74.82708231106416,2026-03-09,1.563117001792985,28.209950774559182,24.130028337700757,20.050041043988916,20.74654044916891
3172,77095,67.4456362694926,2026-03-16,4.678266793598372,27.089633283079987,20.022953545140233,12.956225908163965,16.056124478620184
3173,77095,55.701279462795135,2026-03-23,0.0,24.50617618696277,17.35825624778993,10.210281387601956,12.409287896778006
3174,77095,64.9390859162191,2026-03-30,0.0,28.83250002806387,22.836021846396335,16.83954972559556,18.253610823200894
3175,77095,70.78761658043064,2026-04-06,3.10004436829227,27.655815644475144,23.626686279497306,19.597485715687256,19.78335879171591
3176,77095,69.44089949704197,2026-04-13,17.34238686573764,26.535884278966527,21.613475107937244,16.691061041300433,17.761246975916062
3177,77095,71.263705681435,2026-04-20,2.051609922115053,28.579125518618174,23.488709569871865,18.39827327944793,19.730819385976574
3178,77095,77.99701301268283,2026-04-27,6.975738740058076,27.43033195006423,23.910871275030107,20.391384293262707,20.968164482518993
3179,77095,72.91215287103125,2026-05-04,14.351920269472192,27.92338078062034,22.92056511748271,17.917806777870847,19.34302405340784
3180,77095,77.52256335039546,2026-05-11,1.348214265436891,29.357858273120428,24.512997910333784,19.668122344903377,21.503992172168132
3181,77095,67.78903364553925,2026-05-18,0.0096805839146,31.38495146631647,26.366627296450563,21.34823994598772,21.884273437607355
3182,77095,77.94229627606546,2026-05-25,10.1394507612124,30.40673583633976,25.569359057596582,20.73195159429972,22.57532550155415
3183,77095,74.40681861635737,2026-06-01,3.890921392175471,31.715410881758064,26.535804739505313,21.356150890969047,22.94946065117047
3184,77095,78.07700681672446,2026-06-08,15.727543851318682,31.82075330999542,27.895152138194163,23.96949575162852,24.809373518691334
3185,77095,73.75237211977374,2026-06-15,4.719455533156606,33.98491403670032,29.810895439010814,25.636836230406068,25.99818451718221
3186,77095,81.95048308842114,2026-06-22,9.92845551844103,31.959855586770555,28.27174795206863,24.5836223243381,25.722611389677613
3187,77095,69.44980001346234,2026-06-29,0.0,34.900651207933024,30.30684397981185,25.71303817381339,25.79493426727441
3196,77059,68.90924850266256,2026-01-05,0.0,23.446435009262117,16.317271681676374,9.188142166270008,12.75429924601805
3197,77059,76.32747476870138,2026-01-12,0.12804216595974,24.07674941529575,18.811653982958827,13.546552421163886,16.128571378460773
3198,77059,49.44790808132777,2026-01-19,0.017029949718999,17.65959978315252,11.160179027014232,4.660709123282763,6.11124420450688
3199,77059,87.09695691095061,2026-01-26,8.350328512718006,15.834107185044493,11.434980852354423,7.035836539684378,10.148082079267814
3200,77059,62.777739388221896,2026-02-02,0.0,12.488513215318454,6.188616339624908,-0.111252809793616,2.857202160354851
3201,77059,69.0963010763346,2026-02-09,3.542127631569949,22.000055190962456,15.001351187599205,8.002591746865697,11.513006328934786
3202,77059,81.79026635249858,2026-02-16,3.800031760245655,24.68879053941557,19.270223028765756,13.851590734174232,17.051733396774264
3203,77059,70.39314289151692,2026-02-23,0.0,24.9922014993725,19.612679488247956,14.233082744932627,16.100184456452435
3204,77059,69.1560606353692,2026-03-02,0.0,24.65771521797033,18.577787148019528,12.497907339822321,14.946073986590525
3205,77059,82.93562328365772,2026-03-09,10.588716233516774,26.291130834545214,23.226563822596393,20.161943918896345,21.002764711455825
3206,77059,71.27170133080227,2026-03-16,1.250072488574926,26.00845859059578,20.15661819859756,14.304707110798615,16.667800339566234
3207,77059,60.1420891659283,2026-03-23,0.0,23.299820002524665,17.357301972165843,11.414749946258057,12.939413980640637
3208,77059,72.37347296812433,2026-03-30,0.0,27.3308886120034,22.124528370746752,16.918180190129387,18.586026336731198
3209,77059,76.72851461031593,2026-04-06,2.13987651664761,26.91491801436416,23.370618387303548,19.826287443241657,20.35228376719506
3210,77059,71.93920939978096,2026-04-13,0.933903784512744,25.437520099092332,21.91086087039033,18.384241005437854,18.378070303509357
3211,77059,76.24424816878745,2026-04-20,11.675370471014674,27.620993230106833,22.94434258418629,18.267751557496595,19.89620356784875
3212,77059,83.04447039031427,2026-04-27,4.569478707004162,26.636176937752207,23.437487054369925,20.238789522737,21.226762903352135
3213,77059,73.17191928714594,2026-05-04,15.49554698851189,27.71942364952095,23.235987892514963,18.752539750381153,19.727031781652588
3214,77059,82.66636385600597,2026-05-11,0.463160496517468,28.2435422274718,24.173022546923274,20.102413890740998,21.878333716543676
3215,77059,72.49997969475503,2026-05-18,0.035758177637207,30.17702512160065,25.802096499508078,21.427097920141204,22.032210974769157
3216,77059,83.44411762164411,2026-05-25,12.700772405281542,28.98205990342696,24.941113731302057,20.900079464950668,22.73889084742668
3217,77059,77.13856680177582,2026-06-01,4.795917485676584,31.10006223665394,26.37779461248034,21.655421281763402,23.217611349153714
3218,77059,82.71454975602434,2026-06-08,22.129450371965593,30.52618941137354,27.295383137702814,24.06448565027028,24.914173355060004
3219,77059,78.1981356232894,2026-06-15,0.147770571582335,32.27431553432613,29.2010411629032,26.12782928831506,26.09330672825986
3220,77059,86.94043058528527,2026-06-22,26.102041437774446,30.71016467687866,27.614010325338594,24.517878111004,25.80634849541508
3221,77059,74.99314630403339,2026-06-29,0.0,33.38570129930217,29.52577630122573,25.665747696866294,25.91804775578964
3230,77505,68.07622803664592,2026-01-05,0.0,23.21998184058848,16.48334319450397,9.746743348111815,12.82124067865404
3231,77505,76.31017470658067,2026-01-12,0.304810220585879,23.704951993773225,18.794023187923912,13.88306340060396,16.109589774072152
3232,77505,48.67713665500234,2026-01-19,0.0,17.26712605111134,11.424191837637002,5.581292193602119,6.257976732294209
3233,77505,85.11147737587089,2026-01-26,7.659474182499348,15.644611185654004,11.682293275448744,7.719895210873481,10.170196133853313
3234,77505,61.94736121227693,2026-02-02,0.0,12.156972170430544,6.251091185882813,0.345272981968945,2.845817511881473
3235,77505,68.17845100957373,2026-02-09,3.59675448840081,21.73337580719069,15.158107479907327,8.582766314546545,11.547182510792435
3236,77505,81.62788012350718,2026-02-16,3.894574805834342,24.377348436171353,19.26214561684268,14.146917622495986,17.022053670137446
3237,77505,70.23751778664298,2026-02-23,0.0,24.65262980161455,19.57249091164449,14.492321644714925,16.04867419138779
3238,77505,68.242227067154,2026-03-02,0.0,24.528158184077466,18.698814443928626,12.869433667394503,14.943728866661598
3239,77505,83.02698459911105,2026-03-09,10.156780365468382,26.251164582167338,23.253195552782383,20.25520626868735,21.041221315829485
3240,77505,71.21221684810591,2026-03-16,1.582529827915955,25.835115204679127,20.130017655691653,14.424946398250741,16.636926724374764
3241,77505,59.73327440081896,2026-03-23,0.0,23.214595672225016,17.37277731236112,11.53083615497954,12.907243650056364
3242,77505,71.9943165206433,2026-03-30,0.0,27.25364326782967,22.150821021811097,17.047918153573477,18.559483219351932
3243,77505,76.80769684948072,2026-04-06,2.625158001481833,26.710245272022355,23.299903383267903,19.889518788839474,20.296040102578903
3244,77505,71.64535470916756,2026-04-13,1.349767828153131,25.25730092664722,21.837315714133478,18.417258207145164,18.27442077572825
3245,77505,76.15881476977046,2026-04-20,9.512094049264883,27.442813762445756,22.914002697955013,18.385115750545953,19.855485769568688
3246,77505,82.75467309892308,2026-04-27,3.493658211923794,26.491123308883,23.437072237222182,20.38306588874339,21.191741687861498
3247,77505,73.16890390049444,2026-05-04,14.2306934468174,27.559533165142412,23.180946647402216,18.80232544198771,19.67750726388448
3248,77505,82.41652797534373,2026-05-11,0.612628087101081,28.2117105862908,24.140635902615028,20.069552514671233,21.81238546022718
3249,77505,71.92379090165197,2026-05-18,0.067830576991184,30.04687177277933,25.851558120930992,21.656188696086318,21.995670354279792
3250,77505,83.24253575383847,2026-05-25,12.087609964581747,28.886242404589282,24.9324364498267,20.978565163619802,22.704333646107404
3251,77505,76.89620517738791,2026-06-01,4.427451380181105,30.93975614519408,26.414442750365478,21.889098830012784,23.215831250350814
3252,77505,82.68165362552546,2026-06-08,19.880377258161417,30.44036819702838,27.292160820699834,24.143829091582433,24.90478650232743
3253,77505,78.05883238306451,2026-06-15,0.186693877970849,32.183484387975405,29.238796898801507,26.294083599242757,26.10854221709411
3254,77505,87.02169433003021,2026-06-22,23.470030581230187,30.702970264946504,27.62136972343096,24.539675534210545,25.825692206371034
3255,77505,74.40680484392688,2026-06-29,0.0,33.34934015685903,29.6262988384774,25.90328747885213,25.9238443254907
3264,77401,64.81562625205888,2026-01-05,0.0,23.183753225876266,16.609367184007667,10.035031542782486,12.579066422547017
3265,77401,74.13859006288178,2026-01-12,0.897550548042406,23.74681470881634,18.87386218659989,14.00092282587972,15.937608345082964
3266,77401,46.00236866441905,2026-01-19,0.08170713245533,16.82981022405999,11.3990771114021,5.968355160813775,5.970591756943548
3267,77401,80.90019336386096,2026-01-26,7.647685096098843,15.890553696238761,12.110017644497308,8.329552939725684,10.149402364345182
3268,77401,58.73814908795493,2026-02-02,0.0,12.268819744763078,6.360612737690118,0.452339587923558,2.668487707320863
3269,77401,64.01969458400721,2026-02-09,0.844760204691152,22.4577478195237,15.624373892403254,8.790862681919156,11.509992447453957
3270,77401,78.23134358982118,2026-02-16,4.191615265603473,24.942018435800268,19.735225065140554,14.528413743290692,17.054032776644494
3271,77401,67.39913826820143,2026-02-23,0.0,24.805076909321798,19.780180882770072,14.755330754942003,15.90508589581147
3272,77401,64.10412313717367,2026-03-02,0.0,25.161345629907977,19.149776856780147,13.138171770727142,14.847249388356579
3273,77401,77.1455447188836,2026-03-09,7.586802666665925,27.44582938440483,23.906621437578924,20.367380432394196,20.868810006450065
3274,77401,66.87695357862133,2026-03-16,2.06957461338656,26.421146793840464,20.284865047721947,14.148558086138781,16.23057211070003
3275,77401,55.587781063861875,2026-03-23,0.0,23.783688544193275,17.580659315659467,11.377613023542168,12.597590402153962
3276,77401,65.88021307885353,2026-03-30,0.0,28.14695875337771,22.79943701495644,17.451962665340915,18.351428907606074
3277,77401,72.53545873571672,2026-04-06,2.736560784896509,27.01103862572825,23.461237829676453,19.91137571333553,19.872764746551564
3278,77401,69.38948428742111,2026-04-13,3.810328727872546,25.63132859233587,21.764331019711708,17.897363155931146,17.90276727235871
3279,77401,72.59634153108985,2026-04-20,5.482091674059981,27.920862025105897,23.147396163191445,18.373936273733257,19.599112623491212
3280,77401,79.49520302673808,2026-04-27,5.585719081060452,26.854577505218547,23.61125710516015,20.36790066637006,20.898865031845546
3281,77401,70.81109253071976,2026-05-04,13.286530972402343,27.773395104286294,23.189512682609166,18.605673819934033,19.346578310467237
3282,77401,78.94777893033194,2026-05-11,1.312250709595399,28.83053677203055,24.46483082340969,20.099166793368504,21.640542288385355
3283,77401,68.51499651550431,2026-05-18,0.053848656863873,30.57598547394657,26.219283215200914,21.86240953090019,21.844333545937058
3284,77401,80.36178503023353,2026-05-25,19.36906075367759,29.40603117944376,25.17612281454775,20.94613997916644,22.538588770886015
3285,77401,74.3997005958016,2026-06-01,4.097898717270112,31.211455249320707,26.5282960610382,21.84517933655758,22.939655190275012
3286,77401,80.06145745769966,2026-06-08,8.480873161681936,30.922458479400106,27.588093261123014,24.253625120324152,24.80016878830544
3287,77401,75.87201500396367,2026-06-15,5.55687278115194,32.84020670600017,29.38098972835352,25.92180122877791,25.911852255977003
3288,77401,84.64999147130328,2026-06-22,13.170317881224653,31.206965132811387,27.906771431084337,24.606457901742143,25.760014173110374
3289,77401,70.91400739132997,2026-06-29,0.0,34.09563085260277,29.98049300299003,25.86537942194306,25.719895605428047
3298,77071,66.98737267072994,2026-01-05,0.0,23.622087842409986,16.25727280238502,8.892543041326178,12.49257137977159
3299,77071,75.60041050497293,2026-01-12,0.46400873586585,23.862345398001576,18.61887752042551,13.375322613698135,15.869311520725217
3300,77071,48.85559353714381,2026-01-19,0.103210302700613,17.05389872850191,10.973809385027572,4.893677710471172,5.895188048453798
3301,77071,82.52592720582761,2026-01-26,6.657979085201685,15.915311112758332,11.881491512529468,7.847565176798063,10.09167413679743
3302,77071,61.176980638422904,2026-02-02,0.0,12.31628428830069,5.956305552126358,-0.40363756982403,2.501631053156708
3303,77071,66.75103699603703,2026-02-09,3.142898036126721,22.618903380155757,15.178129904074446,7.737336532876816,11.414811027851233
3304,77071,80.83165674748251,2026-02-16,4.238102390739864,25.050735848641978,19.269839503646814,13.488794180726892,16.926090546405963
3305,77071,70.05340051355233,2026-02-23,0.0,24.805908932231212,19.301488747419768,13.79700829448854,15.784758599296842
3306,77071,67.44679627127425,2026-03-02,0.0,25.140555749156622,18.616326804079257,12.092114372326563,14.769678977369093
3307,77071,78.85530480524206,2026-03-09,6.045864656382177,27.426529589588693,23.651006340657972,19.875546349295064,20.851497152493476
3308,77071,68.47366599218361,2026-03-16,2.044808625099938,26.46476131439384,20.00963838065423,13.554499351462292,16.182535402365527
3309,77071,57.0057141042232,2026-03-23,0.0,23.923773983948752,17.203555966904695,10.483309919309907,12.441945725175607
3310,77071,67.33203244636405,2026-03-30,0.0,28.402555619778642,22.54964013497186,16.696631384372576,18.316008091587634
3311,77071,74.54514484720345,2026-04-06,2.231967273842547,27.08744142418466,23.25164193870389,19.41570008303864,19.945182689104772
3312,77071,72.33510017797964,2026-04-13,3.848803666501265,25.64350959654567,21.407945705871054,17.172230948669707,17.958768770586346
3313,77071,74.93029389627607,2026-04-20,6.608026278516326,27.992199718530827,22.943136826994312,17.894087566278127,19.720235863397892
3314,77071,82.84444386317766,2026-04-27,5.46294483740393,26.675525269417562,23.25007294403858,19.824681772070694,20.992926905606527
3315,77071,73.4996053399982,2026-05-04,13.520763188155657,27.778201169181884,22.901055963753162,18.02382094790423,19.443138693473323
3316,77071,80.88874317618497,2026-05-11,0.636842810876471,28.646150386841935,24.168277542065752,19.690371010516763,21.61598093971944
3317,77071,70.49528633033616,2026-05-18,0.027162733399588,30.498734729772135,25.88192385074192,21.265041200593426,21.8220341042103
3318,77071,81.88742181341199,2026-05-25,20.160327242020333,29.428335945010414,24.959487005600955,20.490610858245898,22.541567154581116
3319,77071,76.69376847199469,2026-06-01,5.145015972676036,31.017653857881346,26.118631278471952,21.219563246571067,22.881218217396786
3320,77071,80.6476788815011,2026-06-08,8.813839723421259,31.08941619221374,27.48672841081236,23.88404575686464,24.794360462853927
3321,77071,77.49754643882534,2026-06-15,2.319524621929321,32.728043343578875,29.054580159945257,25.381127606395047,25.846757507790407
3322,77071,85.27807194999637,2026-06-22,11.407174438190713,31.231756703309816,27.786873182291576,24.341875293290048,25.73311728077766
3323,77071,73.25958324775009,2026-06-29,0.0,33.82773663675264,29.502073256177088,25.176388763700754,25.63317968037083
3332,77035,66.7476497608374,2026-01-05,0.0,23.449135166464043,16.363694764854788,9.278210313537077,12.563404142697017
3333,77035,75.07703009343044,2026-01-12,0.574191443961103,23.81263461472687,18.756187302605678,13.699800838190026,15.938181714791616
3334,77035,48.183224824603016,2026-01-19,0.066468876857182,16.926205143015565,11.104574461151143,5.282935848012368,5.940463560638965
3335,77035,82.36576891609715,2026-01-26,7.732505062439623,15.828068262429982,11.932247946014405,8.03640794588946,10.127903462447652
3336,77035,60.71812278290044,2026-02-02,0.0,12.213671418425124,6.074469967437874,-0.064770189797508,2.575119157148814
3337,77035,65.96030944667532,2026-02-09,1.935017771355404,22.425389963096375,15.297734668546795,8.170064989586207,11.435044321560243
3338,77035,80.31398454971091,2026-02-16,4.212730019961398,24.9108039503271,19.364556810934804,13.818209209599814,16.953944915285533
3339,77035,69.69568078486752,2026-02-23,0.0,24.650449983487487,19.376418085944454,14.10237037905909,15.804944408895059
3340,77035,66.97023616188534,2026-03-02,0.0,24.95018372600264,18.637336622511537,12.32457603392183,14.732876275281175
3341,77035,78.79702764801753,2026-03-09,6.858986759154045,27.21844720945953,23.653326549717008,20.088177480643147,20.85022011224623
3342,77035,68.36768925450048,2026-03-16,1.642462086090415,26.260820985747504,20.019473156911683,13.778035087740301,16.17715795710186
3343,77035,56.98058820898509,2026-03-23,0.0,23.656203637538,17.21900687239063,10.781833175026375,12.45288077846028
3344,77035,67.51001573181368,2026-03-30,0.0,28.093781807468915,22.492642280659602,16.891547957022194,18.287650316521084
3345,77035,74.66064634176485,2026-04-06,2.317524586059107,26.8599590740492,23.203079869299543,19.546153761370988,19.916176769607436
3346,77035,71.92779894318221,2026-04-13,3.275817767023222,25.402019767244106,21.426423639154322,17.45072862834,17.924171970825117
3347,77035,75.13134443392474,2026-04-20,6.173514557294835,27.70202450420441,22.838774197831597,17.97553344832855,19.648421838970137
3348,77035,82.58778730703183,2026-04-27,4.6735228177327,26.513820514857397,23.22662306431782,19.93928592457266,20.939466561192724
3349,77035,73.2206148860946,2026-05-04,14.318661182852104,27.565016332856136,22.871953052811968,18.17878090607257,19.38038967870235
3350,77035,80.68784806379244,2026-05-11,0.687387260822525,28.529713580247872,24.16486410621323,19.799956849396366,21.587122420599837
3351,77035,70.2602930226592,2026-05-18,0.041443175149985,30.33099502152825,25.863135026562922,21.39519228106794,21.769590879905387
3352,77035,81.97080784224222,2026-05-25,19.477846288550264,29.23304192551566,24.892762568200055,20.55239926902415,22.488424987937044
3353,77035,76.43853423566043,2026-06-01,4.35809850932685,30.910392208114924,26.124244298946536,21.338065692490833,22.84964995060688
3354,77035,80.65787815166523,2026-06-08,8.114777060859536,30.890194557119514,27.43146225349258,23.972649794387014,24.742436061565883
3355,77035,77.43337589561676,2026-06-15,3.164724528207888,32.56647185911599,29.009608425726512,25.452744329052802,25.794172815489695
3356,77035,85.2634534067344,2026-06-22,11.457233528381465,31.11420097638211,27.742970936104204,24.37161607998161,25.688859609138053
3357,77035,72.84230207425287,2026-06-29,0.0,33.76467156455987,29.53072308219019,25.29671485695828,25.59622266179339
3366,77096,66.0021182760902,2026-01-05,0.0,23.33121969456691,16.452297981148188,9.57333117200858,12.56266211145223
3367,77096,74.7352873651079,2026-01-12,0.691437745166867,23.756941060837924,18.792025399953744,13.827022628961325,15.931395589372759
3368,77096,47.4503967169926,2026-01-19,0.070745730371166,16.850367664439375,11.194346892394412,5.538335831153585,5.945199893340725
3369,77096,81.80880138628301,2026-01-26,7.830351174307484,15.85370846174624,11.99550012649587,8.137253137730928,10.13078984689302
3370,77096,60.05592611309745,2026-02-02,0.0,12.129848567472019,6.15672373118888,0.183657770789185,2.592220957595774
3371,77096,65.38717061866518,2026-02-09,1.24668081692188,22.389743237643962,15.373305687217623,8.356915578462868,11.44073819635219
3372,77096,79.65820256726624,2026-02-16,4.280537966117974,24.87957090662386,19.463835694606786,14.048000149933975,16.969953137950597
3373,77096,68.91692878464825,2026-02-23,0.0,24.639349963060837,19.494316197611333,14.349326584873165,15.822680875222085
3374,77096,66.13474835871929,2026-03-02,0.0,24.969265031298875,18.78244537292416,12.595620726680139,14.76245403532966
3375,77096,78.2533760747128,2026-03-09,7.455023168805899,27.27247768875499,23.750742359204704,20.22907197168537,20.87026891350285
3376,77096,67.97303369620457,2026-03-16,1.981732147085592,26.287624553620255,20.10421118899382,13.920855888286997,16.20531817355625
3377,77096,56.65713210551347,2026-03-23,0.0,23.66461562263325,17.32749388685256,10.990429372224309,12.507510724607636
3378,77096,67.15410839536003,2026-03-30,0.0,28.04742793774216,22.580871121094916,17.114265071065574,18.32138601022973
3379,77096,73.90102980489397,2026-04-06,2.345456594866448,26.91258763114152,23.3095811197943,19.706480632826977,19.914642723355218
3380,77096,71.1727443285271,2026-04-13,3.390870331996628,25.472599490333685,21.5435533100363,17.614525131446346,17.933454706381042
3381,77096,74.13331822211948,2026-04-20,6.81478803034209,27.829264890534688,22.991442942098228,18.153514519738454,19.659092364576576
3382,77096,81.50215054063568,2026-04-27,5.108184798707134,26.655072351503843,23.38979200490868,20.124512984922955,20.9531737685914
3383,77096,72.30643752684085,2026-05-04,14.111175082697127,27.657978271767092,23.021889014272944,18.385676457575272,19.397916119141822
3384,77096,80.02085951529278,2026-05-11,0.941736123985829,28.648504766354392,24.297049949643544,19.94552820588853,21.62510286791934
3385,77096,69.73387086876247,2026-05-18,0.048726627094305,30.389422258435744,25.997745307003726,21.606063535792458,21.817993297075205
3386,77096,81.46513919099311,2026-05-25,20.20297652491702,29.26757865259351,25.001887891158873,20.736127489862138,22.523838510504024
3387,77096,75.85610698922315,2026-06-01,4.16583396416696,30.990093595917433,26.259898033392123,21.529764501909256,22.89594039203154
3388,77096,80.5428307595243,2026-06-08,7.909782084750987,30.87992980845649,27.506256850485926,24.132593979608323,24.795160903047368
3389,77096,77.0963848174241,2026-06-15,3.845999709554565,32.61914037232843,29.137693665625115,25.656256984852178,25.865320721960583
3390,77096,85.16074545903226,2026-06-22,11.9824590073205,31.138596054581402,27.818246661352926,24.497931377335433,25.748104322985107
3391,77096,72.36210082474673,2026-06-29,0.0,33.832574674571404,29.682638633434863,25.532626882571805,25.665076970368702
3400,77027,63.9853952173248,2026-01-05,0.0,23.215796129240054,16.728303547748293,10.240846523837464,12.603758067901376
3401,77027,74.13336592600739,2026-01-12,1.093879284819946,23.732192453362973,18.859671705325077,13.987174297526344,15.923963499728945
3402,77027,45.341373247150514,2026-01-19,0.108138770558842,16.804284325720133,11.463308594453238,6.122264241691331,5.951980261314389
3403,77027,80.36094970613755,2026-01-26,7.311671764112424,15.919716172146591,12.187216027429304,8.454735651752225,10.164781507435777
3404,77027,58.12414348634826,2026-02-02,0.0,12.439827606355674,6.42426874419278,0.40873176868931,2.677814950363413
3405,77027,63.11982442037653,2026-02-09,0.827143344862657,22.684077206144025,15.79437107598502,8.90464371215586,11.557005606135613
3406,77027,77.47657275961886,2026-02-16,4.655154278993971,25.18387123178446,19.894090250089757,14.604325292574751,17.111400196815783
3407,77027,66.41353235167075,2026-02-23,0.0,25.165739650918976,19.979402312089178,14.792926931731893,15.970330726529445
3408,77027,62.58863537510103,2026-03-02,0.0,25.475887437804122,19.428974997273045,13.382119985215445,14.915138065912474
3409,77027,76.32934083316866,2026-03-09,9.2282377448991,27.671944838257982,23.99878697536076,20.325713131520587,20.842765295855678
3410,77027,65.72650936616547,2026-03-16,2.5368954683372,26.675507122650156,20.49269117979054,14.30989829342048,16.272309349391346
3411,77027,54.20291495011586,2026-03-23,0.0,24.078417237760128,17.884218513357112,11.690061121321722,12.691994115151818
3412,77027,64.39275494464565,2026-03-30,0.0,28.43016780348548,23.073756914222272,17.717314923058304,18.40027288052698
3413,77027,71.33188821518478,2026-04-06,3.149921930420796,27.23799558723378,23.634258158335143,20.030521552313104,19.869703875401445
3414,77027,68.10005957904902,2026-04-13,4.040824477781079,25.921496489507707,21.96116999330532,18.000698736058578,17.912900116852487
3415,77027,71.4545992033907,2026-04-20,5.217393551854425,28.11635605222134,23.322713442820014,18.52900394178747,19.607359083110662
3416,77027,78.04116652387596,2026-04-27,4.893895402306958,27.136532194592565,23.818006226688404,20.499415034356076,20.90107369179957
3417,77027,69.92505518291998,2026-05-04,12.668243892968237,27.91701808875884,23.284650313246285,18.65216546752267,19.305163433836274
3418,77027,78.25209762686731,2026-05-11,1.875825498391599,29.00346472719575,24.577414819366613,20.151318699362786,21.653751106930027
3419,77027,67.56702695226964,2026-05-18,0.040543939607903,30.82341310046335,26.398615954776446,21.97375922825477,21.866598728417603
3420,77027,79.78980216380715,2026-05-25,18.209159641366426,29.559195289776277,25.25332449803479,20.947404488704247,22.533391902219346
3421,77027,73.20846173063691,2026-06-01,4.284029300157337,31.511754318559003,26.76026567843875,22.00874042129799,22.982125255909033
3422,77027,79.65906866762015,2026-06-08,9.526801580401754,31.06514864196053,27.640693093892587,24.216210599392742,24.789702576063302
3423,77027,74.91692157630993,2026-06-15,6.37484836095568,33.09272824502124,29.5617231817826,26.030802622966355,25.93824772308528
3424,77027,84.36495884747492,2026-06-22,17.242205713388056,31.303440745041392,27.944030855390995,24.584666331598054,25.753415575285565
3425,77027,69.63034665585812,2026-06-29,0.0,34.37912545577878,30.244101345053693,26.108923279555388,25.76491097559278
3434,77019,63.55600910475754,2026-01-05,0.0,23.212605579299375,16.807808685789322,10.40293595778168,12.627407203096213
3435,77019,74.0865187138789,2026-01-12,1.113592286118971,23.741677543340504,18.854965163046565,13.968376728410078,15.912574115490301
3436,77019,45.230866315552966,2026-01-19,0.086866463839161,16.919639751114893,11.467576182979354,6.015491233112079,5.947389152714403
3437,77019,80.41945608173295,2026-01-26,7.548705599230257,15.878329043776338,12.129647527695406,8.380992938772735,10.112084504219041
3438,77019,58.23894815049807,2026-02-02,0.0,12.355681388195173,6.337148927188024,0.318601759895519,2.610929746141946
3439,77019,62.96038995952077,2026-02-09,1.602529336771485,22.637756183977647,15.800330494011959,8.962754299010921,11.545417387745891
3440,77019,77.10012549465927,2026-02-16,4.336476318210443,25.210114739261368,19.92701653297503,14.643916823041913,17.09625585973353
3441,77019,66.47480546189442,2026-02-23,0.0,25.06166013693085,19.91444009650871,14.767104017779966,15.915947875932972
3442,77019,62.23785692774491,2026-03-02,0.0,25.405218654112275,19.4856815365919,13.566122037883815,14.917734106539013
3443,77019,76.58974498110165,2026-03-09,11.64641539870293,27.456365240362445,23.940985293002907,20.42550283284224,20.82569324970125
3444,77019,65.7110098717434,2026-03-16,2.632894245700243,26.599096764876602,20.53555669710485,14.472043181073458,16.306816278122252
3445,77019,54.082520729026314,2026-03-23,0.0,24.02823976121715,17.969158411568888,11.909895270332242,12.750142698041335
3446,77019,64.32788319699151,2026-03-30,0.0,28.335620458159546,23.129317141673834,17.923055336963877,18.44133222285626
3447,77019,71.38692994474576,2026-04-06,3.194972775472914,27.148033439323,23.60179579161658,20.0555592530992,19.846555934664824
3448,77019,67.68783855387346,2026-04-13,2.635363733117013,25.936042575005104,21.99394329464755,18.05185374511147,17.89072589263676
3449,77019,71.38511350077698,2026-04-20,5.549275855579911,28.053837499161315,23.305445776377134,18.557069957759932,19.582442433155858
3450,77019,77.63645012670965,2026-04-27,4.274861579936479,27.15531706897856,23.842922073484207,20.53048567132623,20.86977571184264
3451,77019,69.7287106529684,2026-05-04,13.33830765753563,27.910023575473268,23.306569834388814,18.702898971830884,19.295992220602518
3452,77019,78.16120597627734,2026-05-11,2.425560697084039,28.99734895710945,24.58070783520673,20.164034970224193,21.64356572556333
3453,77019,67.47981529954424,2026-05-18,0.021619608745142,30.779909999167153,26.41398306640935,22.048077379368447,21.866126526567843
3454,77019,79.53889043669476,2026-05-25,16.196700736378215,29.578917866297317,25.292708416841695,21.006461667870884,22.537232967451637
3455,77019,72.6987014139291,2026-06-01,4.19307846720416,31.62700109126765,26.877219607406932,22.127375307521334,23.01833124028359
3456,77019,79.7055747984008,2026-06-08,12.30911798476023,31.05397907262894,27.645460297593676,24.23692595903001,24.80013325468828
3457,77019,74.73180588497466,2026-06-15,3.902181375976102,33.09697360992455,29.6295418627579,26.16209507575761,25.974977530639016
3458,77019,84.25053369885434,2026-06-22,15.399629054391625,31.33125439017383,27.990301148489195,24.649199987029387,25.781519634478066
3459,77019,69.43046493187354,2026-06-29,0.0,34.35041543646496,30.325569347964848,26.300695656813065,25.80905170026734
3468,77098,63.589417093531246,2026-01-05,0.0,22.869855902200747,16.740945919894212,10.612060086943215,12.573320146717379
3469,77098,74.47099138015781,2026-01-12,1.10740230833524,23.45146762726113,18.749684833608757,14.047967703246554,15.868554711015866
3470,77098,44.39320929287512,2026-01-19,0.039057076814284,16.66132415003645,11.46094457944655,6.260504708229192,5.86138277950775
3471,77098,80.87352613675256,2026-01-26,8.04833001954433,15.714966505821748,12.050274797671918,8.385683013552985,10.084271973626748
3472,77098,58.49197080852562,2026-02-02,0.0,11.91616486709823,6.178928624493834,0.441661732868359,2.488340568570747
3473,77098,62.94247144609387,2026-02-09,1.046692086903798,22.172731201766908,15.71493443782127,9.256943278288418,11.474072875202278
3474,77098,77.96352055805151,2026-02-16,4.474590669514234,24.76260993424136,19.784906993724864,14.807193276800682,17.06784872338282
3475,77098,67.26733559044659,2026-02-23,0.0,24.550942719994627,19.673090596431592,14.79517209358782,15.802485377431399
3476,77098,62.19529008655773,2026-03-02,0.0,25.042614556909616,19.407360516831883,13.772146305392832,14.842043848055512
3477,77098,76.11804357719096,2026-03-09,11.53403431550123,27.47042077516799,23.918317961097994,20.366120957405585,20.740259329796217
3478,77098,65.36939135981486,2026-03-16,2.32842884339481,26.53318209403378,20.475258486284094,14.417425556451644,16.20861266672899
3479,77098,53.966017844578495,2026-03-23,0.0,23.93649445477914,17.89719127613226,11.857883014921567,12.672894191791961
3480,77098,64.17009905108372,2026-03-30,0.0,28.248160960133163,23.0506254830959,17.853138880552674,18.34807891349719
3481,77098,71.222111286334,2026-04-06,2.906510184709599,27.107010796571824,23.543037923960807,19.979164027028233,19.76897042016276
3482,77098,67.58981445023717,2026-04-13,2.482631791713892,25.884202780185714,21.962355312863103,18.040406703240546,17.847321496840493
3483,77098,71.18308077387688,2026-04-20,5.279088063252267,28.06732286092771,23.258061510815157,18.448697436263547,19.51191539866804
3484,77098,77.79356885646862,2026-04-27,4.145631045658432,27.097968812890137,23.74028675936713,20.3826904993989,20.792524691646484
3485,77098,69.4260736792039,2026-05-04,14.235784546978689,27.8610454617691,23.27179903332597,18.682580789910958,19.221582489585224
3486,77098,78.59104614592825,2026-05-11,1.691131203548982,28.880661024219204,24.469847226406497,20.058972177234946,21.59399013786562
3487,77098,67.4186630938919,2026-05-18,0.042968413134352,30.64348179653479,26.342258167972474,22.041001578448693,21.790357927019844
3488,77098,79.78310093742735,2026-05-25,17.16497136206099,29.464130252919222,25.217510413442184,20.970819162228125,22.49965792349768
3489,77098,72.81134339088581,2026-06-01,4.378933769060667,31.47373354235139,26.777210295911846,22.080634387381988,22.939059876600563
3490,77098,80.14604168984657,2026-06-08,10.535717397417878,30.963602161578002,27.573527881114476,24.18338291780693,24.794249935408242
3491,77098,75.04581027523912,2026-06-15,3.899540795403167,32.96575856520588,29.53318151464092,26.100712803680548,25.931066697406028
3492,77098,84.72959175259274,2026-06-22,13.442679816012678,31.237030738620984,27.92376677832533,24.610413753733273,25.786553982284325
3493,77098,69.86833739759324,2026-06-29,0.0,34.18871925675013,30.182482681148745,26.176109559051046,25.744778750455456
3502,77520,68.28101950580779,2026-01-05,0.0,22.08446915996348,16.362821563851178,10.641210493769467,12.741325116980029
3503,77520,78.15020556510993,2026-01-12,0.575256707027725,22.75449733811009,18.35894976107469,13.963388108606468,15.924130687727194
3504,77520,49.316806926769885,2026-01-19,0.0,16.44935797034606,11.129167889123,5.80900112471778,6.071667590683993
3505,77520,85.3149459045732,2026-01-26,9.84957139183089,15.068312985971605,11.468277873884873,7.868213250402905,9.98145945457928
3506,77520,65.37490631484303,2026-02-02,0.236499136623203,10.693497485548146,5.325465255623394,-0.042615947403165,2.277890604147235
3507,77520,69.66763616908744,2026-02-09,2.44285431089332,20.26987641737833,14.61021018354657,8.950501519675822,11.193405768651
3508,77520,84.33172023710955,2026-02-16,5.55821207368527,22.81002394341499,18.47273205364147,14.135357775162973,16.58719056543005
3509,77520,73.53212828110162,2026-02-23,0.0,22.91624558222765,18.64568186187566,14.375104014288521,15.598375330064131
3510,77520,69.06615109558543,2026-03-02,0.0,23.074290546342194,18.244025372707355,13.413734760035185,14.62136421939327
3511,77520,86.5543930906898,2026-03-09,9.35952783305402,24.727916884050785,22.32884640931617,19.9297282499653,20.610977656499536
3512,77520,72.6246764698179,2026-03-16,2.185934123434432,24.46153323228063,19.638155943605263,14.814747015521114,16.3523174227251
3513,77520,60.9023215723984,2026-03-23,0.0,21.602165684175183,16.897378828427357,12.192587043962364,12.6160844095198
3514,77520,72.93004232970607,2026-03-30,0.025724211952084,25.610523111706563,21.682040666725264,17.753486166740796,18.239490579708303
3515,77520,78.43353755112733,2026-04-06,3.138390472920299,25.408874832568113,22.76702472813873,20.125141178870997,20.004843987821552
3516,77520,71.96077638421238,2026-04-13,0.324334144477151,24.69279363219485,21.446641445075983,18.200436853234983,17.951225076824826
3517,77520,76.58234391724594,2026-04-20,7.309108979335583,26.205505397052796,22.59328333501201,18.98100205741673,19.598973575200432
3518,77520,83.08747065917146,2026-04-27,2.842007003033467,25.44422012747392,23.041915761288422,20.63955327746847,20.866215401888535
3519,77520,74.81008682985947,2026-05-04,12.553698698281654,26.36727409132985,22.631962794021728,18.896557163255547,19.376187399283843
3520,77520,84.87542245462652,2026-05-11,2.093695442159668,27.215747343292456,23.531313500749647,19.84682962345152,21.549797963340733
3521,77520,73.20018564766977,2026-05-18,0.045118240074111,28.74517480716046,25.473987567088272,22.20278587625387,21.81764788012712
3522,77520,84.7296940330761,2026-05-25,14.629546863813076,27.83762888716287,24.5419314514932,21.246155131072364,22.52832181107427
3523,77520,77.9020841803738,2026-06-01,4.19286633705089,29.82364920074482,26.072722071087853,22.32174797998028,23.027407424356454
3524,77520,83.06628621270335,2026-06-08,13.667536790336957,29.74145898610269,26.96395989957768,24.18642434989721,24.640067853437657
3525,77520,78.21111888625634,2026-06-15,0.664158612034444,31.062815859760853,28.965120074655715,26.86739786567354,25.86903378933321
3526,77520,87.67545696842717,2026-06-22,28.320781220218556,30.02593425158147,27.28478147078234,24.54358109022419,25.597387284951722
3527,77520,73.51954730644903,2026-06-29,0.0,32.43431135266294,29.54908643129332,26.66384332572138,25.713182098318136
3536,77070,66.53397881707146,2026-01-05,0.0,23.325630003190668,15.619393378812651,7.913157251155726,11.843681987907596
3537,77070,74.66392442487997,2026-01-12,3.834560362095222,24.010964642076416,18.423598822229696,12.836114782052837,15.525922577643152
3538,77070,49.59664635920949,2026-01-19,0.452021059682286,16.916705895415568,10.564608768264545,4.212517642862753,5.605753329944593
3539,77070,81.72539776302202,2026-01-26,6.765945284291516,15.634529766110589,11.23543564030736,6.836319840608374,9.39245453116023
3540,77070,58.93465584422916,2026-02-02,0.0,12.038198781846788,5.502982281915815,-1.032217261868861,1.896851602718981
3541,77070,63.977962294642836,2026-02-09,4.167171644388898,23.2596687054622,15.216967754126548,7.174218172154762,11.117160336961392
3542,77070,75.86967554464856,2026-02-16,4.199108166136715,25.428647090199547,19.485290201176326,13.541872417389783,16.518321047722054
3543,77070,66.70326327541137,2026-02-23,0.0,25.224008847362743,19.301315117062394,13.37858964038387,15.380902552229438
3544,77070,61.73130003424292,2026-03-02,0.0,26.197231754604037,18.996344437295207,11.79545397052887,14.393042897670602
3545,77070,74.20481438922056,2026-03-09,3.913607643367689,28.262343760006882,24.15102017171334,20.039607008813288,20.67283547385993
3546,77070,66.84485790045683,2026-03-16,4.508925190666393,27.30439853735682,20.032334841246993,12.760205994183512,15.987763647418042
3547,77070,55.027645442544625,2026-03-23,0.0,24.85524790735868,17.437607648203247,10.019977232961656,12.394080710560512
3548,77070,64.49476720417235,2026-03-30,0.0,29.028930402409657,22.800907206345094,16.57278638139686,18.160835815853147
3549,77070,70.5708690010011,2026-04-06,4.912364774056555,27.753918536020702,23.58303707983457,19.41215595636345,19.71266293449638
3550,77070,69.47925873551063,2026-04-13,21.673107356320394,26.66357086056411,21.51008188101259,16.356522054215237,17.66600023537969
3551,77070,71.23484309534463,2026-04-20,2.491386069608505,28.555696934799098,23.46034412266424,18.365042697126622,19.695400903108723
3552,77070,76.9911216198427,2026-04-27,4.768904899462889,27.645417986721235,23.997557170551,20.349689290306017,20.911124661774114
3553,77070,72.59049716545303,2026-05-04,15.38385156064691,28.017213660806235,22.907903872121466,17.79859792684671,19.277990983316993
3554,77070,77.25717833150668,2026-05-11,3.434279293375712,29.447373956134477,24.38500148672393,19.322609483614517,21.350749918430097
3555,77070,67.13997604545042,2026-05-18,0.013953666296805,31.533340218743213,26.392459990633306,21.251569005765706,21.810842349099357
3556,77070,77.05172807318372,2026-05-25,11.818048256037274,30.473738500884842,25.59904477430796,20.72434577212726,22.480828268783632
3557,77070,73.92001315009009,2026-06-01,4.042072934738862,31.78214032053427,26.54336080020271,21.304671391168124,22.88546626175145
3558,77070,78.49478748497245,2026-06-08,22.071974364845122,31.702458467474433,27.700335577189108,23.698170918296103,24.682861857945557
3559,77070,73.43732694232571,2026-06-15,3.567971406480374,34.03496136655744,29.78858913467782,25.542221372534495,25.928954437606052
3560,77070,81.85250073061027,2026-06-22,11.88797981010615,31.962871524577288,28.208557461380927,24.454306444641627,25.648532903806316
3561,77070,68.49332688233402,2026-06-29,0.0,35.21462792583538,30.459444925439783,25.704306317581203,25.78546872097871
3570,77053,67.52592585638334,2026-01-05,0.0,23.444412943115836,16.279106820921232,9.11380705019106,12.572167458724081
3571,77053,75.99591909492426,2026-01-12,1.0511625091642,23.710189516940154,18.604733622390697,13.499158675811895,15.906316511174792
3572,77053,49.12102992818141,2026-01-19,0.063365386380511,16.90379688930197,11.005360517017852,5.10685704761161,5.946984621272677
3573,77053,83.01322247609934,2026-01-26,6.861048622703848,15.866494006643286,11.899175453584903,7.931781586457948,10.159083727448895
3574,77053,60.804277433742634,2026-02-02,0.0,12.360731654444105,6.172611339027521,-0.015479528104033,2.668370289026949
3575,77053,66.47421507867736,2026-02-09,4.490957273815646,22.454439083401326,15.276911239501166,8.099288902842465,11.476458830713838
3576,77053,80.40050341067152,2026-02-16,3.528702960725435,24.927272267213155,19.414457865104836,13.901715280504979,17.012070341068835
3577,77053,69.68158049082624,2026-02-23,0.0,24.69358090067799,19.42664724266805,14.159687814185267,15.849259346113222
3578,77053,67.62133026572113,2026-03-02,0.0,24.894010076000598,18.581949726841138,12.269917441279672,14.765671208586543
3579,77053,79.32898976255402,2026-03-09,5.26135832442983,27.07232993190097,23.54626606369418,20.020176122078812,20.8185148673749
3580,77053,68.63151539091325,2026-03-16,1.653743381979147,26.13806066575929,19.90681032321897,13.675445632545806,16.107366563381813
3581,77053,57.136120228657774,2026-03-23,0.0,23.529655382671613,17.054774670564193,10.579863033510037,12.331550733671811
3582,77053,67.84601192019974,2026-03-30,0.0,28.024025282409607,22.33452234518345,16.644992841380812,18.18638890738565
3583,77053,75.412531253828,2026-04-06,3.013448553547905,26.89490740710292,23.12178464576698,19.34857482133993,19.940575002757345
3584,77053,72.67681168434262,2026-04-13,3.3785734016889,25.3940607755534,21.3555371790816,17.316930458506476,17.959722868809937
3585,77053,75.98225367578047,2026-04-20,4.861055584978274,27.65778841486088,22.727293687762756,17.79668938775158,19.656789635297304
3586,77053,83.46178384732384,2026-04-27,4.371098798097254,26.45768971790848,23.142932249430068,19.82805224099335,20.975558472018562
3587,77053,73.64858829161876,2026-05-04,12.089364810164094,27.55205347721384,22.84674549604984,18.141468985375028,19.42135340252338
3588,77053,81.31881946619212,2026-05-11,0.286373737785353,28.34708428220273,24.084967300679974,19.822667706592814,21.597969070967647
3589,77053,71.13546989185713,2026-05-18,0.00262645249457,30.141964878039992,25.662403044271862,21.182842571040077,21.711164063638176
3590,77053,82.07990691310671,2026-05-25,17.082393031680816,29.159225759067194,24.903880019804475,20.648538811633664,22.51594022246568
3591,77053,77.01175269562029,2026-06-01,4.655233074217472,30.75312173284493,25.994568071048832,21.235877907095293,22.81463980830538
3592,77053,80.76943012818325,2026-06-08,8.622294009391016,30.757732267063844,27.40849462093101,24.05917386570214,24.74187538077949
3593,77053,77.89336484158011,2026-06-15,3.975986107623342,32.4072613228181,28.910658885721112,25.414046827182002,25.769092840326163
3594,77053,85.20948803510188,2026-06-22,13.27920581750931,30.98600611358257,27.743590293979842,24.50114912455944,25.684297314558364
3595,77053,73.46584028289047,2026-06-29,0.0,33.62856695915685,29.389102239778286,25.1496209577736,25.55800341325684
3604,77396,69.2901671479236,2026-01-05,0.0,22.824424697201714,15.540375723321159,8.256253926048702,12.070445844718874
3605,77396,75.98771468589875,2026-01-12,3.41395428096978,23.564254264467102,18.485357817700315,13.406370616408093,15.76298847714023
3606,77396,51.15390867819519,2026-01-19,0.296987910548741,16.53942539722592,10.405782781116109,4.272085801294004,5.617470440124952
3607,77396,83.95298638742162,2026-01-26,6.99933749582635,15.192290032067072,11.074738219718016,6.957114686071586,9.474044376026951
3608,77396,62.05973735619114,2026-02-02,0.0,11.79238447601412,5.383040563959128,-1.026315713465087,2.0522689014492
3609,77396,67.67374167690322,2026-02-09,2.866916307287978,22.276767566617835,14.791540958151355,7.306267680771834,11.141339004067436
3610,77396,79.45393813745547,2026-02-16,4.365848480174342,24.7128146429305,19.14336845019098,13.573961572775977,16.635797592363254
3611,77396,69.48808023266685,2026-02-23,0.0,24.60120585376592,19.219401479096632,13.837594029685594,15.641705445000362
3612,77396,65.90897518044683,2026-03-02,0.0,25.135009241041907,18.478368351050673,11.821687294672136,14.449384486517111
3613,77396,79.65936092602256,2026-03-09,11.853613037276151,26.95841355132906,23.412581820944887,19.866742305084998,20.737657880060983
3614,77396,69.42018250413014,2026-03-16,3.147973403666545,26.35057564946469,19.86189578023108,13.373205218918146,16.155503141362004
3615,77396,57.40338355154609,2026-03-23,0.0,23.829550607259947,17.08975344832009,10.349925155418473,12.374028775205232
3616,77396,68.08491665741765,2026-03-30,0.0,27.923502902341983,22.232699192404908,16.541893851159184,18.12466338316158
3617,77396,75.39178821284011,2026-04-06,5.172754072609985,26.58888168071464,22.841787147533505,19.094674791153942,19.67130186084307
3618,77396,70.69796791093542,2026-04-13,11.241147076245577,25.628908153201174,21.284891326568395,16.94082895459265,17.627774558954364
3619,77396,75.17103810410714,2026-04-20,4.355886705670103,27.370278726068317,22.62605117648642,17.881757080059568,19.4492375843206
3620,77396,80.60866441613626,2026-04-27,3.560088342687085,26.54454243145589,23.257997653118345,19.971387297554912,20.723359222020523
3621,77396,73.78440986092258,2026-05-04,13.199053577855889,27.388904570056635,22.64730300233929,17.905598271411122,19.22893056942916
3622,77396,80.61177234300223,2026-05-11,3.222751154954921,28.437357768028996,23.905704883227028,19.37406010568423,21.340040043259734
3623,77396,70.1898658591618,2026-05-18,0.056640531778695,30.20357091036129,25.778941432756042,21.354277700630075,21.677962378122782
3624,77396,81.40647055825313,2026-05-25,13.833369333055282,29.06652659849841,24.85758174683351,20.64859805630888,22.37648860667309
3625,77396,75.77248472071224,2026-06-01,3.138439447076924,30.943663249749363,26.24894878553962,21.554142230236177,22.881482661810136
3626,77396,81.6687848864624,2026-06-08,12.431518867199541,30.390533763024298,27.04392097099213,23.697271825108988,24.509420229340694
3627,77396,76.96505861232515,2026-06-15,2.970241529054373,32.624527826344504,29.016800739595926,25.40908086645019,25.731786490568506
3628,77396,85.01624062555291,2026-06-22,21.255105791034758,30.897688009886078,27.603671038147812,24.309660191174604,25.522193494524526
3629,77396,70.4029002048917,2026-06-29,0.0,34.24103509991645,29.96632997055605,25.691577795593986,25.625647245784794
3638,77449,66.93645776046903,2026-01-05,0.0,23.368896680074357,15.653292808718039,7.937619311217215,11.926447701420827
3639,77449,75.60409786697434,2026-01-12,3.176491076886002,23.853792468398613,18.332969450278824,12.812064952533119,15.571035150505988
3640,77449,50.508666160878946,2026-01-19,0.459475158926862,16.80057983322222,10.448700942220016,4.096818489133169,5.594427953139713
3641,77449,81.61940042148044,2026-01-26,6.839896083176553,16.00451657168487,11.573377657042071,7.142229887528734,9.703086222345712
3642,77449,61.45446595350983,2026-02-02,0.0,11.902036667447279,5.406280498727586,-1.089465551147278,2.008142210968685
3643,77449,66.36502024928394,2026-02-09,2.723496956396177,22.876032429184118,14.916082863186052,6.95601918119436,11.122039636670191
3644,77449,79.25251862863176,2026-02-16,5.040251930972505,24.98626251263813,19.25092978382558,13.515551327899132,16.709077527078268
3645,77449,69.87725460330098,2026-02-23,0.0,24.742370629631758,18.937318902162783,13.132213714084099,15.441771811668753
3646,77449,65.13173059828473,2026-03-02,0.0,25.674318732958913,18.75181735414653,11.829293859234738,14.597122640510703
3647,77449,76.10032216761212,2026-03-09,0.541254802533575,28.08475679765995,23.953676545606363,19.822565533827632,20.752166594236403
3648,77449,68.38739546073326,2026-03-16,5.17359788674102,26.812925934861862,19.8920788468517,12.971191326407347,16.062125416965106
3649,77449,57.03914783463187,2026-03-23,0.0,24.100225043231273,17.091483381563286,10.082696132336046,12.339476688141785
3650,77449,66.41308836455562,2026-03-30,0.0,28.549896812949655,22.60430920651141,16.65868063704872,18.241770565508673
3651,77449,71.58403897535436,2026-04-06,2.702504249898119,27.708145930116146,23.55057840713913,19.392993239871192,19.822020474675814
3652,77449,70.49426899434592,2026-04-13,9.32594121019481,26.631355507786996,21.4527256463131,16.274026741812662,17.765244642122724
3653,77449,72.05414509191216,2026-04-20,1.565243158718906,28.724110006630127,23.3986505561808,18.073163286103462,19.764615499324332
3654,77449,80.02885305352982,2026-04-27,7.704180638744033,27.42691559474439,23.681355602604256,19.935709708646726,21.023289774672993
3655,77449,74.17373304054817,2026-05-04,12.71940538044542,27.836798380722097,22.800673259705377,17.76455753411916,19.41018167771538
3656,77449,79.12225025312766,2026-05-11,1.182091077097861,29.134907414245745,24.313477760754903,19.49195255545441,21.53216471218579
3657,77449,69.20890453836707,2026-05-18,0.004042954061185,31.09851261324331,26.141589255172104,21.184651489813405,21.881615681369045
3658,77449,78.94004063629806,2026-05-25,11.381713450928046,30.273665878945177,25.49375703605429,20.713851301096252,22.642869977598377
3659,77449,75.43123825505269,2026-06-01,4.29206843812354,31.5324399153694,26.39620884983721,21.259940575774316,22.971771977073313
3660,77449,78.87815297831779,2026-06-08,12.076198494293354,31.7923632124563,27.87733060458021,23.962246651356022,24.913601357318367
3661,77449,75.29394330739427,2026-06-15,3.145603326826347,33.72761688790847,29.596281131064256,25.464894871921633,26.030278221336975
3662,77449,82.79269972312453,2026-06-22,11.33861656342599,31.86513599928708,28.21173105602817,24.558304648738396,25.787049205258146
3663,77449,71.48393536469264,2026-06-29,0.0,34.4874197131805,29.93349553189743,25.379538259421278,25.764610731803085
3672,77055,66.26282011451924,2026-01-05,0.0,23.15489154255842,16.275625010023063,9.3963337803556,12.436182200897958
3673,77055,74.89422202418183,2026-01-12,2.111961246416213,23.7312262980399,18.706609251607674,13.681951858167157,15.852312058933073
3674,77055,48.47429235871484,2026-01-19,0.230734273147994,16.614451910856154,10.985591850339816,5.356636204456811,5.860000631641126
3675,77055,81.63278130372835,2026-01-26,6.602338476479998,15.745063093750591,11.847353736201494,7.949619879441221,9.966097963706947
3676,77055,60.48554935240824,2026-02-02,0.0,12.031106120836132,5.949513144326639,-0.132053273931126,2.437483277990745
3677,77055,64.98054213020654,2026-02-09,2.049821977418218,22.632629620082685,15.45327307636294,8.27388591671574,11.458812305134384
3678,77055,78.50374633275501,2026-02-16,3.976398905631089,24.954097279083026,19.610247178195802,14.266425100765979,16.964244934737316
3679,77055,68.06451275109487,2026-02-23,0.0,24.8791440385003,19.625320844829655,14.371444513412573,15.849948114964159
3680,77055,64.20372786410735,2026-03-02,0.0,25.369575647490453,19.141969259239147,12.914327154736945,14.847716855997795
3681,77055,77.35219990907709,2026-03-09,9.674870964573634,27.633605594546495,23.97476031000273,20.31595558954275,20.95583364793959
3682,77055,67.32517155489677,2026-03-16,4.042254115267763,26.759345340624126,20.35980147691499,13.96024816811023,16.353220619680943
3683,77055,55.45286038977144,2026-03-23,0.0,24.051927334098583,17.709019008567797,11.36602977396145,12.692721053136724
3684,77055,65.81473555852493,2026-03-30,0.0,28.426129978979642,22.907553815027654,17.388994765587256,18.441683384588927
3685,77055,72.4795156685452,2026-04-06,3.990537239500193,27.07185704703961,23.555056129329056,20.03824811679042,19.95082740919386
3686,77055,70.09342275210506,2026-04-13,5.856847084400261,25.726953419598676,21.640494202546176,17.55405145234219,17.880274956886996
3687,77055,72.70585556230199,2026-04-20,7.183881981478255,27.97633776519639,23.271045968874553,18.5657697944811,19.72460296249939
3688,77055,79.4245076084221,2026-04-27,5.578022037139251,26.944505290585088,23.723955942675005,20.50338808888055,20.991948037857583
3689,77055,72.09334050938527,2026-05-04,11.98608078784148,27.803407636509693,23.080459027571706,18.35752742377854,19.403200013750613
3690,77055,78.76442894155197,2026-05-11,2.463190344518862,28.940879461917543,24.480977080715842,20.02113262913937,21.638328170645842
3691,77055,68.63567494448422,2026-05-18,0.099406771104979,30.741982887820264,26.262858828678645,21.783689384459635,21.903460181767528
3692,77055,80.32551056359677,2026-05-25,18.249020032217828,29.61264282915854,25.20441712820363,20.796171607017776,22.557415077617613
3693,77055,74.33645201867179,2026-06-01,4.811127042081851,31.46448109525129,26.611600746858006,21.758701041968255,23.007622854439813
3694,77055,79.50711271537442,2026-06-08,10.192035183316666,31.182597889501565,27.668878911648846,24.155145203146443,24.79415479871325
3695,77055,75.13186976406854,2026-06-15,8.168917395695718,33.17162022113076,29.532833116713782,25.894008011478544,25.94445947347644
3696,77055,83.64698428776056,2026-06-22,19.373929945209024,31.401041453891477,28.046871847171033,24.69258678015933,25.748453269408582
3697,77055,70.16261048546298,2026-06-29,0.0,34.23306706501469,30.147234974609653,26.061389220041107,25.758235114683156
3706,77080,67.15990103229643,2026-01-05,0.0,22.993910066252987,15.953563564337855,8.913170160386667,12.23509218457526
3707,77080,75.71151899891821,2026-01-12,2.433917973139093,23.60045132770248,18.49969684611988,13.398976184693591,15.752348975084116
3708,77080,49.71671148976671,2026-01-19,0.296182156980832,16.407096211437704,10.64867714312025,4.890225647274326,5.693770038655806
3709,77080,82.41110540546782,2026-01-26,6.957687743436754,15.673512259499313,11.624990320075963,7.57648086228027,9.83293317928958
3710,77080,61.32401937343082,2026-02-02,0.0,11.847992081672757,5.681146957435275,-0.485740579756803,2.259262419163983
3711,77080,65.8211055252969,2026-02-09,1.901375709382888,22.529210986295052,15.25339586702188,7.977572353624931,11.372470726281858
3712,77080,79.19126726431239,2026-02-16,3.986753601892552,24.816450821197087,19.43686324495641,14.057265823915925,16.88114306373793
3713,77080,68.98860796208675,2026-02-23,0.0,24.744992603712227,19.405318679386856,14.065646457680334,15.760956020699624
3714,77080,64.91534953732125,2026-03-02,0.0,25.26728505882207,18.90362129056995,12.53995605232699,14.715969521167661
3715,77080,77.35499712978151,2026-03-09,8.219164646169707,27.654348775612934,23.919763557032653,20.185072586992497,20.902562392595847
3716,77080,67.80391310406151,2026-03-16,4.178425881822466,26.727386991999246,20.201804812479374,13.676151274529433,16.26920042379198
3717,77080,55.99421830580071,2026-03-23,0.0,23.98940628671555,17.52796490671265,11.066449083130049,12.599524682691413
3718,77080,66.43716906469312,2026-03-30,0.0,28.333895864863965,22.716057801229184,17.098319161015546,18.350071571606577
3719,77080,72.84398486179353,2026-04-06,4.277821110243781,26.99901359371303,23.449164694189243,19.899374938035663,19.900339780356482
3720,77080,70.6120973068286,2026-04-13,6.303286776356927,25.728008487135043,21.496801593846467,17.26553681585296,17.815575366884772
3721,77080,73.04137615747013,2026-04-20,8.278250541204114,27.95296386157147,23.207630416138585,18.462187914716957,19.710456635544404
3722,77080,79.91987798569156,2026-04-27,5.727529426871305,26.89098002616755,23.633038955787498,20.37504661444946,20.97180982262511
3723,77080,72.66387119173451,2026-05-04,12.486307698054118,27.72959895934988,22.94548163324578,18.161323261277925,19.3537374434154
3724,77080,78.71526195878175,2026-05-11,1.809700311386262,28.879903553892582,24.389740056895754,19.89953814623668,21.546624991482794
3725,77080,68.81076959388987,2026-05-18,0.195216044903098,30.708821799373226,26.167577222523015,21.626324277410454,21.842651927754623
3726,77080,80.18110056964973,2026-05-25,18.068131624873175,29.621831487831027,25.159039200426488,20.696228265073902,22.493712670848524
3727,77080,74.67494611844073,2026-06-01,5.166486699803796,31.383338084753433,26.498273312665553,21.61319359135713,22.947481118480162
3728,77080,79.09121206488103,2026-06-08,9.974550676562762,31.346292250388704,27.738226091486837,24.130164862157663,24.8010842800006
3729,77080,75.07296950661731,2026-06-15,10.704950650936622,33.23899525912355,29.522836806302166,25.806637730990367,25.92601524180128
3730,77080,83.27240831608302,2026-06-22,17.9613433113606,31.46220467419894,28.079086113472364,24.696063555432318,25.724612955830217
3731,77080,70.27501963140895,2026-06-29,0.0,34.23866558670714,30.114888563337587,25.991047602611673,25.745821340711156
3740,77523,70.50552646137615,2026-01-05,0.0,21.291485930162658,16.317265153892105,11.342970089518513,12.958044310702867
3741,77523,80.28065155175312,2026-01-12,0.317056504819787,22.17102913887741,18.220751800940675,14.270525710389435,16.052271471865833
3742,77523,50.37487301938797,2026-01-19,0.0,15.989498238838802,11.360687549923199,6.731878088891589,6.365881077150588
3743,77523,86.64451400970852,2026-01-26,10.183935928716254,14.886050215130991,11.59219357033644,8.298428583355015,10.241935533299145
3744,77523,67.92910339257028,2026-02-02,0.263032955757171,10.0244500865053,5.267389729810557,0.510266174321432,2.434549049271267
3745,77523,73.38177026011326,2026-02-09,2.423512473197102,19.21099610391839,14.180943036717233,9.150991603076825,11.209696534053561
3746,77523,87.61013264447884,2026-02-16,4.532537895464115,21.841293707683825,18.10227194519751,14.36323854115495,16.623089173993
3747,77523,75.95221397455784,2026-02-23,0.0,22.275519028645835,18.445886030211376,14.61615073197634,15.694489646672558
3748,77523,71.44975622697407,2026-03-02,0.0,22.207240978340597,18.086913977205413,13.966429232236976,14.759413890159053
3749,77523,89.49269360131049,2026-03-09,11.447046921537623,24.046314276797816,22.050367979224298,20.05435835167581,20.721106514380942
3750,77523,74.8162652136941,2026-03-16,1.628939404220192,23.867014263143265,19.47998953489647,15.092965392291688,16.474135878165363
3751,77523,62.68952342000362,2026-03-23,0.0,20.93295196977087,16.77948134129864,12.625927539815814,12.725841230605804
3752,77523,74.76802300334478,2026-03-30,0.0,24.98789467096043,21.586956365308602,18.186059017225695,18.38846765679974
3753,77523,79.90804564866218,2026-04-06,2.551389372311365,24.975542585205282,22.7489068673691,20.522360468416487,20.182930785927866
3754,77523,73.32412873257009,2026-04-13,0.19838694811798,24.22562668945837,21.486623012077004,18.74755222530072,18.163578824828647
3755,77523,78.15504237110719,2026-04-20,7.393612043662785,25.645745802955524,22.542116240361864,19.438540527233325,19.757756981667676
3756,77523,84.68951679158113,2026-04-27,2.272719806785359,25.0320523444079,23.000229528289644,20.968463834874882,21.040320943560303
3757,77523,76.24869335324823,2026-05-04,13.563220630765413,25.96354252573528,22.592083552454923,19.220727713897915,19.534882578536195
3758,77523,87.32586219209217,2026-05-11,1.458768085623988,26.599541854123746,23.392083093025434,20.18463345009389,21.74398765955409
3759,77523,75.00770456679334,2026-05-18,0.000263706569179,28.23015786492269,25.350407890686306,22.470602457859503,21.959214461721313
3760,77523,86.73005925604724,2026-05-25,17.54561076938512,27.401594844514143,24.428363341913688,21.45499680031531,22.689378588732346
3761,77523,79.50674657369646,2026-06-01,4.309469425431937,29.322186700217365,25.9816471686402,22.64107894164008,23.171179979515642
3762,77523,84.17742080547092,2026-06-08,13.84580472504503,29.34604365972042,26.934195971936987,24.52223344525796,24.77037192392889
3763,77523,79.15514966813906,2026-06-15,0.580352697352171,30.582281904959782,28.923743885248797,27.265187716312035,25.970292434453395
3764,77523,89.15929662270469,2026-06-22,31.009056911259727,29.562436477234634,27.175137277510515,24.78780393020986,25.700906253809816
3765,77523,74.85540822764722,2026-06-29,0.0,31.809200111568174,29.42872396364652,27.04824032152689,25.80416412622339
3774,77379,67.65253634018808,2026-01-05,0.0,22.836726265711633,15.136877886862134,7.437011332436666,11.515273340704447
3775,77379,75.26642094220668,2026-01-12,4.085066460263787,23.733947128833467,18.171981603763378,12.609951872129212,15.362178967736444
3776,77379,50.25820119390505,2026-01-19,0.471638710864923,16.6243176480646,10.21853596498403,3.812797442308794,5.367862634464911
3777,77379,83.4839039553834,2026-01-26,7.105937025279407,15.053779428118606,10.69833679476518,6.342814569671758,9.066000167133424
3778,77379,59.383360554159204,2026-02-02,0.0,11.734465861869117,5.022597232784834,-1.689234561571243,1.503193636168185
3779,77379,65.26893999322078,2026-02-09,3.067984933974698,22.890119980582394,14.718183628945667,6.546211951906219,10.80605165221171
3780,77379,76.61147148770957,2026-02-16,4.56993364027656,25.005812502647775,19.041093606153428,13.076401539720136,16.187711392755467
3781,77379,67.12924846446091,2026-02-23,0.0,24.911129935909365,18.898616411852753,12.886111508734494,15.063895344763402
3782,77379,62.204298384777886,2026-03-02,0.0,25.852260170844517,18.509310514983788,11.166317454085057,14.010911095561553
3783,77379,74.30148444093959,2026-03-09,6.06536373655323,27.962426479591276,23.906111366471826,19.84978010205578,20.452129878763458
3784,77379,67.06707570925911,2026-03-16,3.885154984555162,27.00595139935487,19.688688723550726,12.371347023015986,15.69922274500777
3785,77379,55.66985610587665,2026-03-23,0.0,24.545508155679517,17.038499569121242,9.531430931695283,12.116524475698588
3786,77379,65.09792599924559,2026-03-30,0.0,28.69303650846695,22.381064238514163,16.069041785057415,17.859403261264177
3787,77379,71.39357991654069,2026-04-06,4.501823385350676,27.403651010683923,23.180226295402427,18.95674887664728,19.449059542301264
3788,77379,70.13685509389552,2026-04-13,11.849292577430324,26.29202044370105,21.131472548286222,15.970912144384414,17.414040153476698
3789,77379,72.50349035999443,2026-04-20,2.370089916517884,28.16945213111255,23.03706290860478,17.904617411543313,19.471101603572606
3790,77379,77.57086384587859,2026-04-27,4.466882730782177,27.338444494015008,23.70723562175301,20.076043902408152,20.713503491800484
3791,77379,73.28287668561529,2026-05-04,13.756373797409552,27.68251605263135,22.586204340847765,17.48988232772487,19.070700119158804
3792,77379,78.10138127193258,2026-05-11,2.595752052751829,29.135456015574405,24.021294115471,18.90711123648125,21.12205877760087
3793,77379,67.8823846821652,2026-05-18,0.043151500769897,31.10172199339585,26.017879194338256,20.934022094369247,21.573209327926975
3794,77379,77.64061532179478,2026-05-25,12.289491956924337,30.14216805615572,25.29779305500069,20.45337300055623,22.275229208620686
3795,77379,74.52699813990478,2026-06-01,3.825114821449168,31.492970413079153,26.250173527360175,21.0073291964037,22.697694277300045
3796,77379,79.14911610241127,2026-06-08,18.503991897631288,31.488749425473586,27.37210010058277,23.25541316025425,24.46338215260323
3797,77379,74.26295293973365,2026-06-15,1.621255091522385,33.79749081892774,29.417673711233,25.03780466971623,25.70449701851457
3798,77379,82.58155760612195,2026-06-22,15.141541987299352,31.772521776850603,27.88829436813267,24.004004150644157,25.448900493458215
3799,77379,68.78936733494139,2026-06-29,0.0,34.99158373844102,30.195697335063297,25.39982321888559,25.58672619987016
3808,77381,69.46292297160201,2026-01-05,0.0,22.52391484561373,14.54601953428384,6.568118081938725,11.168795080535098
3809,77381,76.85880216223794,2026-01-12,2.059237238241814,23.609931669246198,17.8306401660271,12.051318570899902,15.224618034241175
3810,77381,51.81554998632555,2026-01-19,0.425034864488741,16.555683578615692,9.758758793507868,2.961755893654882,5.11575467729941
3811,77381,84.90011874738958,2026-01-26,9.056620103876696,14.880209107006294,10.24507627942174,5.609869871405505,8.766254534623528
3812,77381,61.25617557686641,2026-02-02,0.0,11.659359927433051,4.505295000816857,-2.648803829020089,1.181597759239322
3813,77381,67.73244281218831,2026-02-09,3.353759718896323,22.58120625746465,13.947779983910916,5.314128003951847,10.369997158783708
3814,77381,77.86760613115085,2026-02-16,5.618288969004625,24.931896039764425,18.66465198528961,12.397224856316178,15.975072901162694
3815,77381,69.17540708052555,2026-02-23,0.0,24.699299615330055,18.243879035247993,11.788658235810274,14.719042927120045
3816,77381,63.780107498677154,2026-03-02,0.0,25.846009640152822,17.931843769987193,10.017575237361113,13.68155301691533
3817,77381,75.3744222727847,2026-03-09,4.038066468606893,27.92643419459246,23.605728700791218,19.28539832238056,20.303329415277116
3818,77381,68.70150080592441,2026-03-16,3.701796265041911,26.89800820547309,19.328408633414895,11.75878420820419,15.564877438181721
3819,77381,57.00990579731163,2026-03-23,0.0,24.560300421490208,16.589824803842678,8.619398500796615,11.877212260362285
3820,77381,66.48123371177687,2026-03-30,0.0,28.743697632791946,21.941909484148745,15.140029357054843,17.64680206243194
3821,77381,73.28266283257432,2026-04-06,5.086739092198641,27.225158958237998,22.72217636924326,18.219168549788105,19.259964336020154
3822,77381,70.83426836771568,2026-04-13,6.167060949452054,26.13019719353688,20.749528145944453,15.36875350953402,17.16118702172546
3823,77381,72.47384698821527,2026-04-20,1.951482833232272,28.313579773425918,22.926837355557062,17.540188214746728,19.364075812652437
3824,77381,78.06596054309918,2026-04-27,4.18902015070084,27.30077375104237,23.482217698263167,19.663567902818386,20.564902589838695
3825,77381,74.64148750673735,2026-05-04,12.825449415923696,27.450358767006364,22.20263304055476,16.954967728946137,18.87648562102516
3826,77381,79.42919718314786,2026-05-11,2.366763179387194,29.15608063874268,23.621940592265886,18.087574774236156,20.925586273946756
3827,77381,69.73134459227269,2026-05-18,0.093080012189922,31.014355878813237,25.5365547542771,20.05901102073258,21.39344423283091
3828,77381,78.61281875977619,2026-05-25,7.650206234351217,30.16945364774643,25.124657489441233,20.080007426782046,22.23869111646653
3829,77381,75.67756624131437,2026-06-01,3.687645831579705,31.457205592159738,26.006243154488267,20.555361163442853,22.624414313479797
3830,77381,79.73297073238187,2026-06-08,8.158700227853103,31.378923582988705,27.217156356453096,23.055187942446864,24.400006641681657
3831,77381,74.75836284159459,2026-06-15,0.880917885237655,33.943244951521606,29.233121661440414,24.522819665578535,25.60547999754073
3832,77381,83.24918966590283,2026-06-22,17.635321731447206,31.578394376140082,27.685218857586506,23.791823489948435,25.349668518296795
3833,77381,68.74495501175844,2026-06-29,0.0,35.07084119450997,30.042749999118215,25.014656545665467,25.43684559540404
3842,77380,69.02261661390122,2026-01-05,0.0,22.690665782228244,14.828346964981629,6.965982645594167,11.3821947835737
3843,77380,76.45633065862991,2026-01-12,2.767835934789294,23.651924615601626,17.998674618970096,12.34531935152588,15.340768806010454
3844,77380,51.19695165077668,2026-01-19,0.39496483207467,16.60141916859715,9.95677611067076,3.312116411989223,5.231034457986881
3845,77380,85.09135661199697,2026-01-26,7.256006248084408,14.80449281125736,10.377272622477603,5.949902988355563,8.915091793287072
3846,77380,61.16200646351393,2026-02-02,0.0,11.621128393268505,4.696569298836418,-2.227990363889391,1.34896088719864
3847,77380,67.73331455306734,2026-02-09,3.904374785413522,22.59712369635513,14.138624219731945,5.680006104710153,10.542656368803959
3848,77380,78.52872757366173,2026-02-16,5.418438595681126,24.860890238784492,18.68146186881498,12.502039448912576,16.073978901889188
3849,77380,69.25031934832148,2026-02-23,0.0,24.658075876363476,18.456716220866145,12.255376209572649,14.919314584237359
3850,77380,64.29377350095339,2026-03-02,0.0,25.6602934903554,18.00689129600304,10.353472665218181,13.814254056172565
3851,77380,76.67838963094931,2026-03-09,4.548406986562373,27.58832164592127,23.479764325960247,19.37124066298299,20.371591454626973
3852,77380,69.48482779751474,2026-03-16,3.214394530488581,26.663956817187888,19.268973378492397,11.874042217811068,15.609214993097746
3853,77380,57.75580144896547,2026-03-23,0.0,24.285760253485936,16.54726237453911,8.808858763723432,11.927323291935565
3854,77380,67.28018597815237,2026-03-30,0.0,28.50468729601046,21.914576666583017,15.324409534236045,17.725928556120287
3855,77380,74.11451281695177,2026-04-06,5.709915069079429,27.009086532365853,22.702250815405296,18.39536951572859,19.35729191427204
3856,77380,71.54881194846841,2026-04-13,6.674114849685942,26.003081537604235,20.762537296027066,15.521588431495388,17.26569744960849
3857,77380,74.20120224165028,2026-04-20,1.860866994217265,27.919584967209595,22.68119872272007,17.442846756892813,19.364821654605223
3858,77380,79.17604790213309,2026-04-27,4.341011230435258,27.100536356641655,23.390267960540104,19.680009366155975,20.62753094254952
3859,77380,74.96276552626367,2026-05-04,13.358047629317818,27.43147279830009,22.239557991752825,17.04766898423707,18.9558457763409
3860,77380,80.20790521531006,2026-05-11,2.680805583380488,28.883004103665403,23.603460626642352,18.32388926395204,21.008380729575297
3861,77380,70.13442615626202,2026-05-18,0.023930785916994,30.709769472719795,25.535802346403518,20.361683533218997,21.447774516282756
3862,77380,79.65061914666781,2026-05-25,7.162353048869532,29.867777398724773,24.978242321784094,20.088787054092368,22.2455752123647
3863,77380,76.17502406368627,2026-06-01,3.681071153787006,31.233725182582692,25.969294074745463,20.70485361185802,22.663077333816055
3864,77380,80.65962575979229,2026-06-08,11.964777268313886,31.143432032224627,27.037073997624287,22.930772628787217,24.36023785171498
3865,77380,75.6806068562462,2026-06-15,0.976644519766906,33.6125134896863,29.068521082729887,24.524398881116706,25.588571616727293
3866,77380,84.04442686360292,2026-06-22,27.324366651106832,31.513091675025475,27.573015577567467,23.63270897126122,25.35580681083486
3867,77380,69.35491684213751,2026-06-29,0.0,34.90155762152949,29.958415136735965,25.015499743068496,25.454299361219537
3876,77073,68.43273279463632,2026-01-05,0.0,22.853556358370586,15.418199521853085,7.982794344054292,11.860399744469115
3877,77073,75.83542288722718,2026-01-12,3.673638708642702,23.635127312407423,18.390092228156043,13.145008331219058,15.656131265073576
3878,77073,50.647976579563746,2026-01-19,0.357881671834052,16.501974209097853,10.375968519331963,4.249950052069063,5.544801115431031
3879,77073,84.02930239125239,2026-01-26,8.358712274801197,15.061133958209556,10.933302392379462,6.80538488069169,9.354215746571853
3880,77073,60.632521206777035,2026-02-02,0.0,11.840173581143942,5.368835198902046,-1.102488043880293,1.917140607205513
3881,77073,64.95235367849082,2026-02-09,3.761588486721514,22.621798217359068,15.179109809885475,7.736367143220611,11.190810468982846
3882,77073,77.14042075710647,2026-02-16,4.01838002398947,24.97912767121313,19.387868732168894,13.796584542720463,16.5867361739202
3883,77073,67.41163383869923,2026-02-23,0.0,24.792486545327147,19.400574045376533,14.008652113275263,15.5549108807804
3884,77073,63.522129599596795,2026-03-02,0.0,25.5091936511502,18.741781095319762,11.974327221127663,14.393898736851366
3885,77073,77.57012162496078,2026-03-09,9.462934074696268,27.452567387670182,23.71395432894653,19.975284466202787,20.733658902965562
3886,77073,68.88056830286675,2026-03-16,4.127806863990426,26.48658002370755,19.756748911474535,13.0268798398984,15.990435237380067
3887,77073,57.28530574387547,2026-03-23,0.0,23.92036004990252,17.01935408991566,10.118299697149473,12.301087186584681
3888,77073,67.72187334621448,2026-03-30,0.0,28.10947860043666,22.261236184947865,16.412951681515224,18.103723442508223
3889,77073,73.26123584633868,2026-04-06,4.653847761126828,26.966735343474365,23.17349793888979,19.38019646116598,19.69863984047638
3890,77073,70.55998931066645,2026-04-13,11.691214447725507,25.850675679982025,21.26046913715844,16.670217468245504,17.593216408180634
3891,77073,73.40845607665322,2026-04-20,2.325700398501084,27.746959422612445,23.046301519272617,18.345636989233984,19.60792297622538
3892,77073,78.50496408434734,2026-04-27,3.966571912932206,26.935840944604006,23.69428476386168,20.452666936753765,20.84936630485685
3893,77073,73.1259962228652,2026-05-04,15.251619548788552,27.527970476596774,22.81155114608241,18.09508101978221,19.2841837097133
3894,77073,79.22619765061424,2026-05-11,4.989939853368704,28.799162669515475,24.127808200686268,19.456458062631288,21.374173672289142
3895,77073,68.73720033368008,2026-05-18,0.052926466757358,30.526445088670144,26.082560857785946,21.63859435561622,21.75151474189884
3896,77073,79.28361392964332,2026-05-25,11.078438699031992,29.596240016836642,25.307088299591136,21.0179052083904,22.514966976250058
3897,77073,74.85512411257197,2026-06-01,3.49501577628423,31.169910113664184,26.456932975303108,21.74395150115299,22.944682412347138
3898,77073,80.37575088203491,2026-06-08,12.153065091579306,30.807931326948648,27.299988784275648,23.792031147733486,24.568069128455054
3899,77073,76.10972313977352,2026-06-15,4.219919810945599,32.986157661230216,29.165487724400563,25.344802716050594,25.744247537615845
3900,77073,83.99871759482787,2026-06-22,17.996284602950777,31.19298584013281,27.779153004708633,24.36525593215918,25.546391119945877
3901,77073,68.84797133267271,2026-06-29,0.0,34.46116765619465,30.199561736529027,25.937965349966976,25.599642463779677
3910,77081,65.0753267533841,2026-01-05,0.0,23.312196461451236,16.622578633898918,9.932889395567392,12.616157474209336
3911,77081,74.08021049535752,2026-01-12,0.893277216113207,23.829610874062894,18.919444778917036,14.009148291438827,15.968315136873247
3912,77081,46.46231542770291,2026-01-19,0.10342882540621,16.884310246500323,11.391144470147003,5.898003110524351,6.012114982034368
3913,77081,81.15533053483992,2026-01-26,7.345493110585012,15.884882783282357,12.095610869061499,8.306533658367092,10.159713795853374
3914,77081,59.05165614101204,2026-02-02,0.0,12.326542940411837,6.351898513126311,0.377232785594573,2.685356429413548
3915,77081,64.09476495736632,2026-02-09,1.069239555222629,22.549064357659297,15.65717342689701,8.765275841346472,11.546339412548058
3916,77081,78.01453362771625,2026-02-16,4.193287463473231,25.00474977931268,19.78841175322332,14.571982925946587,17.07701520312693
3917,77081,67.3015886364247,2026-02-23,0.0,24.916349009010567,19.83347042653578,14.750581922385608,15.941530850843277
3918,77081,64.08089448045446,2026-03-02,0.0,25.2711285249953,19.221909597326626,13.172616711738616,14.908269711021509
3919,77081,77.3685744213729,2026-03-09,7.911916238097329,27.490066998605762,23.90559419215884,20.32121519801041,20.896958335043383
3920,77081,67.03954135737078,2026-03-16,2.452114396431331,26.503873669479656,20.307707877720745,14.111564983890512,16.272222968185407
3921,77081,55.67842938397594,2026-03-23,0.0,23.86732896099672,17.57910235063172,11.290882304465763,12.606780702195351
3922,77081,65.86515114567426,2026-03-30,0.0,28.280825041337323,22.843307682071895,17.40570699775,18.389379650895076
3923,77081,72.57956199153381,2026-04-06,2.695778268350423,27.069849821215065,23.50920493609304,19.948500910080174,19.92385714962999
3924,77081,69.68734854036262,2026-04-13,4.370340207350436,25.69437274084804,21.767901743989334,17.841530753984106,17.943877373107952
3925,77081,72.5806037666066,2026-04-20,5.86353926217393,28.035001288165446,23.229227958032816,18.423396932615322,19.673069991349017
3926,77081,79.65558133260863,2026-04-27,5.621445809684474,26.911165622828207,23.661427928441686,20.41161566605709,20.966670141596296
3927,77081,71.04900804577758,2026-05-04,12.76199104900185,27.856543525757917,23.22256380807921,18.588505865032108,19.408548113631422
3928,77081,78.98772145514467,2026-05-11,1.160470561101684,28.876853736504916,24.48050660133866,20.084259729233658,21.66142236268821
3929,77081,68.57883285943332,2026-05-18,0.05198935362934,30.616547266229368,26.24477588909556,21.87300616954253,21.87770547294072
3930,77081,80.48036115161821,2026-05-25,20.0302133466435,29.43027482153249,25.174646380932067,20.918991125663634,22.55330424594372
3931,77081,74.54385526040598,2026-06-01,4.142495994236623,31.21276342020574,26.522914858237616,21.83307405575173,22.954605567273568
3932,77081,79.88899295141884,2026-06-08,8.54645983646521,30.974105520252174,27.605498799102676,24.23678259977127,24.791865963069952
3933,77081,75.83031646691445,2026-06-15,5.236165309108521,32.85658753719261,29.380966155087933,25.905234284775425,25.90549811216204
3934,77081,84.54894385630658,2026-06-22,13.57541333700225,31.220453877246158,27.907764963269248,24.59508490232997,25.745579890208283
3935,77081,70.90762063406181,2026-06-29,0.0,34.10290331340097,29.97223849392893,25.841495068284818,25.71113198524735
3944,77069,66.8333082738964,2026-01-05,0.0,23.23806504268462,15.547027598175383,7.855953738373069,11.811183811568544
3945,77069,74.94327121152097,2026-01-12,3.715057677436092,23.927238944963225,18.374837057866618,12.822412683417507,15.517673170906873
3946,77069,49.53000254636022,2026-01-19,0.423531997412906,16.86841409562081,10.527606215634382,4.186732796886251,5.572011033722392
3947,77069,83.14545685020195,2026-01-26,9.104113872859099,15.303338865919612,10.987540146527063,6.671701384863584,9.301539057843948
3948,77069,59.25481347317849,2026-02-02,0.0,12.059021049530296,5.4362300401689,-1.186512108122546,1.864172256945863
3949,77069,64.41520641349096,2026-02-09,5.376310130099069,23.154024340688274,15.148655103700069,7.143294457246818,11.095891740770263
3950,77069,76.3339292226117,2026-02-16,3.992884969297193,25.40839968680613,19.396217133973305,13.384003718764594,16.49205119924969
3951,77069,66.50703546197725,2026-02-23,0.0,25.270219566110306,19.35506971330568,13.439892914805611,15.406167747053205
3952,77069,62.053656633268595,2026-03-02,0.0,26.14250116661803,18.91337629903867,11.684251074116675,14.361737831772666
3953,77069,74.87092001139537,2026-03-09,5.334672406998797,28.212577540397312,24.053573807307636,19.894635381909165,20.67156893273991
3954,77069,67.16426481804686,2026-03-16,4.474930572653273,27.28687721356512,19.979309316059794,12.67179498533266,15.977055596264568
3955,77069,55.23728760689947,2026-03-23,0.0,24.791102124360314,17.371942526693076,9.952753843002432,12.362510147431944
3956,77069,64.94061074334599,2026-03-30,0.0,28.976405780447482,22.693206009577118,16.410029896320403,18.12497279625329
3957,77069,71.20177222704166,2026-04-06,5.318645702982326,27.70735619776881,23.497638466770454,19.28792857155075,19.716212769978462
3958,77069,70.05578584614021,2026-04-13,17.639534764022333,26.48374837792292,21.367908450728375,16.252058224744104,17.61434700128984
3959,77069,71.9911755192365,2026-04-20,2.490476523173458,28.43575129156552,23.307650814407147,18.179517392329707,19.65295313830963
3960,77069,77.52581700601444,2026-04-27,4.456442696887835,27.56189629110149,23.902382113083615,20.24285639304412,20.890421816088985
3961,77069,72.96791976283154,2026-05-04,15.770381696155049,28.010631274659715,22.820029613095098,17.629369837004884,19.243613614542113
3962,77069,77.74698566749868,2026-05-11,2.66364786927288,29.451259223772777,24.29263324739098,19.13399270986032,21.329173306579513
3963,77069,67.30997705368269,2026-05-18,0.052111058852866,31.498631092896094,26.34351254935764,21.18844226684388,21.788742546103347
3964,77069,77.54296911173351,2026-05-25,13.555077266328249,30.460331488404236,25.509143983083067,20.558085004635164,22.463465461989284
3965,77069,74.05484492519665,2026-06-01,3.940371179989469,31.798426209068538,26.515198507907897,21.231978207622294,22.876941102945583
3966,77069,78.8590625211868,2026-06-08,20.995782025302628,31.633497625090833,27.56124675418927,23.489030705179243,24.60156652713078
3967,77069,73.67558604661521,2026-06-15,2.193663791814362,34.019414502509804,29.67024138310948,25.321124146026847,25.85388472014635
3968,77069,82.127837753771,2026-06-22,13.358208172563147,31.944284613821804,28.103588231336683,24.262914869106208,25.588121013982185
3969,77069,68.2144303839473,2026-06-29,0.0,35.30806457059228,30.447355021826947,25.58658398929404,25.729665248689376
3978,77068,67.48025821803192,2026-01-05,0.0,23.017975403069062,15.474178639582545,7.930345614645262,11.813881251938202
3979,77068,75.199098485067,2026-01-12,3.772761550916893,23.769650390558077,18.38951880864834,13.009344393371421,15.56658081373155
3980,77068,49.704259990395535,2026-01-19,0.406169645933788,16.75005968634316,10.536870690561615,4.323605806037729,5.593621730323988
3981,77068,83.28263516227899,2026-01-26,9.882507553496161,15.188858510790526,10.985975665150013,6.782969724863107,9.320474256896599
3982,77068,59.622401083931976,2026-02-02,0.0,11.925871795084364,5.425496013960465,-1.074879426539475,1.887690812253392
3983,77068,64.80117799511491,2026-02-09,4.066142871497559,22.907003028333307,15.135917329912074,7.364746322405376,11.130315466609995
3984,77068,76.62010123972046,2026-02-16,3.849157642388906,25.130204145842846,19.374487410907403,13.61877703322624,16.50930613829671
3985,77068,66.98534314779366,2026-02-23,0.0,24.963735630746257,19.325982127881467,13.688198606480299,15.43478105845978
3986,77068,62.654449174116955,2026-03-02,0.0,25.8310358885328,18.82329256051029,11.815563288629619,14.353620268712259
3987,77068,75.20779343825609,2026-03-09,6.122568808056325,28.005322580255843,24.029241746894776,20.053112516037714,20.699132946387063
3988,77068,67.4829107442451,2026-03-16,4.441531338573031,27.062040161193632,19.92944874668468,12.796756562406548,15.97322148270377
3989,77068,55.73781011698784,2026-03-23,0.0,24.540685522271527,17.28060213863771,10.020528587648439,12.342818110219307
3990,77068,65.42748880552905,2026-03-30,0.0,28.723771641914542,22.59580785522901,16.467863260298596,18.102460921176757
3991,77068,71.71820884600803,2026-04-06,5.044312847690818,27.443157998575014,23.371873846180748,19.300662632496955,19.670584712053113
3992,77068,70.03462499589487,2026-04-13,13.940148923015514,26.29852654084321,21.304147059275014,16.30975975173056,17.55954622034709
3993,77068,72.16771732143913,2026-04-20,2.139993086557591,28.22188527412834,23.233297109201864,18.244655079963778,19.610935763730584
3994,77068,77.45254174664983,2026-04-27,4.134842711513967,27.392174660217997,23.870666952715663,20.349140383526393,20.857786650607885
3995,77068,72.63463262540802,2026-05-04,16.489210541910893,27.883495264255313,22.85314019337735,17.822825564975535,19.23860829041571
3996,77068,77.9343321279475,2026-05-11,2.059703571157451,29.26410065924191,24.23975571194001,19.215312624196248,21.306594240220342
3997,77068,67.48332497076449,2026-05-18,0.06471756558749,31.243970264417044,26.285761084175196,21.32749020573357,21.759959955974402
3998,77068,77.57527274782814,2026-05-25,13.813096831953631,30.23549623349517,25.493844898181067,20.75220468827556,22.454012656381853
3999,77068,74.06140010508341,2026-06-01,3.681601684846157,31.62044154976102,26.512432407080738,21.404318105770187,22.878615673452966
4000,77068,79.2133220773571,2026-06-08,17.0146493156264,31.480620865824683,27.476744553135422,23.47282295139185,24.57169305436553
4001,77068,74.49977275299135,2026-06-15,1.559733569792771,33.74228090587885,29.475586075664637,25.20886116306416,25.795371297843246
4002,77068,82.73298329335866,2026-06-22,14.70417454921288,31.795807930353654,27.975368240000712,24.154822808110005,25.554901082571753
4003,77068,68.63850552356841,2026-06-29,0.0,35.02520683510145,30.31285957619717,25.600490755033046,25.671862511920764
4012,77477,66.82483392763059,2026-01-05,0.0,23.854550633743678,16.18590140021263,8.516946711067808,12.405656104427793
4013,77477,75.71823784408743,2026-01-12,0.407225216799497,23.939563424924607,18.533937349677554,13.128290498534655,15.79906201361536
4014,77477,49.3015874675262,2026-01-19,0.146961041328176,17.21042613053311,10.86732102216523,4.524225298902954,5.845974009773886
4015,77477,81.71338289403755,2026-01-26,5.731413748495386,16.131828949279257,11.985601122791396,7.839587294325896,10.106949574781702
4016,77477,60.829625341266095,2026-02-02,0.0,12.551438202081812,5.957794070426116,-0.635960098875968,2.469122739349528
4017,77477,66.40363858857243,2026-02-09,4.104682056287756,22.96442605582601,15.21834083278864,7.472240321745477,11.412445076388181
4018,77477,79.81109153889332,2026-02-16,3.933640808078644,25.400083010693955,19.38663259647494,13.373141417114201,16.91263889046774
4019,77477,69.4861974792955,2026-02-23,0.0,25.063801839402597,19.374326416139773,13.68476297117321,15.782079877133732
4020,77477,67.3928478066209,2026-03-02,0.0,25.382260690003637,18.664344372753526,11.946489020720488,14.80198929292287
4021,77477,78.57285149946395,2026-03-09,4.248386570437384,27.61384053574333,23.74734908133815,19.88073880826291,20.9032710360164
4022,77477,68.53683524465654,2026-03-16,2.148550126403336,26.6055135657909,20.049830413992897,13.494013239720738,16.23071606727533
4023,77477,57.281566991144096,2026-03-23,0.0,24.077869078806362,17.196208756025495,10.314614286030151,12.466432962669284
4024,77477,67.49258076402458,2026-03-30,0.0,28.56933811380439,22.572759490620946,16.576182435628102,18.35818360575483
4025,77477,73.7961238534223,2026-04-06,2.017773124527461,27.30692123554745,23.361942877794505,19.4169883403493,19.94699834210264
4026,77477,72.18720865682788,2026-04-13,4.715061573951254,25.887074409339128,21.40703603738451,16.926759029201083,17.941132749354676
4027,77477,74.53589599203997,2026-04-20,6.129653494875937,28.149972540790767,23.006235287113427,17.86251187061523,19.730308248003524
4028,77477,82.10410246843682,2026-04-27,6.064799645592363,26.858232106175283,23.36323855203799,19.86818391355726,21.005650609658822
4029,77477,73.52994838253449,2026-05-04,11.948727629560727,27.90567490114405,22.9707472913214,18.035837355271056,19.512421956528378
4030,77477,80.8639527482478,2026-05-11,0.803472904568511,28.813746406314213,24.26153190196714,19.70925534035486,21.70193100659019
4031,77477,70.86384203207892,2026-05-18,0.062036319390128,30.637366289844262,25.90728263799583,21.17721397222263,21.900431921840905
4032,77477,81.7524942485934,2026-05-25,20.91467814230054,29.622083174177867,25.07747374034396,20.532735062396597,22.635934581262326
4033,77477,76.89202634109346,2026-06-01,5.778315353098628,31.153606192628313,26.146278446430838,21.138779779905104,22.941318735257184
4034,77477,80.322235167953,2026-06-08,8.761195682174515,31.20025540619572,27.599093877843504,23.997802939643908,24.856711895682146
4035,77477,77.17335838622446,2026-06-15,2.267771606647305,32.85993946043601,29.17512349518914,25.490443947237335,25.913358838196434
4036,77477,84.7615318485296,2026-06-22,13.884414935044129,31.341365863231303,27.919581204379256,24.49759847347979,25.78862718247008
4037,77477,73.39698752830925,2026-06-29,0.0,33.84500288343858,29.54942407314223,25.25383061841183,25.698842303618726
4046,77562,67.3217997321871,2026-01-05,0.0,22.62715896721457,16.250673255120496,9.874128040824926,12.529085052566213
4047,77562,76.89654278742115,2026-01-12,0.52685638209817,23.176042424777027,18.43823682568727,13.700422793997452,15.840411272004664
4048,77562,49.62214634379445,2026-01-19,0.009694043305662,16.638101609357246,10.774558845947997,4.910944561298007,5.793609373301098
4049,77562,84.26793380862952,2026-01-26,9.54246676851153,15.202172945852746,11.3404967121227,7.478764537177104,9.741889571611065
4050,77562,63.02517433279154,2026-02-02,0.634942986947792,11.319111576571279,5.391257852514105,-0.536573986139934,2.149982606140844
4051,77562,66.17370829648036,2026-02-09,2.177433305808859,21.160805846539088,14.893467881705908,8.626128559856365,11.070745589788777
4052,77562,80.05997536761663,2026-02-16,5.072796091092755,23.71870326257417,18.903422605152745,14.088111117552861,16.48485138982415
4053,77562,70.41099064207295,2026-02-23,0.0,23.5852536382214,18.924936277870085,14.264581559069118,15.48324245190022
4054,77562,66.23647056231775,2026-03-02,0.0,23.892562293323994,18.430807172140106,12.969004874804181,14.452376021649496
4055,77562,83.06328832806044,2026-03-09,10.46941645573757,25.39976371909024,22.668294256912926,19.936784900609332,20.483711915327
4056,77562,70.39705321237253,2026-03-16,2.810313660895318,24.986959149918,19.762256823235262,14.537504562111716,16.19081675488612
4057,77562,58.99874949679391,2026-03-23,0.0,22.32988253710597,17.024604079961875,11.719266401828198,12.497136516016488
4058,77562,70.2390461424557,2026-03-30,0.034085459343086,26.3619837558498,21.88301649889289,17.403941101283024,18.079880525695273
4059,77562,76.27707374932574,2026-04-06,3.589762645513282,25.9122975714298,22.880309815037236,19.848281463164692,19.82598575416797
4060,77562,69.60234481214239,2026-04-13,1.216931869890431,25.191996721084475,21.499262611941635,17.8065405202049,17.696062186932874
4061,77562,74.26486642405253,2026-04-20,8.310715461214476,26.733664347857346,22.768229866155856,18.80271070690336,19.459505960986295
4062,77562,80.54492137087551,2026-04-27,3.507088417032039,25.86801833758459,23.177218257865974,20.48635756315608,20.657724143220182
4063,77562,72.68362550942663,2026-05-04,10.975723019592202,26.7387532827891,22.750852738474695,18.763026795554484,19.2016837083688
4064,77562,81.89031606299443,2026-05-11,4.50674911745301,27.685360103603983,23.645624761267122,19.605933359933086,21.258918690821265
4065,77562,71.1090467818424,2026-05-18,0.442517688166874,29.13502386492155,25.559162622985124,21.983257136002962,21.599292683952946
4066,77562,82.0515627114957,2026-05-25,15.529343038098755,28.126676935639683,24.668054702479417,21.209440877020366,22.28594161720406
4067,77562,75.87470463021758,2026-06-01,3.908082271088222,30.216638176602014,26.16552026054387,22.114345666680954,22.825209108151107
4068,77562,80.59427162228872,2026-06-08,15.352207759871416,30.043590333695523,27.068549320242614,24.09345307592593,24.388265206223362
4069,77562,76.18160421220824,2026-06-15,2.190647911680634,31.501474248855146,29.060425446556962,26.61932191639169,25.656767343969314
4070,77562,85.28732104585504,2026-06-22,29.47523416421991,30.306079013648297,27.3998286980085,24.49355487265741,25.37134903934402
4071,77562,71.13977959930321,2026-06-29,0.0,32.90191868538623,29.74695537162331,26.591943526146455,25.533979180206675
4080,77058,70.17872822266207,2026-01-05,0.0,22.760659252789143,16.13161541056637,9.502509289189138,12.728261946139074
4081,77058,76.58980451918612,2026-01-12,0.186698342093781,23.571926714489297,18.74856345692277,13.925181765840895,16.107713484958296
4082,77058,50.742085396463374,2026-01-19,0.00297956365224,17.013855680832403,10.905906700643307,4.797912128301108,6.019942353755675
4083,77058,87.17713435030021,2026-01-26,9.158058658890525,15.456358001301291,11.448823852442885,7.441263835354566,10.168410782669705
4084,77058,64.49959211982053,2026-02-02,0.0,11.61253704205648,5.998881238107355,0.385136237290449,2.815751569250173
4085,77058,72.05250928891878,2026-02-09,3.63643971843263,21.13100949940055,14.808047028510861,8.485110811245997,11.668351422907175
4086,77058,85.25245740477472,2026-02-16,3.253873635394227,23.741888674683818,18.927316858711446,14.112729125099253,17.141805377042747
4087,77058,73.16203049865463,2026-02-23,0.0,24.141436879355904,19.35558799225473,14.569697585519036,16.204511937531038
4088,77058,71.86593373749314,2026-03-02,0.0,23.87682923191009,18.42786766226603,12.97891822585882,15.140729414767543
4089,77058,84.5887241840474,2026-03-09,9.71742831869469,25.89499737728974,23.014506865354797,20.133922092490764,21.018116234371423
4090,77058,73.36121633316928,2026-03-16,1.177219503454089,25.543249185818492,19.951330261767517,14.359351119691887,16.73572237199453
4091,77058,62.36001827932442,2026-03-23,0.0,22.77974491105677,17.153338832257937,11.526898628782021,13.020450617101012
4092,77058,74.28513750918799,2026-03-30,0.0,26.899146898489054,22.004132552314907,17.109085037894992,18.72597322146677
4093,77058,78.18405943336877,2026-04-06,2.396975537883014,26.53671462524892,23.259258633435426,19.981756695237294,20.440416094914596
4094,77058,72.6776738020213,2026-04-13,0.720682579018599,25.346842139425625,21.978973650079322,18.61110942978653,18.536894893875406
4095,77058,77.26737023119354,2026-04-20,10.790482432288213,27.196659183411278,22.90643647778419,18.61614417612611,19.99743975173468
4096,77058,83.68532513954932,2026-04-27,4.816989063445418,26.31381641297938,23.3831083461102,20.452416865481375,21.262272754753848
4097,77058,74.14587187948327,2026-05-04,14.354569559743995,27.3140755690981,23.111309116434484,18.90853152280497,19.746521993749326
4098,77058,84.41685585408574,2026-05-11,0.595708378423067,27.811547866807125,23.993717433740375,20.17583570858137,21.94089882401919
4099,77058,74.84625820947404,2026-05-18,0.065565866592407,29.632185811537294,25.522456691131634,21.41260861508459,22.103404046661208
4100,77058,84.52431430282606,2026-05-25,17.50476245374878,28.548820508547514,24.838756598337074,21.128646579314935,22.7881936247755
4101,77058,78.49879083110713,2026-06-01,5.796615378597025,30.734697823408183,26.23575128216185,21.73682435573282,23.27591535667176
4102,77058,83.43957110016079,2026-06-08,23.78508563984746,30.329465110163234,27.24896996675961,24.168447108290966,24.971525072721022
4103,77058,78.93481638487904,2026-06-15,0.323717566171998,32.01907596845501,29.148000174746137,26.27689061965534,26.152739280859308
4104,77058,87.91640464576294,2026-06-22,33.888603235302156,30.380901059474834,27.469492676511155,24.558154635134063,25.807853702068936
4105,77058,76.624714070224,2026-06-29,0.0,32.90226625693009,29.352492499827115,25.8026663992511,26.00094147712878
4114,77598,70.12404890773405,2026-01-05,0.0,23.21998288922471,15.975996746660122,8.732007061163737,12.574283272384868
4115,77598,76.89755751730577,2026-01-12,0.376867443190141,23.788236672159716,18.62608649340169,13.463853744928349,16.033324990119336
4116,77598,50.805644313368965,2026-01-19,0.005079351743822,17.246397978641337,10.684550584931653,4.122670656632182,5.835687691754133
4117,77598,87.00210796759163,2026-01-26,9.058602546858625,15.778559532731558,11.445255865177376,7.111974990315635,10.148081816505087
4118,77598,63.60767278933491,2026-02-02,0.0,12.12393004981556,5.930899513427285,-0.262090396269725,2.684788869779125
4119,77598,70.08098596788453,2026-02-09,4.171357954175097,21.656160525248477,14.73955922388999,7.822870257369996,11.382399845982121
4120,77598,82.79532012261856,2026-02-16,3.399312625600068,24.393472444832774,19.05116563065851,13.70880928387278,16.96353289279041
4121,77598,71.31143590994236,2026-02-23,0.0,24.59359010985409,19.35069239428004,14.107724289030559,15.973880964116857
4122,77598,70.38953260353959,2026-03-02,0.0,24.39445828492208,18.3113207091914,12.228137746573404,14.852531186202244
4123,77598,83.19186747520583,2026-03-09,7.764736759838629,26.262920471398633,23.115498935723163,19.968079027831067,20.929797347523454
4124,77598,71.9901680987212,2026-03-16,1.042820560649782,25.67643802342953,19.836865561503586,13.997302378558494,16.460773646217206
4125,77598,61.1043846961823,2026-03-23,0.0,23.024517955618148,16.957752371956314,10.89089238489152,12.700518461394843
4126,77598,72.69908427016847,2026-03-30,0.0,27.359430262248985,21.917994398844932,16.476538038924925,18.43908704392046
4127,77598,77.03371668959038,2026-04-06,3.216049735255015,26.88777984595311,23.247193885287682,19.60655670122736,20.275743171775005
4128,77598,72.01057083086913,2026-04-13,2.103139334873383,25.70848829658647,21.884566340540253,18.060553433760052,18.365356894955028
4129,77598,76.62622601266267,2026-04-20,11.216349695778653,27.585274964331994,22.8747691779125,18.1642380332067,19.885462522981037
4130,77598,83.36987464427094,2026-04-27,4.81429225153598,26.66293858891074,23.374857549428143,20.086775007635104,21.207578939379363
4131,77598,73.55827618359639,2026-05-04,12.747138591516075,27.676774484129748,23.110030026257263,18.543229148727406,19.667185161291314
4132,77598,82.68763527718654,2026-05-11,0.48431037296758,28.25805277351776,24.15021588919015,20.042293979287383,21.85418548604461
4133,77598,73.41569177663625,2026-05-18,0.099648538164244,30.098852737024114,25.545117549670916,20.991307654762,21.92327450427348
4134,77598,83.29849479399198,2026-05-25,18.458303253526218,28.966860416367588,24.93399661912525,20.901142603280512,22.713024747303095
4135,77598,77.10389922643364,2026-06-01,4.504363711201325,31.218093694101892,26.306040099976812,21.393972208246264,23.14058387356777
4136,77598,81.6838919657045,2026-06-08,14.415372824550134,30.844107209939132,27.475510368602958,24.10682448647555,24.940703984404138
4137,77598,77.94572233155225,2026-06-15,0.276377065564485,32.52519950072475,29.19770952718605,25.870241710276392,26.052146340720043
4138,77598,86.84686418078964,2026-06-22,34.536810814902665,30.77992784432001,27.62172704601175,24.46347021497388,25.803165965437394
4139,77598,75.48125076197115,2026-06-29,0.0,33.4054392225769,29.342098374373105,25.278669578985433,25.817923876499467
4148,77365,70.90985927214163,2026-01-05,0.0,22.57955629371041,14.80974787152836,7.040056437108042,11.566991085885123
4149,77365,77.8117750606281,2026-01-12,4.561968023378014,23.358806207125202,17.924416533725747,12.490148882321858,15.439105710305853
4150,77365,52.516137772696325,2026-01-19,0.337268543591155,16.44666322155502,9.662392042638517,2.878208042461218,5.099524816234091
4151,77365,86.10278853164691,2026-01-26,6.870193524972694,14.843480626288008,10.358866550630111,5.874085114801894,9.005869103648498
4152,77365,63.881559274204456,2026-02-02,0.0,11.572613651538541,4.540556875828782,-2.49164676476025,1.42242173264069
4153,77365,69.22693151975659,2026-02-09,3.766019074480472,22.264473095360696,14.14768223815057,6.030870355650851,10.710025709658977
4154,77365,80.85684670241395,2026-02-16,4.54451787294245,24.619432560889038,18.623364938624448,12.627386392053301,16.303320713392772
4155,77365,70.52130733884185,2026-02-23,0.0,24.574381202228768,18.695654830799985,12.817046107133805,15.287304286004618
4156,77365,66.45056241851208,2026-03-02,0.0,25.117124011986235,17.903913558941355,10.690787272890029,13.980968395007874
4157,77365,79.98180782007263,2026-03-09,10.331153566024865,26.871787699831415,23.154892281895798,19.437950045748007,20.52935149814955
4158,77365,71.09880530836034,2026-03-16,2.979576619561481,26.252052812485672,19.392058166344494,12.532153505867722,15.923676644981567
4159,77365,60.38538537173526,2026-03-23,0.0,23.8056648917242,16.275874305546818,8.745904345098296,11.990517488028733
4160,77365,70.02808889162733,2026-03-30,0.0,28.124569699611055,21.61387730979451,15.102999184110345,17.80871106954393
4161,77365,76.80511642232197,2026-04-06,6.123402287427884,26.698962189794365,22.462553199994122,18.22601452885933,19.49000519056468
4162,77365,71.33585333822681,2026-04-13,11.770250755426083,26.198467360338544,20.98256767508487,15.766651927495143,17.440203772638398
4163,77365,75.89707508903989,2026-04-20,1.945864970814543,27.767380643980783,22.406289718981355,17.045193363173382,19.33484953549736
4164,77365,80.66405602748513,2026-04-27,4.456836032638356,27.131736199652778,23.166689260658874,19.20180721811904,20.63075731929617
4165,77365,75.12027951317008,2026-05-04,14.342669745195057,27.527932374567584,22.32721593073339,17.126355458720806,19.08274618861136
4166,77365,82.10197274733028,2026-05-11,3.996638973793126,28.597154653294123,23.53098439701653,18.464535700063866,21.184163630303406
4167,77365,72.47177348052324,2026-05-18,0.0,30.308830668869238,25.263298538107318,20.21773795811333,21.52240019004169
4168,77365,82.0343044068923,2026-05-25,10.688431804522127,29.324825358942846,24.72433374645945,20.12362003988919,22.332427072741705
4169,77365,76.85960706790416,2026-06-01,3.061405258969196,31.264607145859188,26.041748111174076,20.818891155559392,22.840883982633116
4170,77365,82.0285564513587,2026-06-08,11.204322535555363,30.76491766568866,26.911500853184176,23.057966134912956,24.436714561196318
4171,77365,78.08318568382668,2026-06-15,8.507851841026719,33.11367586033907,28.74306249159964,24.372454536775244,25.636021366547446
4172,77365,86.36643158295563,2026-06-22,18.904765273104324,30.859825933992816,27.305050549416837,23.750309801421775,25.422046952031675
4173,77365,71.66964208352286,2026-06-29,0.0,34.50786291379551,29.712752737073934,24.917288584512736,25.583708678079145
4182,77584,68.17043821615528,2026-01-05,0.0,23.221021796926465,16.187757298483298,9.15472558506976,12.562801960482654
4183,77584,76.55883794416616,2026-01-12,1.487418847840387,23.528584252296653,18.507198851878826,13.485609425794431,15.8856612823087
4184,77584,49.27480251777101,2026-01-19,0.0,16.79790451267432,10.961966957853994,5.126091172860619,5.927180647462196
4185,77584,83.3458002869575,2026-01-26,6.415938714462781,15.778686342914892,11.860589511999827,7.942535533527579,10.159993761327216
4186,77584,61.150543585017225,2026-02-02,0.0,12.140401432317855,6.098992841298874,0.057431953729267,2.63252143655621
4187,77584,67.38603676314672,2026-02-09,6.080908233755498,21.976319188649633,15.07497110655817,8.173398501150597,11.395691712190215
4188,77584,81.26139596236737,2026-02-16,3.172215525631673,24.568362048548273,19.251442881103188,13.934277820514374,16.962076751989418
4189,77584,70.20456680162278,2026-02-23,0.0,24.43646966528324,19.318272604463143,14.200021436900425,15.814585485752545
4190,77584,68.46935944249776,2026-03-02,0.0,24.53410409958721,18.424165773740732,12.314136859895754,14.725306985656296
4191,77584,80.08873735286545,2026-03-09,3.500129081786894,26.793324644669553,23.424376653973276,20.055451389225404,20.807250977959455
4192,77584,69.0618993810746,2026-03-16,1.953472358707641,25.93636565465784,19.85067741840944,13.76496751528953,16.10811833812637
4193,77584,57.899955527917,2026-03-23,0.0,23.22486993343939,16.937417631100473,10.650105211419392,12.317193619105751
4194,77584,68.74071441389816,2026-03-30,0.0,27.74141216372753,22.201077367182652,16.66064457883551,18.18105827422749
4195,77584,76.18484188040006,2026-04-06,3.492704322253629,26.704032209578703,23.038272643539564,19.372385462589783,19.96501320928745
4196,77584,72.70349746462875,2026-04-13,3.029322304436257,25.192223579589065,21.37161779783263,17.551066002596215,17.980105732962127
4197,77584,76.56182637940356,2026-04-20,4.841125367431561,27.373331971943525,22.632866206977678,17.892381430491014,19.645469104264542
4198,77584,83.4896461653079,2026-04-27,4.300394581690491,26.30078383648592,23.1385558210482,19.976138328779523,20.98365983086648
4199,77584,73.55829091034383,2026-05-04,9.769704164166512,27.422084837823824,22.868431868032953,18.314745802190462,19.436600083369356
4200,77584,81.62802677993756,2026-05-11,0.161333732107051,28.2016891424788,24.065908738424156,19.929942197684515,21.623207941474487
4201,77584,71.31756784380329,2026-05-18,0.0,29.977806648457054,25.64578882943805,21.313798841327404,21.72138888041649
4202,77584,82.19352223812619,2026-05-25,17.690947710130228,28.984857968584308,24.90885344521533,20.832918036488447,22.537732678493963
4203,77584,76.97530245200853,2026-06-01,4.470380897489434,30.586768873672735,26.0114141876565,21.43595545736008,22.829313716845093
4204,77584,80.87467843437759,2026-06-08,7.544137344843163,30.54543851636648,27.3979204593149,24.250369988371546,24.748749189005636
4205,77584,78.12400760956933,2026-06-15,3.011740477826568,32.11620415145748,28.86781607416701,25.61937360728096,25.762211117029114
4206,77584,85.60125033710335,2026-06-22,14.854626247468207,30.72615305601353,27.677155742027892,24.627896184233098,25.678129184470187
4207,77584,73.7712711338659,2026-06-29,0.0,33.32542149189396,29.354801105201908,25.38423939306996,25.57213513419384
4216,77375,68.60395708680507,2026-01-05,0.0,22.76284326158737,14.768193065966036,6.773493594999885,11.278085955723471
4217,77375,75.73173896578501,2026-01-12,2.918815218562187,23.712575818706394,17.955737320915638,12.198893162409775,15.208768740002384
4218,77375,51.088777747070395,2026-01-19,0.525436812638051,16.635565412514218,9.910692828556815,3.185851401676339,5.176092206733844
4219,77375,83.7948947135483,2026-01-26,8.204795439580437,14.94271101300473,10.443314760497,5.943899784997104,8.84404460243313
4220,77375,60.49499895494518,2026-02-02,0.0,11.655874839093645,4.595789588434993,-2.464325197752611,1.198582816429428
4221,77375,66.95143300310377,2026-02-09,2.93407984134728,22.79640371359206,14.152212124195403,5.50796399021749,10.471554797904737
4222,77375,77.51876330491226,2026-02-16,5.750870715255486,24.904256160335713,18.707542440990252,12.51078708227208,15.972891230492737
4223,77375,68.75222480232145,2026-02-23,0.0,24.746311843212588,18.32864488718959,11.910952422554285,14.743139273079954
4224,77375,63.319462906666274,2026-03-02,0.0,25.83574374221766,18.03174934112873,10.227689216874886,13.713175429691715
4225,77375,74.60744142695535,2026-03-09,5.332991989594845,27.856286526339943,23.676441901367518,19.496568169803847,20.2673346996798
4226,77375,67.9836329799852,2026-03-16,4.027334711370192,26.796419801577493,19.354170971630687,11.911870477798482,15.50080877138693
4227,77375,56.76842420876965,2026-03-23,0.0,24.321159074105587,16.604916803625287,8.88865249970345,11.863420317705412
4228,77375,65.92073035321481,2026-03-30,0.0,28.545475808341255,22.047486451501207,15.549472012767731,17.6634817021949
4229,77375,72.10466679190431,2026-04-06,3.142492876688146,27.191418289455115,22.86319461323029,18.534910667875643,19.243220538321328
4230,77375,70.61864682118592,2026-04-13,9.027834584630336,26.055274834159942,20.851799947489596,15.648309535124808,17.2234685100782
4231,77375,72.73851707579756,2026-04-20,2.01597181250749,28.07277933740167,22.852409917830705,17.631993059582033,19.330060119634517
4232,77375,78.02467695414614,2026-04-27,4.817622343151716,27.128583858490565,23.473806910195613,19.819008009113748,20.550301564342128
4233,77375,74.63171431903797,2026-05-04,11.31206190482385,27.290764097769134,22.198717114066795,17.106672336276784,18.875659325349062
4234,77375,79.07659478193114,2026-05-11,2.437756435939497,28.925651712845294,23.681923540655056,18.438138764628953,20.93092445515667
4235,77375,69.1560300117772,2026-05-18,0.085438333139334,30.835276201818722,25.61498510521387,20.394645802932047,21.385009274378817
4236,77375,78.3413704985227,2026-05-25,7.884571914449523,29.99016556847162,25.066433025669124,20.14265361251485,22.14871790356098
4237,77375,75.70132471685177,2026-06-01,3.583884085777767,31.288812485731906,25.92383481040648,20.558850822909548,22.554602118073785
4238,77375,79.68393524863396,2026-06-08,10.30909877369772,31.289466419821043,27.212558584700616,23.13561193166181,24.387406195714423
4239,77375,74.73345504250528,2026-06-15,1.794792760058671,33.757379429389594,29.262306474262623,24.767214356768633,25.628874909561493
4240,77375,83.27191238369169,2026-06-22,18.061677355207603,31.501639100172934,27.688706605029367,23.87576442778351,25.35465352580854
4241,77375,69.61005323165504,2026-06-29,0.0,34.81136291077592,29.95361361648443,25.095891654921957,25.48968919184467
4250,77484,67.06696991828989,2026-01-05,0.0,22.35854511901756,14.39935288166413,6.440150489655361,10.764274519175697
4251,77484,76.4677740249754,2026-01-12,1.672798400955521,22.97582068177207,17.215305227349614,11.45475150124843,14.618218543793338
4252,77484,51.65097417645461,2026-01-19,0.395195373898748,15.889924000945054,9.277457346979991,2.664975270905929,4.685614748019235
4253,77484,84.50055711932258,2026-01-26,4.263268227078184,14.176413960494422,9.728597272426363,5.280795404054553,8.20347001750861
4254,77484,63.23654861060473,2026-02-02,0.0,10.647303036933415,3.874672718147978,-2.897943512293113,0.729006022474682
4255,77484,65.8567800139331,2026-02-09,1.073756625608574,22.562120107664672,13.827555180569549,5.092936369947175,10.062983493536526
4256,77484,78.79849586300163,2026-02-16,2.534071369192707,23.99673567472466,18.220228241825904,12.443671585643836,15.664731614736608
4257,77484,70.95291123580778,2026-02-23,0.0,23.54093235024554,17.391286891486086,11.241604058105143,14.14664882715225
4258,77484,64.66869919033098,2026-03-02,0.0,25.008359316197772,17.6047925102515,10.201195666276753,13.481469408198908
4259,77484,75.55031528276272,2026-03-09,4.589725167292943,27.290893483570528,23.01282652048928,18.734743681372606,19.75766164135222
4260,77484,68.24058293317111,2026-03-16,4.326027650197535,25.899854258464174,18.894238636794366,11.88861926376033,15.123746895065254
4261,77484,57.66427628366565,2026-03-23,0.0,23.311783885217576,16.006270537295233,8.700757451635548,11.450839398165634
4262,77484,67.32080104680632,2026-03-30,0.0,27.451226596203814,21.423500381533707,15.395745031716922,17.273390601731332
4263,77484,73.39515691403788,2026-04-06,7.263837803570217,26.726508603319907,22.30578991746892,17.88502524762418,18.88486645263646
4264,77484,72.35628016692121,2026-04-13,8.225337181956872,25.60530941710571,20.231899605093197,14.858476000240676,16.88215620637186
4265,77484,72.96802897522927,2026-04-20,1.937133372534362,27.76318880161331,22.605035318603548,17.44683758517201,19.139871575894762
4266,77484,80.63596578668349,2026-04-27,6.073561736833264,26.631688064447037,22.955317718222386,19.27892154135099,20.412999227306464
4267,77484,77.1904952433867,2026-05-04,12.454080471273134,26.33631373131101,21.549758720765027,16.76320971823256,18.61600688270981
4268,77484,81.15085969481427,2026-05-11,3.177361974338784,28.04760008789951,23.114305676186287,18.180960697430564,20.66029075534845
4269,77484,72.13569549250629,2026-05-18,0.583600954064302,29.709344607228356,24.887565252530212,20.065752602409233,21.133423175401195
4270,77484,80.6004790737119,2026-05-25,8.353588822875468,29.12396963555446,24.59444675593492,20.064902161977688,22.007066823098096
4271,77484,78.15229793630704,2026-06-01,4.713556769829136,30.133070702789837,25.254250116682403,20.37541305315919,22.281172470183318
4272,77484,81.19173962098048,2026-06-08,8.314249280843297,30.499986924147052,26.854963194557545,23.209917198432333,24.267148310416864
4273,77484,77.38879656684331,2026-06-15,3.41857054083063,32.557260476085254,28.582694639717538,24.608061981820097,25.38171725269664
4274,77484,84.99530621906285,2026-06-22,15.318262795955633,30.617213360353396,27.218384111160052,23.819515036549337,25.145699251042085
4275,77484,73.52630406785012,2026-06-29,0.0,33.211657487076316,28.895169076931644,24.578662592702827,25.102222598963234
4284,77498,65.58847257505423,2026-01-05,0.0,23.87472454453359,16.257144884737773,8.63939643771956,12.320358132380472
4285,77498,74.20555626865527,2026-01-12,0.662508097038977,24.142335490401994,18.707139071115297,13.271723332899427,15.774163462228408
4286,77498,48.81822735748888,2026-01-19,0.167508977297624,17.2221252937992,10.898423996510278,4.574841628903451,5.826623041698157
4287,77498,80.822745388668,2026-01-26,6.392245960401961,16.157477493422242,11.9992758951301,7.840854822921962,10.032891649330455
4288,77498,60.684426031273034,2026-02-02,0.0,12.232561143607075,5.759150075579697,-0.714329643543746,2.275917387348844
4289,77498,66.26664541687228,2026-02-09,4.076463520563159,22.82395920448449,15.127418087233032,7.43124492111801,11.322113250666174
4290,77498,79.4071967674687,2026-02-16,3.693807358154876,25.206721083437273,19.352734951140352,13.498636940281727,16.8326322191041
4291,77498,69.0150535051915,2026-02-23,0.0,24.98967107364134,19.396013541679643,13.802478718194351,15.750005430726649
4292,77498,66.95574618819226,2026-03-02,0.0,25.337502272033685,18.674820128730474,12.011989668650532,14.76250377605897
4293,77498,78.27729161762811,2026-03-09,2.529501505551639,27.707525175270614,23.816492490843174,19.925610453488883,20.928191672682058
4294,77498,68.69394854346078,2026-03-16,2.44870687929119,26.574015436319996,20.044960767289076,13.51594503253566,16.2481151633359
4295,77498,57.5602508044491,2026-03-23,0.0,24.076605455297894,17.209687695223405,10.342616982217926,12.509937526168896
4296,77498,68.1154816392742,2026-03-30,0.0,28.39573586073009,22.504011858239032,16.612266712661466,18.37753725047592
4297,77498,73.52279406487887,2026-04-06,1.999919490030341,27.275473105194056,23.40969977749731,19.543664718217062,19.954070152308546
4298,77498,72.45493073517166,2026-04-13,5.780119473308702,25.856175951291814,21.338385112846122,16.820451652892046,17.9144124262704
4299,77498,74.3643019222943,2026-04-20,7.707417893806711,28.130185808488477,23.074603430771646,18.018914091465057,19.773372852129523
4300,77498,81.68627313239355,2026-04-27,6.042459037429517,26.905853156196194,23.4658428040389,20.02570243115206,21.05062346045412
4301,77498,73.58926482691956,2026-05-04,12.2920714466348,27.80380400420618,22.958615769815285,18.113318097813725,19.510149682610194
4302,77498,80.51159700083758,2026-05-11,0.874049495585011,28.784993510155996,24.250265494060486,19.716129606296718,21.649690018339967
4303,77498,70.63849782720868,2026-05-18,0.11070847344298,30.562021964616935,25.9230062310265,21.283528797197,21.884471312211456
4304,77498,81.35236947096907,2026-05-25,21.12721223082722,29.570219385704654,25.093150990084034,20.616211536984977,22.5953307412447
4305,77498,76.84873275022386,2026-06-01,6.60099021463925,30.99942840071879,26.100127587320088,21.200765607632967,22.897572019021375
4306,77498,80.61607767261333,2026-06-08,6.352131715340583,31.158057921750725,27.61947865763074,24.080987139448887,24.918874131023784
4307,77498,77.30754967141841,2026-06-15,2.527355088786347,32.80683738211316,29.218949922096627,25.63105835422825,25.975698283171766
4308,77498,85.09197583777276,2026-06-22,16.895598189528613,31.346427884601948,27.9272478719298,24.508049642779902,25.84279769200599
4309,77498,73.62548649589554,2026-06-29,0.0,33.73939343704858,29.608891905231275,25.478494598514445,25.78982179800315
4318,77494,65.81096701886091,2026-01-05,0.0,23.756526561350878,15.836728631524966,7.916842010250299,11.977205455390472
4319,77494,75.33755597677052,2026-01-12,3.911331159697443,24.033186107621816,18.393809092864203,12.754458093720555,15.613711295720902
4320,77494,50.912872509241204,2026-01-19,0.527412240342694,16.896634397266286,10.413714870407377,3.93083365810307,5.595888054076303
4321,77494,82.35421166363653,2026-01-26,7.603044083052938,16.264188404982516,11.468518444108325,6.67275822841705,9.693524997667252
4322,77494,61.47774563502337,2026-02-02,0.0,12.196177640727367,5.437660739748361,-1.320896083294495,2.042561100629043
4323,77494,67.17509608831928,2026-02-09,5.17034534428416,23.30352105410683,14.818577740983033,6.333650297098143,11.114308633180679
4324,77494,79.56806354448706,2026-02-16,5.862298102293219,25.131675974881404,19.26238360111913,13.39311368978322,16.76416041403512
4325,77494,70.2423178579335,2026-02-23,0.0,24.90153691279616,18.9137617256892,12.925931217273087,15.46778290224272
4326,77494,65.519133840835,2026-03-02,0.0,25.852529772448516,18.791975831973293,11.731338593133037,14.677567231824554
4327,77494,76.74034909540867,2026-03-09,0.565762855283215,28.149681407256075,23.762014029482422,19.374318241000598,20.658618444570255
4328,77494,68.09699200926013,2026-03-16,4.419934985630387,26.88453235498391,19.915110319186255,12.94571853043855,16.05364778454617
4329,77494,58.01440823589549,2026-03-23,0.0,23.911025016423856,16.82207812246522,9.733172355559663,12.216747832372565
4330,77494,67.05730208428048,2026-03-30,0.0,28.578437949274157,22.45374977686821,16.329105154216624,18.188670657463955
4331,77494,71.70579705972614,2026-04-06,2.512526940076257,27.722417703568826,23.48780097120545,19.252978294923402,19.783266032033072
4332,77494,71.47370704586989,2026-04-13,5.114635410474594,26.709516320734078,21.2237768239779,15.738063166715628,17.686689718702674
4333,77494,72.3512465886105,2026-04-20,2.015287655768318,28.870388125223116,23.31385417001804,17.757169885740698,19.734236982213844
4334,77494,81.99707079064385,2026-04-27,8.617683298172548,27.38915475316854,23.35581935296964,19.322501541390437,20.974753864588934
4335,77494,75.00981311960841,2026-05-04,12.374161018349378,27.78369027026607,22.68644638765634,17.589078886933994,19.42758226078818
4336,77494,79.5963563662458,2026-05-11,1.136571526480253,29.195757813031836,24.244861633778754,19.293851416220768,21.529795109899535
4337,77494,69.653650925748,2026-05-18,0.002176984088979,31.11777431298696,26.05630069626396,20.99489957587058,21.86842483944084
4338,77494,78.55990403388192,2026-05-25,12.51327088866391,30.389085488051442,25.599304044671715,20.809394840464623,22.692942438945817
4339,77494,75.3706543842059,2026-06-01,4.625809177253869,31.530822468905825,26.40854697608723,21.28611802975794,22.98500229249409
4340,77494,79.95965919016416,2026-06-08,15.550932401821596,31.631986775840286,27.71334055624717,23.79484781785763,24.91734545283518
4341,77494,76.9408482043297,2026-06-15,2.748230691831834,33.38993334588502,29.284664600757708,25.179239989765634,25.98395381223069
4342,77494,83.02034346351321,2026-06-22,11.63585219711582,31.797324806529943,28.17927749641224,24.561127532789595,25.793590879928402
4343,77494,73.07869220693867,2026-06-29,0.0,34.183120223960174,29.65329261713925,25.12342307715769,25.74779653919701
4352,77407,64.18746185302734,2026-01-05,0.0,24.526798248291016,16.505399703979492,8.484000205993652,12.386115074157715
4353,77407,73.00440216064453,2026-01-12,1.183379054069519,24.614572525024414,18.955286026000977,13.296143531799316,15.844564437866211
4354,77407,48.511817932128906,2026-01-19,0.185607448220253,17.528858184814453,11.130857467651367,4.732999324798584,5.987899303436279
4355,77407,81.4939956665039,2026-01-26,8.541997909545898,16.176713943481445,11.833714485168457,7.490285396575928,9.939166069030762
4356,77407,61.23223114013672,2026-02-02,0.0,12.241571426391602,5.752857208251953,-0.735428512096405,2.30600380897522
4357,77407,68.48893737792969,2026-02-09,3.844160318374634,23.05299949645996,15.109856605529785,7.166857242584229,11.545660972595215
4358,77407,80.87593078613281,2026-02-16,4.168124198913574,25.27457046508789,19.446428298950195,13.61871337890625,17.1014347076416
4359,77407,71.06302642822266,2026-02-23,0.0,25.04671287536621,19.324142456054688,13.601141929626465,15.946385383605957
4360,77407,67.12547302246094,2026-03-02,0.0,25.638427734375,18.88899803161621,12.139714241027832,14.970802307128906
4361,77407,77.76070404052734,2026-03-09,1.045970678329468,27.92685890197754,23.865427017211914,19.803998947143555,20.89980697631836
4362,77407,68.68546295166016,2026-03-16,3.020254850387573,26.81828498840332,20.02414321899414,13.230428695678711,16.22222900390625
4363,77407,57.8043212890625,2026-03-23,0.0,24.16928482055664,17.149858474731445,10.130571365356445,12.481062889099121
4364,77407,67.89839172363281,2026-03-30,0.0,28.654855728149414,22.600284576416016,16.545856475830078,18.43613624572754
4365,77407,72.69147491455078,2026-04-06,2.990330457687378,27.39328384399414,23.424142837524414,19.45485496520996,19.853839874267578
4366,77407,71.23478698730469,2026-04-13,5.186617851257324,26.178571701049805,21.430999755859375,16.683427810668945,17.84548568725586
4367,77407,73.04566192626953,2026-04-20,7.802040100097656,28.435428619384766,23.218570709228516,18.00185775756836,19.72902488708496
4368,77407,80.59264373779297,2026-04-27,6.686915397644043,27.209285736083984,23.588855743408203,19.968427658081055,21.01260757446289
4369,77407,73.45044708251953,2026-05-04,12.685419082641602,27.957427978515625,22.990570068359375,18.02385902404785,19.50419044494629
4370,77407,79.95689392089844,2026-05-11,1.794263601303101,29.139713287353516,24.35114097595215,19.562427520751953,21.67848014831543
4371,77407,69.77465057373047,2026-05-18,0.143563002347946,30.990713119506836,26.130428314208984,21.2701416015625,21.95257568359375
4372,77407,80.49665069580078,2026-05-25,18.531862258911133,29.96971321105957,25.299856185913086,20.630144119262695,22.676204681396484
4373,77407,75.9223861694336,2026-06-01,6.005811214447021,31.40971565246582,26.33957290649414,21.268999099731445,22.98813247680664
4374,77407,79.288330078125,2026-06-08,6.843422889709473,31.612428665161133,27.80771255493164,24.00242805480957,24.90949821472168
4375,77407,76.08422088623047,2026-06-15,6.808926582336426,33.22771453857422,29.39942741394043,25.571285247802734,25.963924407958984
4376,77407,83.48895263671875,2026-06-22,12.564702033996582,31.696855545043945,28.136287689208984,24.575286865234375,25.810983657836914
4377,77407,72.01189422607422,2026-06-29,0.0,34.24342727661133,29.83542823791504,25.42728614807129,25.754732131958008
4386,77493,66.96910861269834,2026-01-05,0.0,23.122315193307323,15.375931176446215,7.629475551115395,11.672936997787406
4387,77493,76.39936915202719,2026-01-12,3.700008938585617,23.65558624332324,18.04640828071448,12.437170699311498,15.395691285287633
4388,77493,51.46602221073965,2026-01-19,0.545669400282994,16.45132945374688,10.097741043220793,3.74413141675546,5.382873787441964
4389,77493,82.43480374684248,2026-01-26,7.599649552545563,15.693186379746676,11.25747822760917,6.821722675659437,9.480029471137161
4390,77493,62.372912907985565,2026-02-02,0.0,11.594292015706706,5.018605264680568,-1.557078955045768,1.719723397967149
4391,77493,66.8324837188878,2026-02-09,2.167283046695665,22.969371110638747,14.526813041573757,6.084242145390771,10.81523805543274
4392,77493,80.61648231519416,2026-02-16,5.2621178457791,24.68882481406667,18.805796725678015,12.922720138892839,16.446611276766404
4393,77493,71.58885293068766,2026-02-23,0.0,24.364327152138042,18.29242797596563,12.220505673833552,15.05784538895708
4394,77493,66.27284237467242,2026-03-02,0.0,25.41500790870097,18.30074004163552,11.186433906759184,14.327408658993104
4395,77493,76.74910153389649,2026-03-09,1.435668547297152,27.859994882288152,23.632246580191893,19.404479563847012,20.52527086387525
4396,77493,69.46116833299597,2026-03-16,5.555850062765682,26.477038797986253,19.510608337384625,12.544144569819283,15.84625481817788
4397,77493,58.248028098131215,2026-03-23,0.0,23.766705012297816,16.62181274553145,9.47689245956439,12.067918933305563
4398,77493,67.66925505427511,2026-03-30,0.0,28.13797332900195,22.17241550458577,16.20681892445701,18.009871282999384
4399,77493,71.61647050326013,2026-04-06,2.385575541261733,27.697398738800707,23.404848963472194,19.112286193633096,19.6867834719729
4400,77493,70.82434116318237,2026-04-13,10.727936274164856,26.637259179412585,21.26524330288261,15.893197221005018,17.640385145951583
4401,77493,72.36315105940896,2026-04-20,1.444699798966236,28.652609169668708,23.26419168752765,17.87571822966198,19.683960728515295
4402,77493,81.04237599425554,2026-04-27,7.673080830520857,27.274459195478293,23.51226863712258,19.75006714536725,20.997913983129564
4403,77493,75.97870932934492,2026-05-04,13.905178577588842,27.432569345276995,22.46807313058508,17.50356032565713,19.333815245415423
4404,77493,80.69736988487128,2026-05-11,1.914803056093064,28.713707495929587,23.90794947710853,19.102171640271035,21.35624936395361
4405,77493,70.84225681547395,2026-05-18,0.087882284294337,30.63101692237141,25.708466939132226,20.785888759238574,21.714588422129083
4406,77493,80.23578790126635,2026-05-25,12.03022749194455,29.928162688014037,25.19480661905141,20.46142406910661,22.535481090656152
4407,77493,77.34870997198547,2026-06-01,4.196471993015509,31.007123846805122,25.95489115539462,20.902595216609612,22.831590004044983
4408,77493,81.08451785995754,2026-06-08,10.14799890048447,31.232620489702768,27.450451359208056,23.668269559900075,24.824814367040823
4409,77493,77.36690122887596,2026-06-15,2.763291697352378,33.147768419842336,29.18042303732043,25.21309805460538,25.94809259500421
4410,77493,84.41805422907333,2026-06-22,11.762281671005764,31.41614023228557,27.84828528034327,24.280418645941054,25.675471943548306
4411,77493,73.56885896082419,2026-06-29,0.0,33.9160674180334,29.479265392092294,25.042460756031776,25.658528139125583
4420,77447,67.38241757490677,2026-01-05,0.0,22.563301378884603,14.697675782767007,6.831988575534883,11.085531923802714
4421,77447,76.21989791484114,2026-01-12,2.897716416681195,23.33713485627039,17.575514653432755,11.813882203612174,14.9213588816909
4422,77447,51.568169329100996,2026-01-19,0.431066433334109,16.160053860952132,9.57400797468449,2.987916219776727,4.935326244276095
4423,77447,83.1468545369686,2026-01-26,6.047374634834205,14.839275526763657,10.380573061084663,5.92185755186159,8.70918235803147
4424,77447,62.45003010651399,2026-02-02,0.0,11.098549972801822,4.30684922757129,-2.48485705127702,1.071286160751667
4425,77447,66.79115651337133,2026-02-09,1.51385278309078,22.70789890436943,13.98929266431548,5.270635249106707,10.320181313102438
4426,77447,79.23953788497545,2026-02-16,3.456474432772474,24.347907858092793,18.45391579694602,12.55986539804045,15.941097120571449
4427,77447,71.01571961803802,2026-02-23,0.0,24.06252926759919,17.78764146885216,11.512712196739512,14.521548938195576
4428,77447,65.13852005061614,2026-03-02,0.0,25.247301225026415,17.83942831773867,10.431524998120999,13.757945161098247
4429,77447,75.41574913009316,2026-03-09,3.300418246355837,27.549074076069445,23.359264024992964,19.169430986368546,20.0733766484344
4430,77447,68.62621383709184,2026-03-16,5.076032156958163,26.213735506114674,19.12121432990365,12.028649636605808,15.376112673823185
4431,77447,57.69527549756248,2026-03-23,0.0,23.596036791865885,16.24782338212993,8.899570615839854,11.668906522811064
4432,77447,67.07610067506403,2026-03-30,0.0,27.820332457083616,21.75229667674054,15.684212334672726,17.542365928454373
4433,77447,72.01376862493451,2026-04-06,4.239370437247036,27.278137067814715,22.835488875803073,18.392824389758545,19.20212477108867
4434,77447,70.86679402483361,2026-04-13,9.059474089934923,26.221268694207502,20.78005763980226,15.338767761377444,17.19439507437365
4435,77447,71.96933813281171,2026-04-20,2.266561278522382,28.32309483057577,22.962562592853754,17.60198964415222,19.338831236669982
4436,77447,79.2864118316921,2026-04-27,6.386630441434079,27.148457406166756,23.348652808851067,19.54880776324064,20.606165003674366
4437,77447,75.74805789737968,2026-05-04,15.113554249132585,26.97874776085964,22.021781692749826,17.0648054680925,18.869294977076272
4438,77447,80.55579389402473,2026-05-11,2.90716472250738,28.381766316852154,23.460320703655825,18.538852787213262,20.911109906787534
4439,77447,70.98935836324509,2026-05-18,0.210402988529207,30.207673063912374,25.29034827093136,20.372997911567754,21.346849677444215
4440,77447,80.02126093860028,2026-05-25,9.328945682033837,29.527749898513193,24.846324007093948,20.1648780801302,22.170117790389394
4441,77447,77.30648286233867,2026-06-01,5.051357911197687,30.596906251798053,25.59200203613819,20.58707090349884,22.48089559755041
4442,77447,80.68206734884457,2026-06-08,7.738330265782571,30.84291644426431,27.092574183620407,23.3421921237387,24.421262345963985
4443,77447,76.62948141347186,2026-06-15,3.586076976660959,32.968412357502295,28.902403784428422,24.836374858994162,25.573334641635867
4444,77447,84.42124401364472,2026-06-22,18.545302962118306,31.018442817146436,27.476792737270834,23.935054138076314,25.316002748315668
4445,77447,72.71703121102952,2026-06-29,0.0,33.71425400682622,29.263445704908456,24.81259671990074,25.325477421658775
4454,77346,69.83889485490401,2026-01-05,0.0,23.025575945090623,15.385584860349246,7.745614686007031,11.982671334572647
4455,77346,76.58727553172011,2026-01-12,3.582999079041768,23.630284287906264,18.366312039444757,13.102321198300306,15.71622022457732
4456,77346,51.657196444667825,2026-01-19,0.319602854274378,16.66017905098101,10.197913926189594,3.735607430413912,5.484103466724997
4457,77346,85.29430195206055,2026-01-26,7.03896315230168,15.162464708447644,10.817628281682778,6.472725956745384,9.360296189997548
4458,77346,62.7755919105937,2026-02-02,0.0,11.88249759795591,5.160382207941114,-1.561720786452067,1.904481318893361
4459,77346,67.7637960261711,2026-02-09,5.606349302981386,22.542545222115766,14.641818249981291,6.741036183843407,11.008699783502925
4460,77346,79.854760031843,2026-02-16,4.210488568935594,24.880166447668323,19.003176878056433,13.126124678913525,16.547522512696904
4461,77346,69.57137886784734,2026-02-23,0.0,24.836295986868663,19.13828869597961,13.440253605897963,15.577076845167444
4462,77346,66.45319000451666,2026-03-02,0.0,25.19359138333758,18.23306687516047,11.272543408774931,14.292464125670813
4463,77346,80.30634505425745,2026-03-09,10.666350009214469,26.940974856009582,23.3153079727756,19.68961104163775,20.729855156127098
4464,77346,70.54516552733445,2026-03-16,3.254142874420504,26.32125744152485,19.7291250642909,13.136979606516716,16.169902068791743
4465,77346,59.13267333148609,2026-03-23,0.0,23.906327838611816,16.819800109832624,9.733240911503593,12.332195201855573
4466,77346,69.45775285917067,2026-03-30,0.0,28.11545016208311,21.999989871250218,15.884507219260113,18.090960239752608
4467,77346,76.16289820453343,2026-04-06,5.181232687444953,26.69542247930191,22.80347042990172,18.911455395437272,19.73456299127401
4468,77346,70.98531423619059,2026-04-13,13.951670450862792,25.94591721800466,21.280881157449702,16.61578553672667,17.6628649867274
4469,77346,75.51989134835821,2026-04-20,4.119052916644636,27.573829500972494,22.608839135954362,17.643822371833323,19.478430647958092
4470,77346,80.46653464624603,2026-04-27,3.729306741065694,26.86658271098156,23.318444956192774,19.770275204171593,20.76447926679644
4471,77346,74.2956792812132,2026-05-04,13.23918475738265,27.5765034217395,22.620424330827824,17.664240371399586,19.260352631665707
4472,77346,81.61296198845169,2026-05-11,2.55377411357987,28.579323952545025,23.78839718918515,18.997436733111357,21.363445563697038
4473,77346,71.59447777247652,2026-05-18,0.175686775109528,30.257329352233327,25.56800535479655,20.8786719154582,21.68226385070737
4474,77346,82.12437444374444,2026-05-25,14.051925200766897,29.210198560179187,24.811855648916197,20.413487844615872,22.429687747289993
4475,77346,76.34057401686033,2026-06-01,2.722818027585241,31.232920807080635,26.248592488990926,21.264227980343595,22.963696625689465
4476,77346,81.54175720690014,2026-06-08,13.340869917840276,30.6643470431161,27.101078904699886,23.53782123873125,24.54953394059495
4477,77346,77.36252180498309,2026-06-15,4.584719334715433,32.89956124032611,28.985920675365065,25.072237996405907,25.760403252436223
4478,77346,85.44863244604947,2026-06-22,21.162393692063965,30.99217114958728,27.563169981507485,24.13413958044844,25.543859576788293
4479,77346,71.0949255782137,2026-06-29,0.0,34.46380606800949,29.90165489047891,25.339448217056496,25.671619326550086
4488,77521,67.73031265306741,2026-01-05,0.0,22.465781964283774,16.177403288144035,9.88900707803673,12.504921109723266
4489,77521,77.74577326969352,2026-01-12,0.675922524965205,22.91656428864951,18.265802487051268,13.615016096502478,15.783559456171593
4490,77521,49.25407819014263,2026-01-19,0.0,16.621459680863754,10.874929679131757,5.128380729440362,5.845652207869552
4491,77521,84.6133035147271,2026-01-26,10.875973780712918,15.176955250483196,11.277700303809397,7.378433470581263,9.718202542548353
4492,77521,64.75662840833029,2026-02-02,0.929549720301404,10.974192554997028,5.101215422169288,-0.771773382024018,2.02056175087741
4493,77521,68.75238202937729,2026-02-09,1.414758059358037,20.742548534470842,14.565606787251134,8.388655061515053,11.046157396997215
4494,77521,82.45841299622163,2026-02-16,5.850923240731841,23.325423303738404,18.63810243544261,13.950731065571851,16.520741351918687
4495,77521,72.80471902395098,2026-02-23,0.0,23.19926929828025,18.61007061633498,14.020830433179153,15.48333342212029
4496,77521,68.41923975321374,2026-03-02,0.0,23.445425816526008,18.09256650169842,12.739700823354179,14.398125756593526
4497,77521,85.60528158465027,2026-03-09,10.294233982496173,24.94577783284454,22.36150562025042,19.77715947685616,20.517622490323067
4498,77521,72.52441294385939,2026-03-16,2.904947842745578,24.59316049418868,19.486124414665618,14.37907202157321,16.19735935480401
4499,77521,61.0494737155513,2026-03-23,0.0,21.752386171333377,16.637303519149985,11.522157172993145,12.400236833603158
4500,77521,72.05668256129525,2026-03-30,0.013238271371959,25.96649218018237,21.62540365458989,17.28427594855384,18.074858653607222
4501,77521,77.03747821856038,2026-04-06,4.311194589302938,25.949567738875686,22.87933658923883,19.809089882194577,19.921108319759192
4502,77521,70.36247200516195,2026-04-13,0.279466696286779,25.421245925989382,21.52903504978591,17.63678911792651,17.82437569622106
4503,77521,75.30687417920217,2026-04-20,6.758005001721246,26.693136722248852,22.72360761553164,18.75404145766604,19.546021793003565
4504,77521,81.3073562236614,2026-04-27,2.695272417025294,26.018989878576985,23.219576042297284,20.420107093763505,20.796747629193025
4505,77521,74.10202892907839,2026-05-04,11.805639027869205,26.73056544270148,22.611159666450853,18.49168455388083,19.25618341499898
4506,77521,83.81127148405625,2026-05-11,3.647920023190907,27.390704138347328,23.478128783922735,19.565519803748387,21.354912343786516
4507,77521,72.9473850471189,2026-05-18,0.057773917312472,28.854013470242933,25.315414857189005,21.776751756888174,21.63350877960648
4508,77521,83.96230908065048,2026-05-25,13.111201899157459,27.87604594505013,24.469031435492294,21.061962138728923,22.352013277226618
4509,77521,77.32769305971995,2026-06-01,4.085461077130787,30.06770342426306,26.022404398240365,21.97704324848334,22.8971288056924
4510,77521,81.66430281167737,2026-06-08,16.288278597735204,30.122888761083765,27.05575862451652,23.988618956677104,24.529511738616804
4511,77521,77.33215390143334,2026-06-15,1.480447239347504,31.503224119210326,28.989333104506024,26.475411092568642,25.760930186321737
4512,77521,87.11707320612658,2026-06-22,28.559139191157723,30.068598506855395,27.228051463655166,24.38744398159569,25.463902287167514
4513,77521,72.6558477493117,2026-06-29,0.0,32.64129160414674,29.594226109271407,26.547119469787845,25.622919203757952
4522,77532,69.57026208025707,2026-01-05,0.0,22.589663526568362,15.635635337275282,8.681592039630637,12.1965772625481
4523,77532,77.22898297411439,2026-01-12,1.151810093742092,23.2794490019859,18.357922837635705,13.436374165239066,15.792791224396257
4524,77532,51.17095705939359,2026-01-19,0.133286529490466,16.544097596596036,10.4068580983717,4.269601797547847,5.618912966679666
4525,77532,84.94911974446143,2026-01-26,8.354336360483774,15.155312464776724,11.032490170471592,6.909608953218371,9.522023198381643
4526,77532,64.09450326437042,2026-02-02,0.117847432095153,11.390966093417253,5.056417334798761,-1.278168379751019,1.919726892101065
4527,77532,68.69712052215057,2026-02-09,2.687140844615107,21.555550885630925,14.515959563130396,7.476331156364088,10.995710781938847
4528,77532,81.2696122074397,2026-02-16,4.208776288220756,24.12279698650507,18.83171824491145,13.540596652240854,16.560267274000374
4529,77532,71.38458772194491,2026-02-23,0.0,24.03430381398205,18.904998736188908,13.775675077308481,15.584446178135334
4530,77532,67.48558633707428,2026-03-02,0.0,24.383194352692318,18.147904796250934,11.912580128062443,14.341278489586607
4531,77532,83.07702421402254,2026-03-09,12.445548127066058,26.03643577675578,22.903485667741542,19.770492679485436,20.707463850145498
4532,77532,71.7896271091158,2026-03-16,3.549401065399589,25.47188284022507,19.66692916748346,13.861916225642439,16.27303906826062
4533,77532,60.2371029010284,2026-03-23,0.0,22.952657987853605,16.817785885373652,10.682898367846494,12.459131180573031
4534,77532,71.1217330307923,2026-03-30,0.0,27.10566891863192,21.80761605748481,16.509561948039185,18.129622706609386
4535,77532,77.10903093239678,2026-04-06,4.038150428952469,26.351966302710764,22.83840191680824,19.324819107653298,19.893832950542677
4536,77532,70.6648459522247,2026-04-13,7.289493936966332,25.6519929787855,21.444402368363683,17.23677020034624,17.781481039025643
4537,77532,75.81177740483429,2026-04-20,6.963873319529729,27.166476311845347,22.651925851017694,18.137342338912795,19.553923099174227
4538,77532,81.7224840071409,2026-04-27,3.675518396346193,26.294025455856122,23.15114649146458,20.00821473782281,20.78184094415708
4539,77532,74.38605065333957,2026-05-04,11.63703599516834,27.13354810856291,22.65463448303064,18.175678265048944,19.32671849449888
4540,77532,82.93748440039991,2026-05-11,3.816752020804163,27.945373204674926,23.634895274193674,19.3243744505683,21.392603846324054
4541,77532,72.8596441277587,2026-05-18,0.7274314205588,29.509304450482787,25.37580046947406,21.242260711414968,21.67972253127753
4542,77532,83.57312069786288,2026-05-25,15.605590433747503,28.425947013315053,24.59463871532116,20.763316910206278,22.419734199858116
4543,77532,77.6255380902077,2026-06-01,3.527388984805437,30.5427946526386,26.032675533500235,21.52254104711886,22.947449679590665
4544,77532,82.16266448067276,2026-06-08,17.133423600297053,30.25285755613148,27.00018061637404,23.747491752271653,24.544731286633315
4545,77532,78.16886566424444,2026-06-15,4.017605644262465,32.03658058248633,28.86795087931536,25.69928544674065,25.768522066914777
4546,77532,86.79581185865902,2026-06-22,22.712340508023775,30.392766462447227,27.342165720816404,24.291523393525623,25.52807937231433
4547,77532,72.53997163103051,2026-06-29,0.0,33.415658314119526,29.63481807685696,25.853988465150053,25.64350099484969
4556,77345,70.84658502418925,2026-01-05,0.0,22.629106672773855,14.926773299246136,7.224416062652292,11.668261373151658
4557,77345,77.61067589294093,2026-01-12,4.485516420188079,23.386897346822266,18.02256955566089,12.658209880525362,15.509108634226218
4558,77345,52.309187837208924,2026-01-19,0.352176426431328,16.481425715826447,9.802009622117119,3.122610068040826,5.201685755773918
4559,77345,85.93176677857176,2026-01-26,7.001241175295483,14.901502792337574,10.470845284436386,6.040126606225543,9.094077513204743
4560,77345,63.851560328125494,2026-02-02,0.0,11.594421573063055,4.670370578660381,-2.253642669261665,1.539340489435244
4561,77345,68.91903678385584,2026-02-09,4.673941884913884,22.262013078802507,14.264826776577157,6.267587509441067,10.786462359542877
4562,77345,80.60805578030683,2026-02-16,4.34331166116386,24.630049706968943,18.719687111580463,12.809255385940421,16.36717901080484
4563,77345,70.30479991884785,2026-02-23,0.0,24.614401590290285,18.816161448678724,13.017949440643571,15.370895211409078
4564,77345,66.60917367452399,2026-03-02,0.0,25.0588355008798,17.958646264380658,10.858451478701555,14.052626407192154
4565,77345,80.1644114245777,2026-03-09,10.57349020777581,26.828320521073294,23.154880277534684,19.481436827677513,20.555370233654358
4566,77345,71.06980543134837,2026-03-16,3.071320102599108,26.186203727344317,19.44372170851878,12.701176274919856,15.968048950806978
4567,77345,60.26876643213418,2026-03-23,0.0,23.74674290025124,16.360959453664055,8.975126985687787,12.053693863708512
4568,77345,70.0926461951419,2026-03-30,0.0,28.05046419002206,21.64960173790875,15.24872785878886,17.850321768546905
4569,77345,76.86375300800051,2026-04-06,5.655654427820264,26.642007190692677,22.498256712874145,18.354461874488187,19.533693733075925
4570,77345,71.2719702973407,2026-04-13,12.747466751007734,26.109025544834086,21.033286387795812,15.957575374838491,17.477098329127486
4571,77345,75.98095115976014,2026-04-20,2.210764268875682,27.666883322542876,22.402211317028385,17.13748645009602,19.34324240338751
4572,77345,80.8269759269291,2026-04-27,3.662462034162209,27.0156614038194,23.144408542906113,19.273126205090687,20.635596922069194
4573,77345,74.92163849010561,2026-05-04,13.173918133257722,27.51826438077598,22.37894451127308,17.239497462593892,19.110989594274947
4574,77345,82.07047086630881,2026-05-11,3.150632529377956,28.53238193058725,23.566957939005153,18.601542569292388,21.21457290358354
4575,77345,72.38880384003369,2026-05-18,0.025711820149429,30.235691178647457,25.287722442371514,20.339732722901022,21.533401446445676
4576,77345,82.08659791456053,2026-05-25,11.878867317986343,29.251033129019532,24.723152515253023,20.195236786636503,22.33884783074796
4577,77345,76.85874965776927,2026-06-01,2.759167845842413,31.210716504136855,26.06212431589664,20.91342912108231,22.86092272595869
4578,77345,82.09303834738994,2026-06-08,11.228120875859341,30.708929660553594,26.936408419616647,23.163860595163648,24.469772912818
4579,77345,78.16415972208901,2026-06-15,7.136012025528083,33.01415289786489,28.76298835021601,24.511826715108896,25.666920060280823
4580,77345,86.36656363349086,2026-06-22,20.720930935384185,30.836838594017234,27.335222772942302,23.833501737868474,25.452481704515638
4581,77345,71.80662402955744,2026-06-29,0.0,34.42019503533711,29.718581365274016,25.0169134774281,25.61023936501817
4590,77339,70.6532644393041,2026-01-05,0.0,22.689015054955252,14.956914200861231,7.22479051518066,11.672065586850886
4591,77339,77.2821143523379,2026-01-12,4.355591102614558,23.437917328808094,18.08270682342478,12.727446603765824,15.527928187087204
4592,77339,51.95083704730266,2026-01-19,0.363492072037684,16.52408560907047,9.919933564775388,3.315743926512033,5.271131874522197
4593,77339,85.93180421755446,2026-01-26,6.752644307253557,14.942248958031639,10.482503982446058,6.022799308304867,9.1090983283329
4594,77339,63.35988723961487,2026-02-02,0.0,11.675437135479086,4.771049765766977,-2.133378125049056,1.59375155224304
4595,77339,68.80416497588759,2026-02-09,4.291396300882142,22.339018890770827,14.306922315428409,6.274777889357658,10.813910802360327
4596,77339,80.31524164663837,2026-02-16,4.640323938239211,24.68192956974391,18.779910692141968,12.877873438519508,16.389301421019404
4597,77339,69.95636430814207,2026-02-23,0.0,24.674926782621263,18.86733515297133,13.059718296804201,15.37633423901651
4598,77339,66.34444484648658,2026-03-02,0.0,25.109103404598773,18.042403626281754,10.97571359690067,14.098129299578932
4599,77339,79.61365673083283,2026-03-09,11.306996497821068,26.873110076168533,23.25000255643551,19.626875177975517,20.57192728384103
4600,77339,70.61069141275303,2026-03-16,3.117991054608593,26.27542168903021,19.489172283831124,12.702914962385675,15.95295191505597
4601,77339,59.61203652606286,2026-03-23,0.0,23.788151064107062,16.47964995371029,9.171154624793626,12.085620338467837
4602,77339,69.85508913518154,2026-03-30,0.0,27.94911438278729,21.70079301170601,15.452420959573999,17.86566725521099
4603,77339,76.08913270642977,2026-04-06,6.490709146685448,26.714595970747492,22.62403498574336,18.533535145971214,19.553112087337787
4604,77339,71.11224869162534,2026-04-13,14.778470738278182,26.018855947490348,21.081391495519604,16.143905846370025,17.498581651086194
4605,77339,75.53123896565177,2026-04-20,1.923775543398775,27.653992954648253,22.501988539329005,17.349939192938713,19.378323593218816
4606,77339,80.39506488651631,2026-04-27,3.462784424547922,26.980206837959873,23.238432456164134,19.496626763957924,20.67027384599361
4607,77339,74.80155942684482,2026-05-04,14.308718875036357,27.447673887013956,22.384891087173482,17.32202861464356,19.102458557755728
4608,77339,81.83382773982356,2026-05-11,4.579304584169879,28.43524202939065,23.583416593372053,18.731575356922782,21.199289764459834
4609,77339,71.9458160862514,2026-05-18,0.000611235283384,30.13968028387888,25.357246547542,20.57482632517695,21.536413456855378
4610,77339,81.90891288187139,2026-05-25,12.132126007039018,29.126180587922104,24.73980994647124,20.35342790429351,22.330014105708194
4611,77339,76.67919266813124,2026-06-01,2.457241922925345,31.02816696686205,26.061955707783067,21.095727796201082,22.836225788081393
4612,77339,81.94083906761082,2026-06-08,7.687503857063857,30.563236548467017,26.917988199390827,23.272721927543138,24.429811086650624
4613,77339,77.86900649106398,2026-06-15,6.647401043884168,32.879314401649665,28.7729197734745,24.66648761442426,25.633012626031068
4614,77339,85.89369708030463,2026-06-22,20.867000042914402,30.837034530292513,27.384721456143577,23.932334170947907,25.433246633976236
4615,77339,71.32539108985151,2026-06-29,0.0,34.334375255801305,29.736379202936355,25.138332687309408,25.552940056926023
4624,77003,64.0856031984192,2026-01-05,0.0,23.215253163621195,16.82570682519164,10.436128134409477,12.695592643921222
4625,77003,74.02127002632324,2026-01-12,0.980986962735864,23.773377079212807,18.91700234865504,14.060512265411441,15.954490048969555
4626,77003,46.375716978534484,2026-01-19,0.060077724293932,17.012380775987218,11.53882548389085,6.065277281508284,6.121829845030699
4627,77003,80.56350382138652,2026-01-26,8.020324945789955,15.850192370130662,12.094795821314278,8.339241694474275,10.08713250529334
4628,77003,59.2049411647531,2026-02-02,0.0,12.3224555829009,6.267252205990842,0.212059049883189,2.627001366854941
4629,77003,63.7335209592574,2026-02-09,3.319894700554875,22.405193122763794,15.745786075844109,9.086181035514368,11.574350973342558
4630,77003,77.53579286766103,2026-02-16,4.111216213561851,24.93496011032384,19.79647136880778,14.657893447948537,17.027406136596753
4631,77003,66.57503312716122,2026-02-23,0.0,24.85430516315437,19.84150237810407,14.828573459471716,15.854922593907943
4632,77003,63.16962993751564,2026-03-02,0.0,25.15261090904688,19.396612365151,13.640559581801279,14.950221436063003
4633,77003,78.40276807298038,2026-03-09,17.008394637729936,27.104295250272813,23.704659678784164,20.30497095325739,20.851751017898735
4634,77003,67.06768566547434,2026-03-16,2.402919573047968,26.22767035734332,20.33117391186784,14.434703397330772,16.291426054914393
4635,77003,55.71682260738792,2026-03-23,0.0,23.606934973446567,17.726145839198278,11.84534258779934,12.739506391532823
4636,77003,66.27808253321437,2026-03-30,0.0,27.939783626902614,22.855528602292647,17.771299999320735,18.456180627648152
4637,77003,73.78456873785774,2026-04-06,5.131624965794271,26.702910604792212,23.210288667018197,19.71771910819977,19.80303204713342
4638,77003,69.15408633518443,2026-04-13,1.728660267737208,25.52285750126015,21.742322890516064,17.9618689779725,17.85632038178299
4639,77003,73.36821254939883,2026-04-20,8.561808466362981,27.6406078238485,22.931768781636677,18.222732688774396,19.4995355822648
4640,77003,79.57313006848099,2026-04-27,3.991616759337261,26.77275150883172,23.495285080685314,20.217744621329306,20.803576846531627
4641,77003,71.23446800245537,2026-05-04,13.254759380648306,27.665377841184018,23.094077009989913,18.522842299253597,19.31295232153869
4642,77003,79.07792982832365,2026-05-11,1.745523261065575,28.75262085750181,24.385572503125776,20.01852068706234,21.585543838602305
4643,77003,68.46079102314302,2026-05-18,0.014698100019728,30.534388702541502,26.289882534863004,22.04534268185022,21.896631098064482
4644,77003,80.23591911897806,2026-05-25,13.563805863328549,29.332710029638022,25.15821821027848,20.98380932179608,22.50491817612808
4645,77003,73.49121130101238,2026-06-01,3.327993907378867,31.421907399822455,26.793930757108825,22.16598470253678,23.063531024727805
4646,77003,80.49326134025317,2026-06-08,14.954631620927906,30.751890808968312,27.482852040111084,24.2137034872376,24.761469223386122
4647,77003,75.3851399980082,2026-06-15,1.179835158899796,32.85085580075298,29.523832956068446,26.196772374390296,25.97478571775055
4648,77003,84.68214161137439,2026-06-22,11.975497513044596,31.133274261405752,27.8803388499442,24.627502336019063,25.740067658048297
4649,77003,70.37039439176642,2026-06-29,0.0,34.07461330118375,30.16661353699189,26.258640470880607,25.808654221356033
4658,77011,64.7964287237829,2026-01-05,0.0,22.959170291859152,16.656895092827817,10.354622970897296,12.614888381439366
4659,77011,73.546691876524,2026-01-12,0.746113857428933,23.753037349648146,18.953835573113526,14.15459516492183,15.926604648769533
4660,77011,46.93231178821227,2026-01-19,0.048144769798471,16.855053969222745,11.559207495809297,6.263340378121618,6.194218405201341
4661,77011,80.21135124301043,2026-01-26,7.497065889689084,15.77019233320116,12.040744222874654,8.31115945143229,10.00004093339722
4662,77011,59.99945217618013,2026-02-02,0.0,12.090335454771866,6.139364709180785,0.188383925375268,2.576242587692132
4663,77011,64.67279849932012,2026-02-09,3.407410448863679,22.139325034114588,15.56652739644118,8.993676359936975,11.518382350387766
4664,77011,78.16705685534919,2026-02-16,4.057937010615979,24.689701163374146,19.604563288311777,14.519331821288752,16.92228070943792
4665,77011,67.10817572980079,2026-02-23,0.0,24.600972384169857,19.67951760073516,14.758091432974918,15.767689565771864
4666,77011,64.10410867488775,2026-03-02,0.0,24.946420826736826,19.22136255037058,13.496281304068004,14.907726674625536
4667,77011,79.17066555800206,2026-03-09,15.175467153878683,26.925119761145915,23.625771538466406,20.326344292556062,20.882317391001546
4668,77011,68.00760543841199,2026-03-16,2.101897607945679,26.008882317760563,20.182726033826643,14.356653744595025,16.273957610535554
4669,77011,56.77340686392537,2026-03-23,0.0,23.364939958177356,17.54707993167358,11.729157083788316,12.71165894795505
4670,77011,67.54369323841571,2026-03-30,0.0,27.717172903605423,22.662154205769006,17.607080329340082,18.44897273940555
4671,77011,74.8434741133678,2026-04-06,5.378718122072272,26.466597360800687,23.04111318397624,19.615611771798452,19.785455647337166
4672,77011,69.83950567395011,2026-04-13,1.627748620976889,25.27089293801642,21.648031216408334,18.025067018243046,17.859791668788514
4673,77011,74.12401938755107,2026-04-20,10.504271054526686,27.432293021715797,22.796044804483973,18.159838415213212,19.473599422669913
4674,77011,80.16636342563439,2026-04-27,4.691155119043152,26.56674111671055,23.359846913082603,20.152850417403858,20.759758592116928
4675,77011,72.18976274467022,2026-05-04,12.472817119233946,27.426814638643975,22.9277663284131,18.428648571876035,19.28804301807112
4676,77011,79.55087700309188,2026-05-11,1.774551211979281,28.531951429897617,24.224330013830805,19.91669794729454,21.496825960123278
4677,77011,69.19205573765797,2026-05-18,0.006806314409464,30.309221259210638,26.14115852495821,21.973085761810065,21.86619853240487
4678,77011,80.55990065670227,2026-05-25,12.50485508858424,29.109069994649488,25.01109188790558,20.913134958984347,22.408479368339734
4679,77011,74.03216392746707,2026-06-01,3.126373504369308,31.209529679940754,26.66000270641742,22.110481068387784,23.02112340658756
4680,77011,81.06057719142227,2026-06-08,15.967416267614926,30.538200383462563,27.3432483670882,24.148300742506635,24.711908487970916
4681,77011,75.95293841032117,2026-06-15,0.955645194043085,32.62452380393753,29.401930847101692,26.179359855130944,25.94587623348045
4682,77011,85.14063470383005,2026-06-22,11.877996813564286,30.97698684102896,27.74954693033404,24.522229375531914,25.680909465304225
4683,77011,71.30063416424984,2026-06-29,0.0,33.80165779577073,30.003704619516345,26.205677139077977,25.80138065944792
4692,77571,68.66099907072686,2026-01-05,0.0,22.241526066308957,16.388045036428075,10.53455622950268,12.804553830793536
4693,77571,77.25973498203187,2026-01-12,0.305208152575854,23.025739348701595,18.58183300410029,14.137890016495927,16.03077943247422
4694,77571,48.691055990239455,2026-01-19,0.0,16.60459168835162,11.377819572345619,6.151006686619569,6.218490543340569
4695,77571,85.78244938824837,2026-01-26,8.883409121147313,15.056071306856726,11.510017290623445,7.963959103210441,10.077566117567304
4696,77571,65.02314643460956,2026-02-02,0.021514251622592,10.781443350823302,5.591082061922876,0.400716026216678,2.493474796352281
4697,77571,70.41347950031508,2026-02-09,3.059192824059144,20.39603081837413,14.672765793021057,8.94947432360076,11.346032535576777
4698,77571,85.18612873507776,2026-02-16,4.355142072809758,22.925033102830753,18.555736915463616,14.186402922192734,16.76946756032479
4699,77571,73.69253075633445,2026-02-23,0.0,23.26494644830203,18.864063745119047,14.463153799617245,15.816240165437907
4700,77571,69.51421542830568,2026-03-02,0.0,23.290881140484373,18.401271428025538,13.511615418481936,14.824089689983236
4701,77571,86.11154286036287,2026-03-09,10.599814804524085,25.12314035680231,22.573545810832496,20.02387306874183,20.79174521443106
4702,77571,72.4586709565353,2026-03-16,1.70906165605958,24.873865174882344,19.82618319422182,14.778452314589618,16.509278828966067
4703,77571,60.52479079854825,2026-03-23,0.0,22.015864155881804,17.163096303376314,12.310303249196014,12.813043017087558
4704,77571,73.07346865650742,2026-03-30,0.003504137335396,25.971897527516102,21.859097571661803,17.74630168604643,18.425422660035586
4705,77571,78.3959876358901,2026-04-06,1.971995536818477,25.71942679114424,22.958831122460488,20.198212496203265,20.18403937768904
4706,77571,72.92505920743207,2026-04-13,0.584327652595546,24.545352212114132,21.566489570080194,18.587586388432463,18.185992811428534
4707,77571,76.87078282622159,2026-04-20,8.347253736654661,26.49594682763681,22.70736619385844,18.9187330636854,19.748589682182157
4708,77571,83.98127444831589,2026-04-27,2.949485954484645,25.57514887333197,23.13068503509375,20.686234745376836,21.069425036619435
4709,77571,74.81447874352867,2026-05-04,13.261371917718712,26.613551479118176,22.804143868549684,18.994733641705817,19.542900152786203
4710,77571,85.3587936546934,2026-05-11,1.297733477239933,27.363323606270423,23.695793405026762,20.02822260484924,21.777721278022664
4711,77571,73.67374847726205,2026-05-18,0.041225158980475,29.001619550368666,25.557362257045213,22.113075580525056,21.96565817007685
4712,77571,85.46561692878873,2026-05-25,14.74280012411687,28.043146613285238,24.634236068907732,21.225260230665704,22.717489323215297
4713,77571,78.71307453220258,2026-06-01,4.858226750559645,29.95426757696081,26.107224912799964,22.260184585278374,23.178052365019468
4714,77571,84.06280440287748,2026-06-08,15.482834017582224,29.804358059363885,27.007028934694027,24.209700888228642,24.82409250161044
4715,77571,78.7466598020506,2026-06-15,0.322968857104055,31.263881157835044,29.07084013418958,26.8777540420191,26.05006476773581
4716,77571,88.28503929168545,2026-06-22,26.95200943376402,30.140070490738793,27.372777386876425,24.605473253214,25.766079344316
4717,77571,74.39676488198288,2026-06-29,0.0,32.63335007961605,29.55039753189032,26.467446012814577,25.849911126522457
4726,77536,67.8353513456174,2026-01-05,0.0,22.824701633998377,16.478857219585624,10.132974951845002,12.792571530614204
4727,77536,76.21436319873355,2026-01-12,0.451317283215621,23.55167046167071,18.75883564842231,13.966001620743477,16.063772192372337
4728,77536,48.29545640522721,2026-01-19,0.0,16.956253940828425,11.498432370972168,6.040559691217054,6.283825812856684
4729,77536,84.37440440198185,2026-01-26,8.06760019755642,15.42498478129381,11.631326980446444,7.837663029146044,10.039432753143753
4730,77536,62.45781477330063,2026-02-02,0.001790345842432,11.670598112354563,6.026672061761499,0.38266662322222,2.679441412317164
4731,77536,67.44674622896837,2026-02-09,3.869599304621796,21.377582866769398,15.281609770979882,9.185626186140034,11.577199006530867
4732,77536,81.77514087282903,2026-02-16,4.427548822528406,23.961726712297025,19.18125769359411,14.400788723896953,16.96164099613239
4733,77536,71.27851940612874,2026-02-23,0.0,23.99411140703707,19.313707252450225,14.633301908288738,15.940471367816771
4734,77536,67.69579366534646,2026-03-02,0.0,24.06948648693173,18.764506025267544,13.459542630461865,14.9339963160953
4735,77536,83.75428766480648,2026-03-09,9.198287782917316,25.85101660572115,23.024468623878043,20.197876653160467,20.919005327907705
4736,77536,71.2494111320197,2026-03-16,1.81240461767142,25.471354208450116,20.051567254799693,14.631711959717657,16.568680136439575
4737,77536,59.560168608367285,2026-03-23,0.0,22.64355363648366,17.33230010439574,12.021024868005302,12.849949252888432
4738,77536,71.7913869277077,2026-03-30,0.0,26.691992605658115,22.1013200582529,17.510600731627164,18.485590987576856
4739,77536,77.23255284308289,2026-04-06,1.97568758141014,26.243525717366424,23.141412978434836,20.039284995801243,20.202729710178144
4740,77536,71.62598488187903,2026-04-13,1.409338190847633,24.94975347579531,21.723158511310405,18.496542833211194,18.163842366662184
4741,77536,76.17377761682091,2026-04-20,9.398042523994963,27.021843079120387,22.84234897515053,18.662770523710904,19.785996989406954
4742,77536,82.85396648376782,2026-04-27,3.372717326523844,26.019682977403445,23.29398444432218,20.568258114876148,21.0725350529998
4743,77536,73.95519156853365,2026-05-04,12.619310765240261,27.112599464897777,22.994705534841767,18.87681804914205,19.60385057764223
4744,77536,83.36087493905619,2026-05-11,1.256726020466264,27.943801820058052,23.984805746590613,20.02579372014608,21.78755687010016
4745,77536,72.22740003039661,2026-05-18,0.208949601602184,29.64647932240841,25.849454079519766,22.0523552491129,22.033988032339934
4746,77536,84.00716221631285,2026-05-25,11.139791076929043,28.559991754912076,24.823945315776363,21.087831029095902,22.702822008331395
4747,77536,77.5343681620089,2026-06-01,4.462292168231656,30.531114902180956,26.329557666899028,22.128008059435118,23.220790192459248
4748,77536,82.99991624648747,2026-06-08,17.69972259103444,30.220204125686923,27.188610546176122,24.15696395342807,24.847903900632506
4749,77536,77.7680777299788,2026-06-15,0.354404505500375,31.921245846988054,29.277530036934763,26.633734605983452,26.1017714500669
4750,77536,87.22405452685265,2026-06-22,23.009709472518605,30.554492197641636,27.543179181061397,24.531859610630985,25.779180876610756
4751,77536,73.45177360588308,2026-06-29,0.0,33.31740409571673,29.794077781610287,26.270766655665955,25.93585045454487
4760,77377,68.64030255062164,2026-01-05,0.0,22.748819772112668,14.777068805931982,6.805307661675887,11.292218434071305
4761,77377,75.79402302052962,2026-01-12,2.80373065552368,23.625737919351153,17.862922053762208,12.100066476551465,15.1230915721883
4762,77377,51.27270007580928,2026-01-19,0.481586695335078,16.51964531703758,9.83559043911347,3.151559330026199,5.129527135085477
4763,77377,83.26417506250371,2026-01-26,7.530560118639576,14.99594910248162,10.519859914789421,6.04373158554986,8.854854179914057
4764,77377,61.55612130645869,2026-02-02,0.0,11.529050492672997,4.545585762326022,-2.437892255960413,1.226573476566209
4765,77377,66.4588506726197,2026-02-09,2.752573171654058,22.897823799038015,14.239589978469471,5.581339601089959,10.504775412027856
4766,77377,77.56601553030058,2026-02-16,4.267894617797841,24.870403368832037,18.789626371687955,12.708834607895467,16.056306692723474
4767,77377,69.39087703778819,2026-02-23,0.0,24.72162328140443,18.2792445780221,11.836793389630284,14.774495882798044
4768,77377,63.64033674345154,2026-03-02,0.0,25.898614735551348,18.156883023326138,10.415131419778579,13.860778837704554
4769,77377,74.08938598699103,2026-03-09,4.672472899302292,27.94794882577267,23.801479193741656,19.65498739413607,20.31494519279309
4770,77377,68.4548856649494,2026-03-16,4.378357643691132,26.86447368145874,19.3880527848835,11.911579484636103,15.589654223609298
4771,77377,57.26897492347281,2026-03-23,0.0,24.29661997524539,16.60234729099591,8.908040638915834,11.921656879948706
4772,77377,66.3236290355606,2026-03-30,0.0,28.50642140468978,22.10847106999761,15.7105042951191,17.770100538398403
4773,77377,72.1044702921765,2026-04-06,3.474330412642366,27.329854571323203,22.93351832979385,18.53714290579444,19.305615557978207
4774,77377,70.68597701622461,2026-04-13,10.046860105600015,26.198750158774722,20.88446757069285,15.57014614635459,17.262892384336215
4775,77377,72.04245212613324,2026-04-20,2.035943142459285,28.28335948914797,23.049949421373768,17.816520776801095,19.423062983525195
4776,77377,77.98020904933541,2026-04-27,5.285031432062224,27.251717137036383,23.532117378342843,19.812494353117415,20.60443031856
4777,77377,74.9801248351296,2026-05-04,14.314485081804754,27.29629059491561,22.237189261435606,17.178040111622188,18.958457154934983
4778,77377,79.15499197129827,2026-05-11,3.095989576831059,28.940890171451,23.737982695134967,18.535099341621336,20.994994011526256
4779,77377,69.57942619879711,2026-05-18,0.073366832245301,30.858662623936254,25.64470191248054,20.430736199816685,21.474294007511496
4780,77377,78.35823245774023,2026-05-25,7.585712070230345,30.087347018859614,25.14554300365144,20.203703745936103,22.22711225661817
4781,77377,75.8935740390611,2026-06-01,4.019688482009858,31.311626030944737,25.969537101259558,20.62747402012122,22.630705457529743
4782,77377,79.41064848484993,2026-06-08,12.097199985860644,31.370801673940438,27.343883446909963,23.316972310978965,24.475080203948266
4783,77377,74.89220936156997,2026-06-15,2.649473128974366,33.723181427158245,29.31017215191723,24.897169244947616,25.698627928941953
4784,77377,83.38424752553925,2026-06-22,16.21602710310018,31.46581238882322,27.72889359316453,23.991950083144694,25.41104492638008
4785,77377,70.64961529982753,2026-06-29,0.0,34.58443162539978,29.82688900108117,25.06929125831769,25.53430291864973
4794,77433,67.3797680853317,2026-01-05,0.0,22.93359153852068,15.183770003228775,7.433918669637739,11.538443919306605
4795,77433,75.55571427309295,2026-01-12,3.887130794281695,23.72228634335557,18.077367077186793,12.432406391250359,15.309006382462705
4796,77433,50.74524191833251,2026-01-19,0.505511243130055,16.58490809591927,10.117819691054182,3.650709281082377,5.329131929197933
4797,77433,81.86335584260617,2026-01-26,7.924489906185096,15.51894692687517,11.0840359108416,6.649111883573957,9.256365099636902
4798,77433,61.02864245441404,2026-02-02,0.0,11.631920309364554,5.008034597865498,-1.615802446607041,1.6097149948358
4799,77433,66.13755485148738,2026-02-09,1.885731612439689,22.91036649200997,14.514290316144585,6.118132447002692,10.72965192905958
4800,77433,78.42492271730768,2026-02-16,5.358093627664346,24.90353299656455,18.949819779039366,12.996055011302492,16.31654788425879
4801,77433,69.48287572499095,2026-02-23,0.0,24.672275924731984,18.538671840569393,12.405026691663554,15.025313301603495
4802,77433,64.23050960951838,2026-03-02,0.0,25.698691132765934,18.41397887205583,11.129236148175785,14.175660443147777
4803,77433,75.04605330798972,2026-03-09,2.840315714969344,27.953832115635823,23.835432247027356,19.716974018163512,20.48560257757908
4804,77433,68.44752779774045,2026-03-16,5.062516953694008,26.669774782828874,19.565723181292487,12.461645754531663,15.760933785892917
4805,77433,56.975431979540204,2026-03-23,0.0,24.10049873238643,16.81125621876808,9.521974229037209,12.080392087995456
4806,77433,66.00379625173208,2026-03-30,0.0,28.42526361483622,22.37681437844364,16.32833595492078,17.974424331221865
4807,77433,71.11233673749196,2026-04-06,3.186198535524432,27.62113406292883,23.36177795660892,19.102387332693976,19.577101364813913
4808,77433,70.02950186719056,2026-04-13,13.036620314882999,26.4844367320574,21.28049077575846,16.07651038586622,17.541002037754524
4809,77433,71.43172066606502,2026-04-20,1.875986353518208,28.55965452746329,23.321548799439718,18.083417373124032,19.600191091214324
4810,77433,78.36899182077431,2026-04-27,6.728273513120079,27.390013692466255,23.72523698831682,20.060418212327896,20.84035502485039
4811,77433,74.28353457699257,2026-05-04,15.685633570092392,27.572635875081147,22.544357676977608,17.516038517633607,19.169796473623602
4812,77433,78.83110552999105,2026-05-11,2.180170802051714,29.0273158648774,24.062078269834902,19.096793546014464,21.25286595610899
4813,77433,69.10847305813198,2026-05-18,0.075944201802944,31.003253962873973,25.92525801909248,20.84723085205025,21.667603865799972
4814,77433,78.43789821094833,2026-05-25,9.684422456646448,30.235254340244374,25.34477217000672,20.454265632236446,22.42931622948911
4815,77433,75.71115681699766,2026-06-01,4.355584795327285,31.306326209025443,26.12836247684281,20.950339779834163,22.758367637321527
4816,77433,79.30083336452896,2026-06-08,11.540505112071026,31.43490919327959,27.55279254749555,23.670624523900756,24.66152111219735
4817,77433,74.94302372060116,2026-06-15,3.594565455882919,33.620924511512115,29.456287556027558,25.291644285601294,25.845107424576177
4818,77433,82.9649437944164,2026-06-22,13.584709671594805,31.66063001175388,27.96340778867554,24.26614120953002,25.575815502007963
4819,77433,70.95717725282303,2026-06-29,0.0,34.47621113098645,29.86205951836858,25.247880226346965,25.615371303937533
4828,77429,67.46145584316152,2026-01-05,0.0,22.98105523852691,15.274912764336605,7.568750702148249,11.627381674235949
4829,77429,75.05058221694674,2026-01-12,4.428574062736438,23.77920983752211,18.183917637161734,12.588579459977547,15.339011203894376
4830,77429,50.20970776216674,2026-01-19,0.506517194281723,16.663580701200193,10.300293497267017,3.937009738154567,5.432744450566388
4831,77429,81.84389062639988,2026-01-26,6.297541528955639,15.436812323264753,11.040732946575748,6.644618923767307,9.212031062511908
4832,77429,60.12132648914895,2026-02-02,0.0,11.743319969281682,5.149158893164497,-1.445040920132471,1.665982154462251
4833,77429,65.02794956664242,2026-02-09,3.292126209400221,23.027921013260837,14.771390134937857,6.514823304901268,10.831574600521689
4834,77429,76.84788824455379,2026-02-16,5.056891559189803,25.074643854221616,19.15358378608723,13.232512465113722,16.31948111749142
4835,77429,68.16844565233501,2026-02-23,0.0,24.87563772282796,18.814492870595597,12.753298096379222,15.11590706097997
4836,77429,62.84878289401793,2026-03-02,0.0,25.944826356551225,18.627186954845648,11.309533147555111,14.192699820937351
4837,77429,74.20405051158039,2026-03-09,4.504472028094371,28.081596535979394,24.013536221845808,19.945413938712974,20.54043015318047
4838,77429,67.90554547220655,2026-03-16,4.531887934678035,27.04093803213918,19.74884260364702,12.456693903118708,15.858729761881053
4839,77429,56.246324124929465,2026-03-23,0.0,24.499588674079206,17.08101542637122,9.662409223992338,12.225041509221246
4840,77429,65.32231110299915,2026-03-30,0.0,28.74518956087283,22.57705338507376,16.408871199726175,18.06532952411098
4841,77429,71.13071649439539,2026-04-06,3.951053432488116,27.533277677657132,23.34828349881666,19.163250283687532,19.566584505274072
4842,77429,69.9916170089802,2026-04-13,16.243832288963244,26.48035866570313,21.27540375944763,16.070408593069033,17.524646641293828
4843,77429,71.32980920591942,2026-04-20,1.943042380098108,28.44127288480626,23.363768378850047,18.286188326635127,19.622088008697087
4844,77429,77.45916267062987,2026-04-27,4.978717104289363,27.423748915747737,23.81107695051137,20.198350449157275,20.801126552339113
4845,77429,73.69346297350813,2026-05-04,16.357195315372525,27.69626060041588,22.65918951796513,17.622034432452473,19.192627893997994
4846,77429,77.88071101341498,2026-05-11,2.195486990650245,29.293577609238483,24.198412184864488,19.10322777939248,21.258557309131298
4847,77429,68.2077982151884,2026-05-18,0.028612345464428,31.322876111969595,26.127673451305192,20.9324928770525,21.72461664422313
4848,77429,77.42866396406907,2026-05-25,9.42150376961362,30.411138720717844,25.479529307226038,20.547873001592304,22.41893941069761
4849,77429,74.82930926205559,2026-06-01,4.044875823546526,31.60499390738829,26.326368610253137,21.047757012487708,22.815801170165475
4850,77429,78.64167829011686,2026-06-08,17.07802376768838,31.637296076358428,27.6372100248462,23.637058062401216,24.644374377738973
4851,77429,74.0412230704039,2026-06-15,3.666815562421696,33.904377422758934,29.62672626810497,25.349103144415082,25.868891597643273
4852,77429,82.22699324496551,2026-06-22,11.80854503062574,31.85294017699553,28.089257074191526,24.325519296191146,25.590282918745995
4853,77429,69.71152738574884,2026-06-29,0.0,34.86718797156739,30.165962550397534,25.464695525148322,25.704352191143293
4862,77036,66.3092322160314,2026-01-05,0.0,23.38658195915926,16.32404643600278,9.261488511593601,12.477830947488807
4863,77036,74.7358186687878,2026-01-12,0.682791573983935,23.884644463702326,18.739994101846907,13.59535432068126,15.873982722753414
4864,77036,48.28023744655552,2026-01-19,0.150599025645987,16.945257646837437,11.060494234753213,5.175732420279148,5.912822861378863
4865,77036,81.40867669851058,2026-01-26,6.635084424243659,15.985609730133739,11.992960039933262,8.000258422556211,10.083194486757142
4866,77036,60.42478227806997,2026-02-02,0.0,12.188978369545994,6.060396247343745,-0.068290753971208,2.530555818245802
4867,77036,65.50918738347076,2026-02-09,2.541975269503254,22.60861749782715,15.413232234588625,8.217829774489406,11.493114124546564
4868,77036,78.95960299564011,2026-02-16,4.113044082641538,25.074660154437076,19.627420205903963,14.180118487648636,17.039414304160562
4869,77036,68.51502620610003,2026-02-23,0.0,24.97821030133394,19.651249345810253,14.324208121371413,15.926227713593391
4870,77036,65.44378009372693,2026-03-02,0.0,25.385228456096666,19.074861199921756,12.764458590954769,14.942804143711568
4871,77036,77.85601459509252,2026-03-09,6.224617885227515,27.704606861675433,23.930752390074822,20.15688096736069,20.98268636890937
4872,77036,67.75805227114864,2026-03-16,2.699422503126954,26.68399519692508,20.278303639745516,13.872541832554402,16.336765498368017
4873,77036,56.317277823735616,2026-03-23,0.0,24.111773579410954,17.497554333695298,10.883330566032724,12.612735710119567
4874,77036,66.5795607610016,2026-03-30,0.0,28.52314291446299,22.809430075022735,17.0956392985975,18.45440360569761
4875,77036,73.1203172262488,2026-04-06,2.451295407195733,27.324711776790444,23.557597796842206,19.790488420757203,20.0407942980413
4876,77036,71.0108192899272,2026-04-13,4.841285564021756,25.954842580562666,21.690392047579262,17.42595713482957,18.045897829080435
4877,77036,73.35432549077841,2026-04-20,7.076517710471736,28.320708726613052,23.287763479341542,18.254730704434838,19.83267231556765
4878,77036,80.72673207574047,2026-04-27,5.928749420102987,27.106964633303956,23.672299352430183,20.23761927153749,21.11809946286859
4879,77036,72.20451385480136,2026-05-04,12.558840969367328,27.990026693801074,23.179627031580168,18.369169820132434,19.524766411725103
4880,77036,79.57601288309836,2026-05-11,0.878171695778587,28.90005001012416,24.399449878337624,19.898895305549846,21.665392249699014
4881,77036,69.29024445713988,2026-05-18,0.062494697808534,30.672144667532212,26.16776863577353,21.663328362633624,21.913373194402176
4882,77036,80.85850993793325,2026-05-25,21.114826830891264,29.52372309893556,25.161898076935696,20.800003449832257,22.593316897182305
4883,77036,75.53508869295247,2026-06-01,5.118832498429573,31.12323725250446,26.37666584270218,21.630002886692225,22.95975958385906
4884,77036,80.24016933985689,2026-06-08,7.858569316184489,31.04454788471295,27.588783416702967,24.133047642300188,24.828637304436093
4885,77036,76.1921133651652,2026-06-15,3.480198298721843,32.88244832374447,29.35729868461196,25.83199835127564,25.938585777109136
4886,77036,84.67562601572313,2026-06-22,14.49367508073106,31.252047506296197,27.922866716760566,24.593637639706653,25.776069821810275
4887,77036,71.95197007375862,2026-06-29,0.0,33.94650253440762,29.807215331543194,25.667871606454376,25.718740096376383
4896,77074,65.9263419706566,2026-01-05,0.0,23.415389430041387,16.423621691613796,9.431804078989487,12.524160735403889
4897,77074,74.55285221749625,2026-01-12,0.67372180466506,23.826790768633476,18.787462413551882,13.748119554089193,15.89938178308932
4898,77074,47.74156395947895,2026-01-19,0.118313042460423,16.93816987189791,11.163314934253556,5.388326332210219,5.949704239150974
4899,77074,81.51293747358956,2026-01-26,6.961970456618041,15.888352912022754,11.98569203959092,8.082947553792707,10.088555425746122
4900,77074,60.18711071611812,2026-02-02,0.0,12.153661917424659,6.098954378517479,0.044264759043785,2.547457408378604
4901,77074,65.41581321368972,2026-02-09,2.311960802777445,22.45761188441231,15.416735818893283,8.375751702829588,11.482750239916012
4902,77074,79.2180018932592,2026-02-16,4.296122412970926,24.931838634409992,19.563848490963455,14.19583887816543,17.011702066569722
4903,77074,68.7617783289433,2026-02-23,0.0,24.75979293529262,19.57044791440986,14.381077998811813,15.879210000174547
4904,77074,65.78493379956085,2026-03-02,0.0,25.160431881982916,18.946580462252093,12.732727722425022,14.867520448704841
4905,77074,78.07913756830983,2026-03-09,6.791722704773744,27.529284929951075,23.840231656964413,20.151207034512005,20.928994442628902
4906,77074,67.86413279135657,2026-03-16,2.456921410195571,26.53226848644275,20.196840845271918,13.861365485710364,16.276324119703155
4907,77074,56.493849283185696,2026-03-23,0.0,23.9482829346632,17.402359193430517,10.856506111093244,12.552256155994534
4908,77074,66.81902331869978,2026-03-30,0.0,28.35846730896374,22.707211168415398,17.0558841761269,18.392358573017415
4909,77074,73.4356511708551,2026-04-06,2.417882790294348,27.160372516476915,23.45747870178034,19.754416526143505,19.990392554088327
4910,77074,71.17760818029298,2026-04-13,4.073548945875077,25.75326677728659,21.6168455601163,17.480386312195524,18.000102624164708
4911,77074,73.66541269089123,2026-04-20,6.981333119165822,28.139866426738067,23.178287466535277,18.21663836151659,19.771908642126647
4912,77074,81.13966156635789,2026-04-27,5.829429504271126,26.90217879720202,23.543048783971933,20.183950185449255,21.05042353826257
4913,77074,72.28778906209777,2026-05-04,13.19238026936763,27.86258532140326,23.109398732121193,18.356137708330415,19.474792311004904
4914,77074,79.86507512498746,2026-05-11,0.772528917570632,28.792516686291968,24.349173556316973,19.905809509887035,21.654567893700836
4915,77074,69.58408024146732,2026-05-18,0.052969887002773,30.549093270607234,26.083016649353826,21.617001469766898,21.876657680584987
4916,77074,81.25454982962312,2026-05-25,21.189657126607855,29.383138489137806,25.07840026345315,20.773612385939444,22.5679518451664
4917,77074,75.76249769221113,2026-06-01,4.614073622513721,31.048833064405088,26.306902298507087,21.564956932164023,22.927292938947033
4918,77074,80.28013281347773,2026-06-08,8.114051121483751,30.969137407804073,27.538624223471057,24.10804783112803,24.787525598027777
4919,77074,76.57855998361232,2026-06-15,3.197406079996268,32.72133044230697,29.223566703732658,25.7257078368517,25.869462326601184
4920,77074,84.75943434284015,2026-06-22,12.809886117681081,31.196101559953338,27.860417157762264,24.524642402969697,25.72976120209379
4921,77074,72.16542112244187,2026-06-29,0.0,33.83703254692452,29.702934499074527,25.568822153774263,25.65384842945569
4930,77338,69.50653562229782,2026-01-05,0.0,22.8309726012479,15.275146164851229,7.719323604453427,11.844839452134092
4931,77338,76.35734386237095,2026-01-12,4.009443113313072,23.565350078497907,18.316802332325146,13.068226758404819,15.645891798219338
4932,77338,51.37138350731354,2026-01-19,0.368086342384053,16.535859099267867,10.194744603379664,3.853617847680049,5.455958963466365
4933,77338,84.7525831525517,2026-01-26,6.984364037401757,15.070701208531709,10.809887181907534,6.549051154639026,9.308133161224205
4934,77338,61.914449437706324,2026-02-02,0.0,11.757285463266369,5.161645673851757,-1.433994311323473,1.836754182737764
4935,77338,67.13077697307176,2026-02-09,3.093267547653531,22.36900490152852,14.728371610501462,7.087649629658049,11.021051793543737
4936,77338,79.05770696082132,2026-02-16,4.450027856441432,24.71165607603242,19.063225850102782,13.414729487913636,16.509633634405315
4937,77338,68.96179582810885,2026-02-23,0.0,24.615603217257597,19.128837791473213,13.642031853253389,15.496530576113685
4938,77338,65.3979178135057,2026-03-02,0.0,25.13533029422301,18.353074525332442,11.570839586255582,14.271102914989278
4939,77338,78.82191947789423,2026-03-09,11.36175649754814,27.0952176450093,23.47804054284461,19.860827447630268,20.683518364822305
4940,77338,69.58672477281479,2026-03-16,3.304568975979877,26.325313795882202,19.69608714523148,13.066800148957823,16.020960440245332
4941,77338,58.1256819329291,2026-03-23,0.0,23.76847363097321,16.834411405764957,9.900334413431592,12.232236705138469
4942,77338,68.51971389723536,2026-03-30,0.0,27.95976215268847,22.07353258653778,16.187257985064576,18.035359135543523
4943,77338,74.90825137304464,2026-04-06,5.078734926779131,26.778353654687052,22.877547633105927,18.976712898548364,19.637388546837695
4944,77338,70.94065339110057,2026-04-13,13.8269483700087,25.858048010198694,21.185931623167036,16.51375885444521,17.573246922836127
4945,77338,74.8092326468126,2026-04-20,2.591374623757506,27.611821617266088,22.720412050778688,17.82896360220621,19.488280550267987
4946,77338,79.80510277471402,2026-04-27,3.643353762487253,26.856205485540336,23.42251860752083,19.988783347889704,20.76808890148306
4947,77338,73.92856184517416,2026-05-04,14.55723075825519,27.45554388786752,22.618404348309895,17.781254321554755,19.210691324178594
4948,77338,80.54434459012822,2026-05-11,4.783014143103876,28.533284935592793,23.86212830404537,19.190926738634648,21.294052799860978
4949,77338,70.15973034273426,2026-05-18,0.009918661294717,30.267666188230034,25.770956099636248,21.2741763549811,21.666834251796143
4950,77338,80.65983354949005,2026-05-25,11.755936276099927,29.297165604944453,25.008117394335528,20.719016254134914,22.4180708672745
4951,77338,75.6386494622775,2026-06-01,3.001136035964036,31.011721363316838,26.28233713275006,21.552932520165207,22.892960712151563
4952,77338,81.18356701960636,2026-06-08,8.39849254037484,30.582752513701678,27.123826732572738,23.664831310282157,24.51650430374459
4953,77338,76.87223470583949,2026-06-15,4.215964471044684,32.85326924649698,29.014717396022796,25.176123673978246,25.715384361014316
4954,77338,84.68848908611886,2026-06-22,20.538790266141298,31.023237439279992,27.651281237299578,24.279212099129246,25.520744816653306
4955,77338,69.93898838382236,2026-06-29,0.0,34.383823424508485,30.019598542894784,25.655340201477955,25.602824198349495
4964,77018,65.60376953728357,2026-01-05,0.0,23.05268839548533,16.446684500994973,9.840637737285673,12.515075486923534
4965,77018,74.90628943453535,2026-01-12,2.200310606967103,23.62887169440238,18.72534019317748,13.821761252937689,15.869758998656284
4966,77018,47.76426965185158,2026-01-19,0.295009186825033,16.673993630860505,11.227440771252924,5.780769790200423,5.998235883238959
4967,77018,81.86298995088995,2026-01-26,6.610013572697301,15.572622004663945,11.767077635877524,7.961534898290694,9.905558434779207
4968,77018,60.35473878826199,2026-02-02,0.0,11.989162264754436,5.975679811562621,-0.037867279291501,2.449482493064604
4969,77018,64.56798914443236,2026-02-09,4.071640537776963,22.484643099754656,15.585289288632945,8.685897479301643,11.526436346772144
4970,77018,77.68515688671022,2026-02-16,3.943724195221833,24.867691570631102,19.74720448960617,14.626690119034455,16.995843733530705
4971,77018,67.6521595443949,2026-02-23,0.0,24.754789600503813,19.73026974164001,14.705755123112008,15.892854619931425
4972,77018,63.17942615001136,2026-03-02,0.0,25.249767710559713,19.352773073597298,13.45575201690899,14.908576391285704
4973,77018,78.10710710835134,2026-03-09,12.803740567850818,27.375430328697597,23.88180291699864,20.388047352452894,20.973065921327237
4974,77018,67.56483026182653,2026-03-16,3.951916886557915,26.554929405503398,20.38503930962055,14.215091257674718,16.407078077887878
4975,77018,55.22702515125996,2026-03-23,0.0,23.887446934390205,17.833760352612558,11.780076283926848,12.774003006599001
4976,77018,65.7256198159495,2026-03-30,0.0,28.254334099848396,22.9927858792266,17.731292401654535,18.508043040884278
4977,77018,72.86117756535965,2026-04-06,4.155975728099018,26.928879327945232,23.528526086024176,20.1281146696474,19.9783891730464
4978,77018,69.75049015843769,2026-04-13,4.483022262045402,25.609820374502636,21.707218317304818,17.80453130459097,17.89982744058083
4979,77018,73.0936397013995,2026-04-20,7.011069192449086,27.717294644684017,23.226571223797652,18.735793273611954,19.73541710884158
4980,77018,79.20726940434619,2026-04-27,5.563078508526825,26.903791948055243,23.765195853724645,20.62656620760982,21.005739076445437
4981,77018,72.07797679690461,2026-05-04,11.954901056751991,27.625064884744504,23.08220122317051,18.53932337508515,19.404943933229717
4982,77018,78.61515191459046,2026-05-11,4.334009177975011,28.793405054187513,24.44391392346141,20.09441896627048,21.582362828557976
4983,77018,68.0686771213521,2026-05-18,0.035424155100196,30.559011453771294,26.364590152544277,22.17013387033828,21.910382508474033
4984,77018,79.91414448838255,2026-05-25,15.312396481208578,29.448676586567053,25.227833589012757,21.007001002319942,22.524737659630105
4985,77018,73.54806742081861,2026-06-01,4.185117236062287,31.393347190677034,26.78338734030889,22.173439745339937,23.054432459626163
4986,77018,79.91475948807046,2026-06-08,15.367278569327103,30.87988483005761,27.547818226393364,24.215735955237303,24.736064510223997
4987,77018,74.83451602256382,2026-06-15,6.858554351460736,32.97321104203086,29.592840722690443,26.212391708704423,25.955909714277382
4988,77018,83.65976212709255,2026-06-22,17.15737020003576,31.32714189564936,28.013451136059043,24.6997241925566,25.719544530251962
4989,77018,69.13312808800896,2026-06-29,0.0,34.22899234260858,30.377910068611616,26.526791243907933,25.810793219342273
4998,77022,65.83252760501571,2026-01-05,0.0,22.993639320685922,16.4346378543673,9.875653542196309,12.527722838001527
4999,77022,74.9318628315345,2026-01-12,1.683889144920062,23.582134036184122,18.73588483428661,13.889676951147987,15.880822693335015
5000,77022,48.14008103831049,2026-01-19,0.228706597207711,16.67819835472251,11.20889703900579,5.739572501791162,6.01859237708029
5001,77022,82.22158378731243,2026-01-26,7.022146216835411,15.46273540479461,11.680798004281986,7.898803426746447,9.858912079380094
5002,77022,60.74994039523801,2026-02-02,0.0,11.969035609817865,5.927242941601502,-0.114534036287784,2.437384116836108
5003,77022,65.0423362204982,2026-02-09,4.953471385506703,22.467623102197354,15.530501952113065,8.593365185683352,11.525567786766999
5004,77022,78.11292708068294,2026-02-16,4.084832760385666,24.813976363434563,19.648015584372015,14.481923942825098,16.95414205095236
5005,77022,67.93284704582848,2026-02-23,0.0,24.711109298042686,19.694983487261467,14.678773119831037,15.891316992462801
5006,77022,63.87279127853312,2026-03-02,0.0,25.141562101384118,19.212803614197746,13.283932927627122,14.87238959445364
5007,77022,78.68832104511941,2026-03-09,15.244002755844967,27.189817746606693,23.76249717876773,20.335028449710492,20.9400063499033
5008,77022,67.83432822381275,2026-03-16,3.266253471802542,26.416725547214938,20.32017262071395,14.223544880389273,16.380986260906532
5009,77022,55.41449426018619,2026-03-23,0.0,23.771773265194685,17.749374563665427,11.726941098302188,12.723835151894413
5010,77022,66.03442295530637,2026-03-30,0.0,28.11664242921918,22.902136358933905,17.687611448014117,18.46672646043928
5011,77022,73.38396221191365,2026-04-06,4.797260094215369,26.737980721069928,23.365699471240074,19.99335526261894,19.896203549019585
5012,77022,69.91706466982174,2026-04-13,3.373562327368993,25.418082209578603,21.59655948291184,17.77505930317597,17.823556951511
5013,77022,73.51817026255661,2026-04-20,7.501644923122381,27.511434927670944,23.070309153855888,18.62911427064273,19.64695088612097
5014,77022,79.61031781530485,2026-04-27,5.034997351972165,26.69674698434593,23.609930273357172,20.52299256673021,20.915708548766904
5015,77022,72.32107866488525,2026-05-04,12.719811725437982,27.47434222770835,22.973191630826996,18.47191667956403,19.336646145941
5016,77022,78.91836501186094,2026-05-11,4.865454931505552,28.6935499673977,24.328804945866132,19.964071661627916,21.513532186985394
5017,77022,68.32021351011606,2026-05-18,0.043262329973774,30.456392886242092,26.268635889690383,22.080782547919092,21.857397926417967
5018,77022,80.08721495954926,2026-05-25,15.18649793510648,29.335495524222587,25.137469534191474,20.93937864722383,22.462743288506402
5019,77022,73.67724038716189,2026-06-01,3.589000180002452,31.344135328562707,26.734859217383573,22.125680405548703,23.02906660205217
5020,77022,80.67712680566265,2026-06-08,19.097728320012052,30.69170048457488,27.385517135790636,24.079354712686424,24.69014889279218
5021,77022,75.30345120334277,2026-06-15,5.486065359845584,32.789505522312574,29.491434931255732,26.193379639646587,25.931787714075497
5022,77022,84.28526057648642,2026-06-22,16.296389638978663,31.195975583771258,27.886678839239636,24.577321423409465,25.688277396774303
5023,77022,69.45654392163908,2026-06-29,0.0,34.11232199411838,30.3051028107591,26.4979675565372,25.793956880024005
5032,77382,70.08353050559089,2026-01-05,0.0,22.415474975358503,14.483016454322984,6.550818025368753,11.178186266488794
5033,77382,77.23371990739804,2026-01-12,2.006298884883856,23.59090909266833,17.80444810493683,12.017985209856697,15.242515664460516
5034,77382,52.15469215963917,2026-01-19,0.426356719891179,16.493454734190394,9.73496556734625,2.976096842344557,5.127083596797702
5035,77382,85.11973995597594,2026-01-26,9.596372070536455,14.911478264433821,10.244786611835071,5.577903733709625,8.787688974275401
5036,77382,61.387876088845985,2026-02-02,0.0,11.68106316309451,4.492571353912354,-2.695964525448551,1.180787692848214
5037,77382,67.95081545524248,2026-02-09,3.470377234703844,22.551883078155743,13.897134079182788,5.242336498284327,10.348127187641825
5038,77382,77.72484759696471,2026-02-16,5.580548693705921,24.951575807123724,18.673446094799424,12.395131981861795,15.966485973296825
5039,77382,69.10633466194614,2026-02-23,0.0,24.706330980010755,18.224748699205072,11.743124776657751,14.694477513752467
5040,77382,63.5905092605948,2026-03-02,0.0,25.93663749816019,17.94829806033691,9.95991635779695,13.67451125529141
5041,77382,75.26333888356231,2026-03-09,3.881630571576729,27.976828458459103,23.63652469112558,19.296079195441678,20.31553453217453
5042,77382,68.4388176408041,2026-03-16,3.905149817409129,26.907165055372065,19.388620168536463,11.870069556599688,15.58871312276274
5043,77382,56.90477912457375,2026-03-23,0.0,24.589447734703814,16.656714647397116,8.72444655332627,11.925779198214663
5044,77382,66.38093317241257,2026-03-30,0.0,28.74777189333903,21.983756624484034,15.219876659056197,17.672284895344703
5045,77382,73.1746270660579,2026-04-06,5.036493029120765,27.217490085006794,22.73886369421032,18.260615529168433,19.26074044540984
5046,77382,70.80843513371615,2026-04-13,6.728612704531531,26.13804017155538,20.768104683112906,15.398121866251119,17.173515222037345
5047,77382,72.16850305962745,2026-04-20,1.970336550791401,28.399306973138223,22.98894852555955,17.57863968287159,19.383276279261327
5048,77382,77.92909624618429,2026-04-27,4.526291603806404,27.290578665996726,23.48463178984472,19.678782369819487,20.54889465100456
5049,77382,74.67791869564807,2026-05-04,13.300156798282213,27.43556028108885,22.19410688363844,16.952704337028827,18.87312744822685
5050,77382,79.41252059562284,2026-05-11,2.316750948014709,29.143635619315464,23.615934455562382,18.08841835382117,20.91861300619067
5051,77382,69.72497582890068,2026-05-18,0.099968846624757,31.039431207069264,25.539629320484647,20.03982100897682,21.39594673610857
5052,77382,78.49791604847185,2026-05-25,8.112761141918169,30.15236817034434,25.152515134195216,20.15275371380121,22.248431206032386
5053,77382,75.76128057270039,2026-06-01,3.619912324643242,31.47460367995001,26.014883328814847,20.55511539846337,22.644828980889052
5054,77382,79.66285654609996,2026-06-08,6.521116506334756,31.411364491726967,27.2556381232152,23.09976679620733,24.427202513769625
5055,77382,74.92485152852652,2026-06-15,0.942398675636811,33.91541860691094,29.21596132706518,24.516312017211572,25.614487800400124
5056,77382,83.30107267941725,2026-06-22,14.689910969338523,31.54852030588635,27.696077185027413,23.84340333028893,25.36806364304894
5057,77382,69.02237454455064,2026-06-29,0.0,35.001073161489714,29.994270644024137,24.987424285192514,25.43558375511903
5066,77354,69.3849173756278,2026-01-05,0.0,22.673462068570025,14.632472695291531,6.591503157679853,11.240806366115407
5067,77354,76.38784622374183,2026-01-12,1.861827836043275,23.68523310711337,17.907579546668984,12.129846565214828,15.241874837713887
5068,77354,51.58332477255375,2026-01-19,0.434721203917874,16.703824202259202,9.856318941121682,3.008662983655522,5.177026699447258
5069,77354,84.33678629023451,2026-01-26,8.960929146833266,14.93002732194785,10.3689844332824,5.807946436068006,8.824477178803647
5070,77354,61.273563761246386,2026-02-02,0.0,11.733497448504714,4.508536515189726,-2.71658049359481,1.181237820391945
5071,77354,68.43351570177143,2026-02-09,3.463993361066298,22.565074981540217,13.865249452080553,5.165460701054436,10.36629847871741
5072,77354,78.3286289151482,2026-02-16,5.342587314397179,24.856263495897664,18.61886698940955,12.381436253449296,15.98211572565769
5073,77354,69.87028742811127,2026-02-23,0.0,24.574909480716343,18.123268440534815,11.671436360404938,14.692118006441996
5074,77354,64.339677396162,2026-03-02,0.0,25.804449520866793,17.834565888019817,9.864685266051245,13.660753417899313
5075,77354,75.66660917542934,2026-03-09,4.297263353936357,27.833992431167623,23.557657533432597,19.281270468286564,20.29414365826504
5076,77354,68.88176534663808,2026-03-16,3.997219667108958,26.734628013481547,19.27717811127377,11.81966309671743,15.538284120597522
5077,77354,57.609225087680564,2026-03-23,0.0,24.328319379023096,16.461654902557402,8.595002919676999,11.837346215955703
5078,77354,66.80115558193081,2026-03-30,0.0,28.563913597463973,21.910832733003677,15.257597951392274,17.65822211852416
5079,77354,73.35894303317458,2026-04-06,3.79402167228256,27.07101415115311,22.685091006545303,18.29916282908506,19.236346973097085
5080,77354,71.37537368069863,2026-04-13,7.578883681424425,25.94381719087463,20.698813778220618,15.453942073006704,17.182726406728065
5081,77354,73.08323645130291,2026-04-20,2.002846341958859,28.12562972452406,22.81653017972478,17.507341552455276,19.343285530378047
5082,77354,78.74902038852697,2026-04-27,4.918157066485529,27.060961196970805,23.374017815303954,19.6870706243554,20.552416557597706
5083,77354,75.5472113606384,2026-05-04,12.991558656613401,27.179243588306548,22.033395171282084,16.887537450041048,18.833620253806338
5084,77354,79.86082272267613,2026-05-11,2.482469319599215,28.9206541000658,23.531228178655915,18.14158436157205,20.89423205938348
5085,77354,70.03680835699534,2026-05-18,0.097664639838518,30.830025508477725,25.4457157661628,20.061460930501706,21.353268021170912
5086,77354,78.87781616659895,2026-05-25,7.512775587198391,29.98835146047154,25.03579590057749,20.083217786836656,22.190140947881964
5087,77354,76.27349759138775,2026-06-01,3.378456336814186,31.338997408003817,25.860111448411473,20.381191432641344,22.571508211814606
5088,77354,79.91065748664964,2026-06-08,7.131881443243194,31.27514706465324,27.146493276456926,23.01795950784229,24.357004826542088
5089,77354,75.10575335890002,2026-06-15,1.222107813858003,33.791461719079194,29.143151017411128,24.494792003896283,25.57234271401437
5090,77354,83.6952453499637,2026-06-22,19.524049429458824,31.383785313146394,27.570224585765384,23.75659087580983,25.30169673573633
5091,77354,69.74451730640654,2026-06-29,0.0,34.77667317701367,29.82791768025462,24.8792032531618,25.393389781565975
5100,77386,69.8336077033225,2026-01-05,0.0,22.64217278175819,15.033535596133808,7.424929395449286,11.657513750890315
5101,77386,76.3768092254699,2026-01-12,3.952056435988749,23.535079204897077,18.209936616040096,12.884723451985513,15.541918958487903
5102,77386,51.698721658475684,2026-01-19,0.395651111897075,16.404591142866572,10.016130496529843,3.627675539022582,5.332161483394007
5103,77386,85.2152398743589,2026-01-26,8.52141051223917,14.884655444239485,10.604444393357166,6.324319117772958,9.158061597300573
5104,77386,62.10040368558202,2026-02-02,0.0,11.559485007198894,4.940322285460232,-1.678762247659436,1.647037545157581
5105,77386,67.6569186158437,2026-02-09,4.021471200894554,22.34031624980179,14.478211656062026,6.616205947225819,10.85075825647489
5106,77386,78.93047181150445,2026-02-16,4.545398129665077,24.66915445011169,18.946712011306857,13.224145375055809,16.38052335095288
5107,77386,68.86554133744094,2026-02-23,0.0,24.617118811035525,18.95754997324682,13.297929232244924,15.32889851843616
5108,77386,65.14137826810568,2026-03-02,0.0,25.20872948810181,18.236190566712676,11.263779604080632,14.131940248394338
5109,77386,78.04426435612409,2026-03-09,8.818537380101164,27.210969443992415,23.52222368251108,19.833560180123243,20.61265825957321
5110,77386,70.05267909176659,2026-03-16,3.197662261351302,26.308408182358882,19.46954332475408,12.630637701844,15.868515273908496
5111,77386,58.782914010401996,2026-03-23,0.0,23.75371312356105,16.582544429511557,9.411286206704402,12.08374929364621
5112,77386,68.90879548907236,2026-03-30,0.0,27.93959489381351,21.86684516183469,15.794102185766757,17.896304985589918
5113,77386,74.4915233825793,2026-04-06,4.307378537293861,26.868239824156678,22.85419556716239,18.84000855838463,19.557291004305018
5114,77386,71.05435924038561,2026-04-13,11.462226430532779,25.880419459545145,21.038093811194297,16.195914511411868,17.456693177136692
5115,77386,74.38464151103858,2026-04-20,2.020758656425463,27.690601694573054,22.75700039181021,17.823457441380828,19.463965266865358
5116,77386,79.32706044889834,2026-04-27,3.973939411368747,26.916109906652448,23.462817013900672,20.00963147858235,20.735225128815983
5117,77386,74.37170972172449,2026-05-04,15.145451933759004,27.374726435474905,22.495190819965575,17.615557365407458,19.139138823631512
5118,77386,80.82386405250666,2026-05-11,5.406632810019069,28.53255327608041,23.730692654956528,18.9287294503207,21.210477483363533
5119,77386,70.55628384516892,2026-05-18,0.032449913416606,30.291937324296512,25.640362714695254,20.988779485787042,21.603347469576047
5120,77386,80.58261560090959,2026-05-25,10.563726860556796,29.3897100828106,25.00038937709073,20.611018770548426,22.397821881272755
5121,77386,76.19190398725843,2026-06-01,3.398804325250053,30.907689988171416,26.134017041352003,21.360424288333743,22.830020361162006
5122,77386,81.31254636992568,2026-06-08,9.699328348514742,30.584129370277502,27.038375680723554,23.492637600987155,24.454410579280253
5123,77386,76.8351679832856,2026-06-15,3.139517519507504,32.959283348954095,28.962132711691456,24.964884800742244,25.660603220290923
5124,77386,84.51216842933236,2026-06-22,17.223626476565453,31.076270588962704,27.625362319362413,24.17423925030654,25.473441513394746
5125,77386,69.93472831721618,2026-06-29,0.0,34.44703347709073,29.965486739309515,25.483859359716035,25.55177254216518
5134,77388,67.86941698207757,2026-01-05,0.0,22.94532516009373,15.255014786878265,7.564714325765594,11.650094823105574
5135,77388,75.45684211453242,2026-01-12,3.940886517376983,23.726699754731637,18.260271795133505,12.793793603571665,15.472184502395134
5136,77388,50.217675985948155,2026-01-19,0.414673167639741,16.825973429820746,10.335842938094332,3.845710862796774,5.467157687349539
5137,77388,84.03461207026646,2026-01-26,8.569571736814845,14.947696849687148,10.713342956283578,6.478932290244303,9.133568884060661
5138,77388,59.65141226554837,2026-02-02,0.0,11.844399496244677,5.214947825333496,-1.414576935347297,1.702252777904336
5139,77388,65.62726079798244,2026-02-09,3.655517496215672,22.859477355534036,14.814422571867038,6.769384056631899,10.927414520378303
5140,77388,77.27133916266561,2026-02-16,4.299498706075651,25.028739938194757,19.11276657256822,13.196753640781651,16.337970424628587
5141,77388,67.3523007884921,2026-02-23,0.0,24.924067597355275,19.08826140458909,13.252384337934906,15.263000780862189
5142,77388,63.151929038005996,2026-03-02,0.0,25.75453399245834,18.522632947052703,11.290714481681048,14.1423257085033
5143,77388,75.751005745265,2026-03-09,5.762399863281859,27.725896894117238,23.82356726358611,19.921125320457914,20.57765069624712
5144,77388,68.4785495352173,2026-03-16,3.614325101825152,26.77579397401035,19.61537349578567,12.454933490232746,15.80744906426897
5145,77388,56.83622326761206,2026-03-23,0.0,24.340910878977645,16.935293641741033,9.529583030776601,12.16513394709019
5146,77388,66.44948585816354,2026-03-30,0.0,28.517973914729822,22.277569992307523,16.037154962890025,17.94810331460168
5147,77388,72.7377029341262,2026-04-06,4.364106391091859,27.227193487353123,23.093147371461527,18.959031068407718,19.545375735708255
5148,77388,70.59601130938954,2026-04-13,9.766608975911463,26.197114973130393,21.109905109694758,16.022679160207275,17.46060883150859
5149,77388,73.20562650964015,2026-04-20,1.986347261747807,28.0846680098088,22.98732433512398,17.889968043753953,19.51859471441924
5150,77388,78.16270205503653,2026-04-27,4.503077764539833,27.311535135045784,23.695723285260367,20.079919386436206,20.783096623528436
5151,77388,73.79352291255623,2026-05-04,14.714284323309858,27.638087826199374,22.583553270923993,17.528975188468827,19.132570479131882
5152,77388,79.14169942276472,2026-05-11,2.881347903057423,29.018630353239416,23.955674837349793,18.892704662278586,21.201934261504537
5153,77388,68.79941161687744,2026-05-18,0.023474717876609,30.89545492616298,25.943129578492254,20.990766614899787,21.634636640940883
5154,77388,78.75416111683644,2026-05-25,11.383277060255619,29.97952602159198,25.24358090761942,20.507548062453566,22.378141846709156
5155,77388,75.02148512189777,2026-06-01,3.611609287806403,31.406998212488016,26.286301640514804,21.16559276195652,22.801591184760472
5156,77388,79.8764430422329,2026-06-08,14.48411837878668,31.32389279503224,27.272007517344665,23.22009768428967,24.472090717542994
5157,77388,75.17811485652358,2026-06-15,1.16874080304337,33.626880632123566,29.260641076829085,24.894423205782758,25.69479249459561
5158,77388,83.40347337146935,2026-06-22,19.249549818104782,31.650266800209348,27.78232700603322,23.914310826497196,25.465188536471068
5159,77388,69.00554755445496,2026-06-29,0.0,34.99380208050056,30.135281813000855,25.276714224371737,25.564293169709405
5168,77389,69.00500530013943,2026-01-05,0.0,22.779715813325495,14.759340686575422,6.738940801165215,11.31650539414807
5169,77389,76.392275111071,2026-01-12,2.828258237037733,23.696328542960238,17.944354540349494,12.192385559918247,15.281606768679456
5170,77389,51.212514071635574,2026-01-19,0.404952725891292,16.71645909217332,9.921695717586921,3.126896482456509,5.199967210844658
5171,77389,84.87008234456891,2026-01-26,7.821291226417678,14.86918342869252,10.35265185513175,5.836158025008919,8.867424634740772
5172,77389,60.76205129113308,2026-02-02,0.0,11.7400732327187,4.679847925815437,-2.380373686127858,1.300116310087267
5173,77389,67.30333729477019,2026-02-09,3.76899764022196,22.814588370577724,14.181982117020636,5.549288202332603,10.532729441873457
5174,77389,77.8118707521304,2026-02-16,5.548318136263521,25.0297001037123,18.74889194888636,12.46806353093743,16.05048723098578
5175,77389,68.60756986328578,2026-02-23,0.0,24.856283176096646,18.487885627989343,12.119465068910603,14.873096879648507
5176,77389,63.65235193159077,2026-03-02,0.0,25.8931638142489,18.0539446848933,10.214705840905488,13.778165871305342
5177,77389,75.6297897482786,2026-03-09,5.032812328027674,27.77930021715799,23.603178607363446,19.426991606389993,20.342017748646278
5178,77389,68.59146632654836,2026-03-16,3.47756676723525,26.83478874628436,19.363105319814544,11.891406176088687,15.584118917030548
5179,77389,57.0815393879971,2026-03-23,0.0,24.44587281093522,16.631085334671752,8.81632222433754,11.921813244092668
5180,77389,66.49915804621548,2026-03-30,0.0,28.65880638930593,22.00737919994488,15.355947305457143,17.7069563059979
5181,77389,73.3038408043592,2026-04-06,4.913469539396411,27.111831106775895,22.77370669359228,18.435542687551443,19.31672060595809
5182,77389,71.11933322081248,2026-04-13,7.277572125611488,26.043061012347085,20.806149976612495,15.5691895463304,17.249657045962408
5183,77389,73.5353442929139,2026-04-20,1.849617670320927,28.03047122966123,22.771889734428648,17.513321674243823,19.361513782226176
5184,77389,78.43739896811877,2026-04-27,4.436944355425536,27.195135749054796,23.494879188895755,19.79463944281768,20.625704982855098
5185,77389,74.59500766287911,2026-05-04,12.98122693882018,27.435096364045428,22.27662466927285,17.118150408815836,18.94272002457531
5186,77389,79.53305112435825,2026-05-11,2.57249833671891,29.003059292653884,23.68864422444118,18.374173140684398,20.999357890198734
5187,77389,69.60707759916795,2026-05-18,0.055925840999478,30.820890079362847,25.60290307139571,20.38483571039177,21.43656452918089
5188,77389,78.82391724253314,2026-05-25,7.692418026956591,30.020503401237235,25.090774888101727,20.16100243532111,22.238619948951328
5189,77389,75.66185313080682,2026-06-01,3.642458931647721,31.3395588705943,26.030405126812607,20.721226032764072,22.648023332703353
5190,77389,80.06349050408033,2026-06-08,11.389787587564168,31.263003197672443,27.151961468819618,23.040886756225582,24.384272635786893
5191,77389,74.87709289196138,2026-06-15,0.904170688640905,33.81965535354238,29.235546438836764,24.651403717363838,25.625079703715514
5192,77389,83.48538037128438,2026-06-22,24.851009381350284,31.588865560321192,27.666040597448976,23.743159751739814,25.364630028173302
5193,77389,68.88888121077011,2026-06-29,0.0,35.051110304191965,30.075742407918106,25.100407424633392,25.489563123330797
5202,77327,71.52276493633087,2026-01-05,0.0,22.317555233432568,14.410983139393714,6.504311878803435,11.265971121572923
5203,77327,79.2787438995488,2026-01-12,3.989319399986248,23.060524796821454,17.499785611721588,11.939377456703731,15.198554004232935
5204,77327,53.258876781827105,2026-01-19,0.34997038075704,16.295833475003604,9.126291663232049,1.956820826241406,4.702676995633132
5205,77327,86.53861786261484,2026-01-26,7.064056043332695,14.503599059702534,9.951736227296193,5.399994962583092,8.651567572199063
5206,77327,64.74531242656559,2026-02-02,0.0,11.369235954667191,4.011392558931586,-3.346404523744435,0.99832702798752
5207,77327,70.440054654719,2026-02-09,2.440367886632124,22.014032117332967,13.683705437175188,5.353483006853757,10.404955092294301
5208,77327,81.75626931994273,2026-02-16,4.449207750939546,24.5799823767284,18.285595586307103,11.991313250496287,16.084340734602772
5209,77327,71.75550981118485,2026-02-23,0.0,24.36049771289612,18.2619463996714,12.16343449150343,15.040065825668814
5210,77327,66.85258680052858,2026-03-02,0.0,24.95885814517888,17.576400299670574,10.193848801988104,13.725868200852805
5211,77327,80.7979892797488,2026-03-09,9.516806852923523,26.74851861877659,22.860597091040823,18.97293703314847,20.35793366884255
5212,77327,71.91417758356641,2026-03-16,3.119335355528242,26.05524769618561,19.173909883853703,12.29263131136375,15.820269173488292
5213,77327,61.1520777061904,2026-03-23,0.0,23.669986537729123,16.008168799200988,8.346705294826181,11.8401946665714
5214,77327,70.19887824493522,2026-03-30,0.0,28.065881459736058,21.405235502522554,14.744656840696805,17.637387114597537
5215,77327,78.39291065708048,2026-04-06,6.899139999755763,26.388445890489322,22.093159627795135,17.797848596525466,19.345039815883435
5216,77327,72.14832282043925,2026-04-13,9.41874864385035,25.982068251057733,20.591409081373214,15.200995488421338,17.182419646437914
5217,77327,77.38625506534703,2026-04-20,2.787991601664626,27.4275883105613,21.955991550295984,16.484543053696555,19.10076379664896
5218,77327,82.25741610194791,2026-04-27,6.307675820581355,26.749680559987304,22.698041752511404,18.646302473894554,20.39640360908873
5219,77327,76.30862805314794,2026-05-04,13.660356342727868,27.280991307404328,21.988452772207463,16.69571446496328,18.927747049358487
5220,77327,83.76135483642067,2026-05-11,4.986820102537023,28.431705785346274,23.229267214539743,18.026835112803752,21.11173172646231
5221,77327,74.11648028261524,2026-05-18,0.151839670780748,30.103858218459802,24.90093693363305,19.69811295435253,21.410593171673966
5222,77327,83.45385337685565,2026-05-25,12.00387056938677,29.160216226696075,24.42989401219498,19.699557466840464,22.241495318328475
5223,77327,77.94162942549582,2026-06-01,3.563140137618295,31.243925729978912,25.835652572749677,20.427508039099934,22.79617326125548
5224,77327,82.73470620156552,2026-06-08,9.567995034667451,30.72086975073771,26.691390703169183,22.662053845168288,24.32406234019318
5225,77327,79.14460743445125,2026-06-15,6.278052223037797,32.93179646511038,28.447040590309225,23.962096140896126,25.509397783181097
5226,77327,87.61749467541557,2026-06-22,21.484839361121338,30.626963550570128,26.986977952468123,23.34709188007865,25.29290763090713
5227,77327,73.30520549865321,2026-06-29,0.0,34.27493869715192,29.381287181772827,24.487710220832902,25.522847414490183
5236,77357,71.52188091068152,2026-01-05,0.0,22.32502582612613,14.439258169218064,6.553401651529633,11.29140905526022
5237,77357,79.10933674642007,2026-01-12,4.280726413225105,23.11859123761583,17.545745426031846,11.972830010804447,15.224360677405123
5238,77357,53.353315496145335,2026-01-19,0.340289977052833,16.305590751909993,9.164441912806808,2.023243274413939,4.74397032190869
5239,77357,86.57469377943531,2026-01-26,7.144209700051419,14.552976919212865,9.988578735857976,5.42412620455986,8.691816462012381
5240,77357,64.67860348345697,2026-02-02,0.0,11.387685684396647,4.070360422333951,-3.246883297306093,1.048493859614954
5241,77357,70.46382260698273,2026-02-09,2.392031236742597,22.04938654023852,13.709476126798172,5.369621765469462,10.432098883228363
5242,77357,81.62455213694861,2026-02-16,4.508937307374906,24.590485491873384,18.307526521613493,12.02458500035094,16.08996477004987
5243,77357,71.57815011538362,2026-02-23,0.0,24.37360457975037,18.27851178957136,12.18341232032196,15.033184443824636
5244,77357,66.75683583622482,2026-03-02,0.0,24.96690512091508,17.58822554421206,10.209513847744978,13.724399898941694
5245,77357,80.31286240238558,2026-03-09,8.98593673776255,26.782505839030932,22.875780934044354,18.968927416813976,20.307669458607773
5246,77357,71.62220767260928,2026-03-16,2.955892032559852,26.111980410487455,19.15321478505112,12.194575398770308,15.765004000811315
5247,77357,61.00427024877405,2026-03-23,0.0,23.68539769597768,15.967903714149296,8.250400998276183,11.784596550009839
5248,77357,69.97806108048316,2026-03-30,0.0,28.092662658774884,21.399301951580867,14.705853985722602,17.60328904139306
5249,77357,78.02859395082042,2026-04-06,5.140085426012591,26.46838357195445,22.1285593556562,17.7886457118825,19.332344361232835
5250,77357,72.20915713496743,2026-04-13,9.621816530721013,26.059490427194667,20.612490172152754,15.165399557481315,17.208917316660198
5251,77357,77.2639386513943,2026-04-20,2.534689537228244,27.498453555392672,21.995276105108722,16.492213028797103,19.123210734025456
5252,77357,82.04418691172172,2026-04-27,6.317373695165957,26.851568109080315,22.75903180992102,18.666406800946085,20.424876145051144
5253,77357,76.25693479969294,2026-05-04,14.067188525001114,27.280242898629346,21.964743621301988,16.649335555934893,18.894122637242965
5254,77357,83.28634878194222,2026-05-11,5.166013193590362,28.475726681100994,23.21334994907716,17.95087436866591,21.034197310350226
5255,77357,73.6565346492101,2026-05-18,0.044327456117712,30.15968094101666,24.932883565044893,19.706098166594195,21.375963482688594
5256,77357,82.98087784838347,2026-05-25,10.48507004687932,29.205441136327302,24.449327526473,19.693103415090267,22.19593817694077
5257,77357,77.57692679966596,2026-06-01,3.661316226281287,31.282799672755537,25.855701105568443,20.428766505520233,22.76512896249509
5258,77357,82.76178530374037,2026-06-08,10.159646922446784,30.756637323448192,26.70216317756265,22.64767609313666,24.33875224316918
5259,77357,79.15326257698072,2026-06-15,6.264623700093905,32.98177751474315,28.468986935125002,23.956182753310017,25.53173935645212
5260,77357,87.53932305557679,2026-06-22,20.082368626483557,30.709540115523527,27.03100636286603,23.352400985096413,25.324370997980992
5261,77357,73.03464280307865,2026-06-29,0.0,34.34427208375854,29.42557968129663,24.5068146205806,25.5234008483728
